,GAUL,Year,NDVI
0,1,2001,0.13050858208703642
1,1,2002,0.13520605132015975
2,1,2003,0.13433421158596018
3,1,2004,0.13220600850252928
4,1,2005,0.1372831668018176
5,1,2006,0.12932513093736042
6,1,2007,0.1399099001075145
7,1,2008,0.12089364899252013
8,1,2009,0.15188810266254593
9,1,2010,0.14821212815349788
10,1,2011,0.12630023470115567
11,1,2012,0.1333787095875393
12,1,2013,0.13687451552219715
13,1,2014,
14,1,2015,
15,1,2016,
16,1,2017,
17,1,2018,
18,1,2019,
19,1,2020,
20,3,2001,0.5647169023565607
21,3,2002,0.5469718147303647
22,3,2003,0.5601111226965949
23,3,2004,0.5657671228888114
24,3,2005,0.5569077395667474
25,3,2006,0.5676116809333153
26,3,2007,0.5641840510300175
27,3,2008,0.5627995421082028
28,3,2009,0.5543749187288559
29,3,2010,0.568052753274002
30,3,2011,0.5946239620333363
31,3,2012,0.5585504832244162
32,3,2013,0.5820552638338968
33,3,2014,
34,3,2015,
35,3,2016,
36,3,2017,
37,3,2018,
38,3,2019,
39,3,2020,
40,4,2001,0.11812564350509629
41,4,2002,0.11351200819670908
42,4,2003,0.11349381802225232
43,4,2004,0.11764688417413038
44,4,2005,0.11337101398030018
45,4,2006,0.11438673676707316
46,4,2007,0.11676321327781987
47,4,2008,0.11348797821409856
48,4,2009,0.1259335436863611
49,4,2010,0.12014245066143427
50,4,2011,0.12210505871059063
51,4,2012,0.12688007082579555
52,4,2013,0.12518622731732695
53,4,2014,
54,4,2015,
55,4,2016,
56,4,2017,
57,4,2018,
58,4,2019,
59,4,2020,
60,8,2001,0.5804302543821507
61,8,2002,0.5841826625705949
62,8,2003,0.5824229273741185
63,8,2004,0.5735448672600083
64,8,2005,0.5654819496712651
65,8,2006,0.5851739326766379
66,8,2007,0.5665229052173806
67,8,2008,0.5853194023364915
68,8,2009,0.592105060580275
69,8,2010,0.5906342588402697
70,8,2011,0.5928434210561172
71,8,2012,0.5737220496417219
72,8,2013,0.57439549452936
73,8,2014,
74,8,2015,
75,8,2016,
76,8,2017,
77,8,2018,
78,8,2019,
79,8,2020,
80,12,2001,0.4520127883485466
81,12,2002,0.44200710482397926
82,12,2003,0.4348254720350932
83,12,2004,0.4384589113283604
84,12,2005,0.4286174882436867
85,12,2006,0.4322243800877405
86,12,2007,0.4304995873596398
87,12,2008,0.41411292249059467
88,12,2009,0.4005223855479172
89,12,2010,0.43437789876036215
90,12,2011,0.43151099255938447
91,12,2012,0.43870774501622306
92,12,2013,0.42943958378794145
93,12,2014,
94,12,2015,
95,12,2016,
96,12,2017,
97,12,2018,
98,12,2019,
99,12,2020,
100,13,2001,0.37459845445467965
101,13,2002,0.38699401623188984
102,13,2003,0.35725868835519875
103,13,2004,0.37144462613450185
104,13,2005,0.3739626497720077
105,13,2006,0.3709988650220832
106,13,2007,0.36926202577807593
107,13,2008,0.3714413924168794
108,13,2009,0.3793177596766794
109,13,2010,0.41034745112629417
110,13,2011,0.37177151848239737
111,13,2012,0.3713176646641006
112,13,2013,0.3846464661611826
113,13,2014,
114,13,2015,
115,13,2016,
116,13,2017,
117,13,2018,
118,13,2019,
119,13,2020,
120,17,2001,0.3788469599253815
121,17,2002,0.35601466931960696
122,17,2003,0.3587403398958353
123,17,2004,0.3655888694188912
124,17,2005,0.34734707555640637
125,17,2006,0.36072277294633165
126,17,2007,0.3571249225106421
127,17,2008,0.3574478609597354
128,17,2009,0.36013503882038345
129,17,2010,0.38873129366738635
130,17,2011,0.42330429581077555
131,17,2012,0.38499023284384354
132,17,2013,0.3596262594480635
133,17,2014,
134,17,2015,
135,17,2016,
136,17,2017,
137,17,2018,
138,17,2019,
139,17,2020,
140,18,2001,0.5991252156980914
141,18,2002,0.5952527428786084
142,18,2003,0.5727056683065429
143,18,2004,0.571934640321521
144,18,2005,0.589166458843735
145,18,2006,0.5859526899602068
146,18,2007,0.614533847324461
147,18,2008,0.6038853494887509
148,18,2009,0.5913069202283885
149,18,2010,0.5749223943856732
150,18,2011,0.6452615839629225
151,18,2012,0.599256472153487
152,18,2013,0.5814401523000295
153,18,2014,
154,18,2015,
155,18,2016,
156,18,2017,
157,18,2018,
158,18,2019,
159,18,2020,
160,19,2001,-0.24857466602463515
161,19,2002,-0.24994733427555585
162,19,2003,-0.26190086683480907
163,19,2004,-0.24489670585460743
164,19,2005,-0.25492180935110825
165,19,2006,-0.2463339500981864
166,19,2007,-0.25522922337332504
167,19,2008,-0.25605601718434917
168,19,2009,-0.2474315368700816
169,19,2010,-0.23344764785708091
170,19,2011,-0.2584462305833688
171,19,2012,-0.2567093425352205
172,19,2013,-0.24125815872156334
173,19,2014,
174,19,2015,
175,19,2016,
176,19,2017,
177,19,2018,
178,19,2019,
179,19,2020,
180,23,2001,0.5292831153043043
181,23,2002,0.5286259125150989
182,23,2003,0.5250578557891198
183,23,2004,0.5147973085886605
184,23,2005,0.5373676039972869
185,23,2006,0.5367615942910903
186,23,2007,0.525121417176133
187,23,2008,0.5287352508777025
188,23,2009,0.5312352490130338
189,23,2010,0.5374295181028715
190,23,2011,0.5526221781850266
191,23,2012,0.5423133100759626
192,23,2013,0.5500191675424515
193,23,2014,
194,23,2015,
195,23,2016,
196,23,2017,
197,23,2018,
198,23,2019,
199,23,2020,
200,24,2001,0.3712947400603192
201,24,2002,0.3813727746658884
202,24,2003,0.3764273894451216
203,24,2004,0.3875448947865178
204,24,2005,0.4022456099638545
205,24,2006,0.3771660099531496
206,24,2007,0.3894425316964334
207,24,2008,0.3877871849859771
208,24,2009,0.3859556374147793
209,24,2010,0.4193284108313066
210,24,2011,0.428814803545158
211,24,2012,0.4288461874985467
212,24,2013,0.4238529276445692
213,24,2014,
214,24,2015,
215,24,2016,
216,24,2017,
217,24,2018,
218,24,2019,
219,24,2020,
220,26,2001,0.5425327661156364
221,26,2002,0.5594995952536127
222,26,2003,0.5122170540222616
223,26,2004,0.5252437620296194
224,26,2005,0.5259590894207651
225,26,2006,0.521488939330136
226,26,2007,0.5386170871961403
227,26,2008,0.5514702930038712
228,26,2009,0.5165324333512683
229,26,2010,0.5237732807442718
230,26,2011,0.548317544887792
231,26,2012,0.5452689107056932
232,26,2013,0.5029193900353002
233,26,2014,
234,26,2015,
235,26,2016,
236,26,2017,
237,26,2018,
238,26,2019,
239,26,2020,
240,27,2001,0.6513933495848034
241,27,2002,0.6685652623370298
242,27,2003,0.6610512371941587
243,27,2004,0.6624151906622733
244,27,2005,0.6834014856487419
245,27,2006,0.6480886871608503
246,27,2007,0.6865953409785271
247,27,2008,0.6508397888665113
248,27,2009,0.6454135582161334
249,27,2010,0.601616486714907
250,27,2011,0.6853553245780836
251,27,2012,0.6712206676033791
252,27,2013,0.6358638053825302
253,27,2014,
254,27,2015,
255,27,2016,
256,27,2017,
257,27,2018,
258,27,2019,
259,27,2020,
260,28,2001,0.5802686822181099
261,28,2002,0.5826767839519189
262,28,2003,0.5865331548249579
263,28,2004,0.5934338966374789
264,28,2005,0.5842263708893198
265,28,2006,0.5805205383264577
266,28,2007,0.5919822311966847
267,28,2008,0.5755726030150892
268,28,2009,0.5962686837348833
269,28,2010,0.6089597817717932
270,28,2011,0.5719999556831109
271,28,2012,0.5863050543150453
272,28,2013,0.5659116446492894
273,28,2014,
274,28,2015,
275,28,2016,
276,28,2017,
277,28,2018,
278,28,2019,
279,28,2020,
280,29,2001,0.5151992502032773
281,29,2002,0.5316977665176609
282,29,2003,0.5316260418776391
283,29,2004,0.5189783817459142
284,29,2005,0.507387712478763
285,29,2006,0.5243362299306835
286,29,2007,0.5190449982183752
287,29,2008,0.5205794346386067
288,29,2009,0.5257203943086456
289,29,2010,0.5320925462032605
290,29,2011,0.5302651713492742
291,29,2012,0.5245025676644653
292,29,2013,0.519387031364582
293,29,2014,
294,29,2015,
295,29,2016,
296,29,2017,
297,29,2018,
298,29,2019,
299,29,2020,
300,33,2001,0.6095230024094972
301,33,2002,0.5969347701630716
302,33,2003,0.6142972354394879
303,33,2004,0.5932830963213683
304,33,2005,0.60134725594942
305,33,2006,0.6033731334704391
306,33,2007,0.595262242618355
307,33,2008,0.606781111285163
308,33,2009,0.6147626147860613
309,33,2010,0.5916641730771974
310,33,2011,0.6133050964437952
311,33,2012,0.6218958382849574
312,33,2013,0.6240450499315444
313,33,2014,
314,33,2015,
315,33,2016,
316,33,2017,
317,33,2018,
318,33,2019,
319,33,2020,
320,34,2001,0.6437885422398307
321,34,2002,0.6229884904265717
322,34,2003,0.6092295385994922
323,34,2004,0.6137476724201835
324,34,2005,0.6158275045344558
325,34,2006,0.6281359242818163
326,34,2007,0.6511076187672292
327,34,2008,0.642725962376211
328,34,2009,0.6187712573766219
329,34,2010,0.6256002291221655
330,34,2011,0.6626139319153892
331,34,2012,0.6205029747823397
332,34,2013,0.6364631696016918
333,34,2014,
334,34,2015,
335,34,2016,
336,34,2017,
337,34,2018,
338,34,2019,
339,34,2020,
340,35,2001,0.355428768930049
341,35,2002,0.30336782924263916
342,35,2003,0.2931454039852547
343,35,2004,0.3241227242963934
344,35,2005,0.3015929214085669
345,35,2006,0.3545750950973925
346,35,2007,0.3128230007091462
347,35,2008,0.3350490608322068
348,35,2009,0.33424413878817855
349,35,2010,0.34542221084447294
350,35,2011,0.3438936666774273
351,35,2012,0.3168638010253168
352,35,2013,0.29995714267281975
353,35,2014,
354,35,2015,
355,35,2016,
356,35,2017,
357,35,2018,
358,35,2019,
359,35,2020,
360,37,2001,0.6941429190309188
361,37,2002,0.6925079475914249
362,37,2003,0.6915762466478502
363,37,2004,0.6842323994480735
364,37,2005,0.6867738033550449
365,37,2006,0.6927622699643984
366,37,2007,0.678459425235557
367,37,2008,0.6890435183797856
368,37,2009,0.7062471014829598
369,37,2010,0.6959797438302232
370,37,2011,0.7109472750405131
371,37,2012,0.684950870696457
372,37,2013,0.6948160518420945
373,37,2014,
374,37,2015,
375,37,2016,
376,37,2017,
377,37,2018,
378,37,2019,
379,37,2020,
380,40,2001,0.7922974557841972
381,40,2002,0.8037715336316911
382,40,2003,0.7929585845141561
383,40,2004,0.7915577710420273
384,40,2005,0.7926706897897556
385,40,2006,0.7909817106154563
386,40,2007,0.7982118195336819
387,40,2008,0.8156876323478824
388,40,2009,0.8212251331977874
389,40,2010,0.8277936031754635
390,40,2011,0.7925693015138601
391,40,2012,0.8231560591631348
392,40,2013,0.7965200685179846
393,40,2014,
394,40,2015,
395,40,2016,
396,40,2017,
397,40,2018,
398,40,2019,
399,40,2020,
400,41,2001,0.5736157583041673
401,41,2002,0.5574617161500918
402,41,2003,0.5585101707723439
403,41,2004,0.5854560292640221
404,41,2005,0.5775975996079706
405,41,2006,0.5726474941731804
406,41,2007,0.6010419540246191
407,41,2008,0.5839520713156315
408,41,2009,0.589083236858038
409,41,2010,0.5967480060174065
410,41,2011,0.600089719943475
411,41,2012,0.5415963254139505
412,41,2013,0.5965334510867957
413,41,2014,
414,41,2015,
415,41,2016,
416,41,2017,
417,41,2018,
418,41,2019,
419,41,2020,
420,42,2001,0.3910338132915285
421,42,2002,0.3800487741678353
422,42,2003,0.39163554177000676
423,42,2004,0.3761802520229347
424,42,2005,0.36593482141955364
425,42,2006,0.37706255813476935
426,42,2007,0.37325155870205534
427,42,2008,0.3845830698171702
428,42,2009,0.3831722341181269
429,42,2010,0.38849894227328385
430,42,2011,0.376018553751648
431,42,2012,0.3851630427618253
432,42,2013,0.3892624132206266
433,42,2014,
434,42,2015,
435,42,2016,
436,42,2017,
437,42,2018,
438,42,2019,
439,42,2020,
440,47,2001,-0.6478531563950899
441,47,2002,-0.6497677464545196
442,47,2003,-0.6539917265264097
443,47,2004,-0.657234406701471
444,47,2005,-0.6610946637410399
445,47,2006,-0.6598489235272377
446,47,2007,-0.6618603469256199
447,47,2008,-0.6563236642804425
448,47,2009,-0.6535227008251624
449,47,2010,-0.6441480393402408
450,47,2011,-0.6424322435037951
451,47,2012,-0.6459572169713063
452,47,2013,-0.6442074692619696
453,47,2014,
454,47,2015,
455,47,2016,
456,47,2017,
457,47,2018,
458,47,2019,
459,47,2020,
460,44,2001,0.658060922254474
461,44,2002,0.6446467671869779
462,44,2003,0.657833474251195
463,44,2004,0.6449725989974548
464,44,2005,0.6217358128683529
465,44,2006,0.658250457758697
466,44,2007,0.6547745664688812
467,44,2008,0.655767903329722
468,44,2009,0.6661206399796299
469,44,2010,0.6499910446010175
470,44,2011,0.6478847403984923
471,44,2012,0.6559199395421144
472,44,2013,0.6418882705547906
473,44,2014,
474,44,2015,
475,44,2016,
476,44,2017,
477,44,2018,
478,44,2019,
479,44,2020,
480,45,2001,0.6178355192643332
481,45,2002,0.6304195936425964
482,45,2003,0.6200405175769125
483,45,2004,0.5990230969609083
484,45,2005,0.6197503898029117
485,45,2006,0.6298449234440354
486,45,2007,0.6227407476010588
487,45,2008,0.6246073629113901
488,45,2009,0.640445814425752
489,45,2010,0.628482343621668
490,45,2011,0.6311517752836531
491,45,2012,0.6194525052844285
492,45,2013,0.6329952902975583
493,45,2014,
494,45,2015,
495,45,2016,
496,45,2017,
497,45,2018,
498,45,2019,
499,45,2020,
500,49,2001,0.6884178979971417
501,49,2002,0.6868354765725231
502,49,2003,0.6775978393484214
503,49,2004,0.6656600542234078
504,49,2005,0.6724830178743577
505,49,2006,0.6866593753082739
506,49,2007,0.6815702544188652
507,49,2008,0.6815886642672156
508,49,2009,0.6865542896353644
509,49,2010,0.6749011320724033
510,49,2011,0.6827958062220106
511,49,2012,0.6755368417577975
512,49,2013,0.6892729921104457
513,49,2014,
514,49,2015,
515,49,2016,
516,49,2017,
517,49,2018,
518,49,2019,
519,49,2020,
520,50,2001,0.2329319866821428
521,50,2002,0.22785626094349132
522,50,2003,0.2254254634931896
523,50,2004,0.2184797895373647
524,50,2005,0.21736733748421574
525,50,2006,0.22058941553366992
526,50,2007,0.2216803951668992
527,50,2008,0.2236611927932202
528,50,2009,0.21834194745100044
529,50,2010,0.2271074827363221
530,50,2011,0.2286288216054099
531,50,2012,0.2357223145696411
532,50,2013,0.23167088395263813
533,50,2014,
534,50,2015,
535,50,2016,
536,50,2017,
537,50,2018,
538,50,2019,
539,50,2020,
540,33364,2001,0.4081567478826651
541,33364,2002,0.40205605053897137
542,33364,2003,0.41466070579633874
543,33364,2004,0.405111792221543
544,33364,2005,0.3866836729459833
545,33364,2006,0.40588213572000525
546,33364,2007,0.4090660053404478
547,33364,2008,0.41408358003242557
548,33364,2009,0.4032511627478034
549,33364,2010,0.4259835879782465
550,33364,2011,0.43689415777920876
551,33364,2012,0.38880597666926064
552,33364,2013,0.43860263945735706
553,33364,2014,
554,33364,2015,
555,33364,2016,
556,33364,2017,
557,33364,2018,
558,33364,2019,
559,33364,2020,
560,149,2001,0.402729169310381
561,149,2002,0.3736249983000259
562,149,2003,0.3839375013485551
563,149,2004,0.3788750000918905
564,149,2005,0.3725416650995612
565,149,2006,0.3886041669175029
566,149,2007,0.39962499619772035
567,149,2008,0.3864791650945942
568,149,2009,0.3589791685032348
569,149,2010,0.36333333142101765
570,149,2011,0.2933541665940235
571,149,2012,0.2629583324305713
572,149,2013,0.30225000289889675
573,149,2014,
574,149,2015,
575,149,2016,
576,149,2017,
577,149,2018,
578,149,2019,
579,149,2020,
580,57,2001,0.6635387937306544
581,57,2002,0.6709845343360655
582,57,2003,0.6504688636016275
583,57,2004,0.6599455658332878
584,57,2005,0.6610303532792767
585,57,2006,0.6713977333043962
586,57,2007,0.6549934434059798
587,57,2008,0.6646507750493365
588,57,2009,0.6729653573835449
589,57,2010,0.6560079501319652
590,57,2011,0.6849894638881224
591,57,2012,0.6673612539568671
592,57,2013,0.664255973738186
593,57,2014,
594,57,2015,
595,57,2016,
596,57,2017,
597,57,2018,
598,57,2019,
599,57,2020,
600,59,2001,0.6488816157415592
601,59,2002,0.6515504969340458
602,59,2003,0.6460821835505237
603,59,2004,0.622267809094356
604,59,2005,0.6497052463772228
605,59,2006,0.6563936615717633
606,59,2007,0.6496806814900274
607,59,2008,0.6574439510266447
608,59,2009,0.6600505409401111
609,59,2010,0.6448892295239204
610,59,2011,0.6363171698982629
611,59,2012,0.6376192439530849
612,59,2013,0.6582537322699701
613,59,2014,
614,59,2015,
615,59,2016,
616,59,2017,
617,59,2018,
618,59,2019,
619,59,2020,
620,61,2001,0.6310736753100171
621,61,2002,0.6248939788308273
622,61,2003,0.5927131743004
623,61,2004,0.6194802755800195
624,61,2005,0.6091111255635545
625,61,2006,0.6307250704730708
626,61,2007,0.630035038471135
627,61,2008,0.6285935726782741
628,61,2009,0.6328379730112508
629,61,2010,0.6014201179007808
630,61,2011,0.6084469473544699
631,61,2012,0.6302220653790315
632,61,2013,0.6112890629475839
633,61,2014,
634,61,2015,
635,61,2016,
636,61,2017,
637,61,2018,
638,61,2019,
639,61,2020,
640,66,2001,0.598894654597117
641,66,2002,0.6097791178283481
642,66,2003,0.6137531953061678
643,66,2004,0.5791290432267137
644,66,2005,0.5850766670974634
645,66,2006,0.6244614939981833
646,66,2007,0.5981021469548856
647,66,2008,0.6035155070894564
648,66,2009,0.6071518758948354
649,66,2010,0.6185994258739892
650,66,2011,0.6126550395608725
651,66,2012,0.6126698893168668
652,66,2013,0.6179853877894914
653,66,2014,
654,66,2015,
655,66,2016,
656,66,2017,
657,66,2018,
658,66,2019,
659,66,2020,
660,62,2001,0.6019395767430785
661,62,2002,0.5790725938714051
662,62,2003,0.56811470059472
663,62,2004,0.5857694869463723
664,62,2005,0.5836463995483259
665,62,2006,0.5852256373104047
666,62,2007,0.6081299862700249
667,62,2008,0.5988688582751517
668,62,2009,0.5946506949452911
669,62,2010,0.5992001884237492
670,62,2011,0.6116815760602867
671,62,2012,0.6021218292078715
672,62,2013,0.6032276667141595
673,62,2014,
674,62,2015,
675,62,2016,
676,62,2017,
677,62,2018,
678,62,2019,
679,62,2020,
680,63,2001,0.6546533476525772
681,63,2002,0.6492715638409219
682,63,2003,0.6605886111359266
683,63,2004,0.6284288382773361
684,63,2005,0.6320340171615044
685,63,2006,0.6598746000605722
686,63,2007,0.6695990468822027
687,63,2008,0.676537917413996
688,63,2009,0.6779746965951724
689,63,2010,0.69073151007014
690,63,2011,0.6692088906274983
691,63,2012,0.6697559688249037
692,63,2013,0.673979077827069
693,63,2014,
694,63,2015,
695,63,2016,
696,63,2017,
697,63,2018,
698,63,2019,
699,63,2020,
700,64,2001,0.2988566799330167
701,64,2002,0.314640063127903
702,64,2003,0.31746728188372125
703,64,2004,0.3277651917657414
704,64,2005,0.3224824997166629
705,64,2006,0.3162096978758626
706,64,2007,0.31304946714474813
707,64,2008,0.2744547425261958
708,64,2009,0.3162190198830606
709,64,2010,0.3294355006086029
710,64,2011,0.3341210223025349
711,64,2012,0.37041216220128675
712,64,2013,0.3467619883517397
713,64,2014,
714,64,2015,
715,64,2016,
716,64,2017,
717,64,2018,
718,64,2019,
719,64,2020,
720,65,2001,0.585945205852792
721,65,2002,0.5846127083905724
722,65,2003,0.5497788753533935
723,65,2004,0.5556888219448525
724,65,2005,0.5865751068477613
725,65,2006,0.5764732551602855
726,65,2007,0.6206565005296066
727,65,2008,0.6142334151036833
728,65,2009,0.5921592677870102
729,65,2010,0.5476397467033199
730,65,2011,0.6484928657585085
731,65,2012,0.603410905614655
732,65,2013,0.6084816671317613
733,65,2014,
734,65,2015,
735,65,2016,
736,65,2017,
737,65,2018,
738,65,2019,
739,65,2020,
740,67,2001,0.4976748841937136
741,67,2002,0.5051225356463368
742,67,2003,0.48259354261993703
743,67,2004,0.4883877701430703
744,67,2005,0.4782930339080525
745,67,2006,0.48814478814091083
746,67,2007,0.48529229528484824
747,67,2008,0.5075108890327064
748,67,2009,0.49451191917574283
749,67,2010,0.48500877617303634
750,67,2011,0.5053560538447425
751,67,2012,0.46369073035457625
752,67,2013,0.48229699175484586
753,67,2014,
754,67,2015,
755,67,2016,
756,67,2017,
757,67,2018,
758,67,2019,
759,67,2020,
760,68,2001,0.7107024792262285
761,68,2002,0.7103218487613884
762,68,2003,0.7017573358729597
763,68,2004,0.694973352450225
764,68,2005,0.7066837536143552
765,68,2006,0.7188335137683453
766,68,2007,0.7032204700348167
767,68,2008,0.7055240485857528
768,68,2009,0.7168743679109316
769,68,2010,0.7115473732457991
770,68,2011,0.698981843485635
771,68,2012,0.6785505046369815
772,68,2013,0.6986898073165507
773,68,2014,
774,68,2015,
775,68,2016,
776,68,2017,
777,68,2018,
778,68,2019,
779,68,2020,
780,69,2001,0.5173935595331108
781,69,2002,0.5270143841586697
782,69,2003,0.5115524808932929
783,69,2004,0.534668601191851
784,69,2005,0.5363768440950802
785,69,2006,0.5092479958013004
786,69,2007,0.5503054004039621
787,69,2008,0.5341281926195377
788,69,2009,0.5374065243555219
789,69,2010,0.46977351071843243
790,69,2011,0.5215165512412944
791,69,2012,0.5298232807173107
792,69,2013,0.5228216011972301
793,69,2014,
794,69,2015,
795,69,2016,
796,69,2017,
797,69,2018,
798,69,2019,
799,69,2020,
800,70,2001,0.1092864503589757
801,70,2002,0.10728462063252597
802,70,2003,0.10720971276124049
803,70,2004,0.09802941426007931
804,70,2005,0.10106869266287255
805,70,2006,0.10241476109456708
806,70,2007,0.10304568967468285
807,70,2008,0.09931042350961121
808,70,2009,0.09621159829439245
809,70,2010,0.09500911833157451
810,70,2011,0.09553273250664107
811,70,2012,0.1357924417368934
812,70,2013,0.1270685997778931
813,70,2014,
814,70,2015,
815,70,2016,
816,70,2017,
817,70,2018,
818,70,2019,
819,70,2020,
820,71,2001,0.6294508475148274
821,71,2002,0.6392455550711861
822,71,2003,0.6251679730541073
823,71,2004,0.6257143324373756
824,71,2005,0.6373609022473037
825,71,2006,0.6332454015979958
826,71,2007,0.627406347218694
827,71,2008,0.6317435975300355
828,71,2009,0.6319395555566168
829,71,2010,0.6493964439327311
830,71,2011,0.6138717204055025
831,71,2012,0.6100853325923284
832,71,2013,0.6048948620495697
833,71,2014,
834,71,2015,
835,71,2016,
836,71,2017,
837,71,2018,
838,71,2019,
839,71,2020,
840,72,2001,0.6963915455221263
841,72,2002,0.7034762554169841
842,72,2003,0.6993348898724537
843,72,2004,0.7042843187045342
844,72,2005,0.7048685428138198
845,72,2006,0.7141405249525398
846,72,2007,0.7122735822117066
847,72,2008,0.7212395707707283
848,72,2009,0.7260683157815627
849,72,2010,0.722075452073809
850,72,2011,0.7222608824643338
851,72,2012,0.7297413552915039
852,72,2013,0.7097390631832257
853,72,2014,
854,72,2015,
855,72,2016,
856,72,2017,
857,72,2018,
858,72,2019,
859,72,2020,
860,73,2001,0.5813069457544944
861,73,2002,0.5619750030373559
862,73,2003,0.5531460077689372
863,73,2004,0.5534908189186489
864,73,2005,0.5658491905566321
865,73,2006,0.5883350680199579
866,73,2007,0.5596095855469577
867,73,2008,0.5784624727340828
868,73,2009,0.577345061719979
869,73,2010,0.5791591796266444
870,73,2011,0.6120246180658377
871,73,2012,0.5845676843569938
872,73,2013,0.5682084404449425
873,73,2014,
874,73,2015,
875,73,2016,
876,73,2017,
877,73,2018,
878,73,2019,
879,73,2020,
880,40765,2001,0.11625884427931253
881,40765,2002,0.1147472547703816
882,40765,2003,0.11224146648291304
883,40765,2004,0.1105145323001037
884,40765,2005,0.10871378619197329
885,40765,2006,0.10882198398530579
886,40765,2007,0.10998998092232247
887,40765,2008,0.10970244228405601
888,40765,2009,0.11436196533553085
889,40765,2010,0.11352309301002672
890,40765,2011,0.11810677851337496
891,40765,2012,0.12290773667770045
892,40765,2013,0.121615180297402
893,40765,2014,
894,40765,2015,
895,40765,2016,
896,40765,2017,
897,40765,2018,
898,40765,2019,
899,40765,2020,
900,75,2001,0.6369673350437444
901,75,2002,0.6381206070197406
902,75,2003,0.6409141193334561
903,75,2004,0.643189586785356
904,75,2005,0.6364949189443835
905,75,2006,0.6457588966680571
906,75,2007,0.6370957920519733
907,75,2008,0.6305230523557451
908,75,2009,0.6480212367852748
909,75,2010,0.6325074494012702
910,75,2011,0.6432356592924743
911,75,2012,0.6648129590700488
912,75,2013,0.6271662374087337
913,75,2014,
914,75,2015,
915,75,2016,
916,75,2017,
917,75,2018,
918,75,2019,
919,75,2020,
920,78,2001,0.47945198359743274
921,78,2002,0.4967239634122129
922,78,2003,0.46711447591110744
923,78,2004,0.4857583607307876
924,78,2005,0.48824985997191406
925,78,2006,0.46588057852687936
926,78,2007,0.4855187052095782
927,78,2008,0.477374923967443
928,78,2009,0.47667075595233155
929,78,2010,0.47158542589019836
930,78,2011,0.49322665657314957
931,78,2012,0.47033604010116287
932,78,2013,0.4722216493816078
933,78,2014,
934,78,2015,
935,78,2016,
936,78,2017,
937,78,2018,
938,78,2019,
939,78,2020,
940,235,2001,0.6204378920105339
941,235,2002,0.5997823798279112
942,235,2003,0.590071356039421
943,235,2004,0.6268907823597245
944,235,2005,0.5795619492182865
945,235,2006,0.634878519415056
946,235,2007,0.6044926948860004
947,235,2008,0.5931961632366342
948,235,2009,0.6228271605855181
949,235,2010,0.6164491907840507
950,235,2011,0.6210684127267939
951,235,2012,0.6421672302237074
952,235,2013,0.6356746770017817
953,235,2014,
954,235,2015,
955,235,2016,
956,235,2017,
957,235,2018,
958,235,2019,
959,235,2020,
960,79,2001,0.43925697229812083
961,79,2002,0.42833946902185366
962,79,2003,0.42448989763123723
963,79,2004,0.41932921882806484
964,79,2005,0.42397545114410123
965,79,2006,0.4294129706289118
966,79,2007,0.43137590133635423
967,79,2008,0.4140827141746475
968,79,2009,0.4033873206327356
969,79,2010,0.4230348839761994
970,79,2011,0.41310849495578067
971,79,2012,0.4250491880383806
972,79,2013,0.4315275064483286
973,79,2014,
974,79,2015,
975,79,2016,
976,79,2017,
977,79,2018,
978,79,2019,
979,79,2020,
980,83,2001,-1.0
981,83,2002,-1.0
982,83,2003,-1.0
983,83,2004,-1.0
984,83,2005,-1.0
985,83,2006,-1.0
986,83,2007,-1.0
987,83,2008,-1.0
988,83,2009,-1.0
989,83,2010,-1.0
990,83,2011,-1.0
991,83,2012,-1.0
992,83,2013,-1.0
993,83,2014,
994,83,2015,
995,83,2016,
996,83,2017,
997,83,2018,
998,83,2019,
999,83,2020,
1000,84,2001,0.415923597695038
1001,84,2002,0.4313093111082463
1002,84,2003,0.4207068107823262
1003,84,2004,0.42183415843637895
1004,84,2005,0.4363102055189043
1005,84,2006,0.42646525331313007
1006,84,2007,0.4377409954119668
1007,84,2008,0.40926471049747115
1008,84,2009,0.42860936661680177
1009,84,2010,0.43570223517302503
1010,84,2011,0.45574161871402524
1011,84,2012,0.4121500200080724
1012,84,2013,0.4337376841579805
1013,84,2014,
1014,84,2015,
1015,84,2016,
1016,84,2017,
1017,84,2018,
1018,84,2019,
1019,84,2020,
1020,85,2001,0.6644831622935818
1021,85,2002,0.6574102786383534
1022,85,2003,0.6504249449720984
1023,85,2004,0.6598782190850848
1024,85,2005,0.6544804449687288
1025,85,2006,0.6512196667840148
1026,85,2007,0.6737169147845559
1027,85,2008,0.6520047309356124
1028,85,2009,0.6440797794997613
1029,85,2010,0.6446888639802957
1030,85,2011,0.6837301590830954
1031,85,2012,0.6738845466132938
1032,85,2013,0.655504474233914
1033,85,2014,
1034,85,2015,
1035,85,2016,
1036,85,2017,
1037,85,2018,
1038,85,2019,
1039,85,2020,
1040,87,2001,-1.0
1041,87,2002,-1.0
1042,87,2003,-1.0
1043,87,2004,-1.0
1044,87,2005,-1.0
1045,87,2006,-1.0
1046,87,2007,-1.0
1047,87,2008,-1.0
1048,87,2009,-1.0
1049,87,2010,-1.0
1050,87,2011,-1.0
1051,87,2012,-1.0
1052,87,2013,-1.0
1053,87,2014,
1054,87,2015,
1055,87,2016,
1056,87,2017,
1057,87,2018,
1058,87,2019,
1059,87,2020,
1060,89,2001,0.5651122122077563
1061,89,2002,0.5787590195056075
1062,89,2003,0.582553242871556
1063,89,2004,0.5571056711264161
1064,89,2005,0.592470099783831
1065,89,2006,0.5973732945276069
1066,89,2007,0.588252540157329
1067,89,2008,0.5996001124596041
1068,89,2009,0.6028838798881663
1069,89,2010,0.582984200643243
1070,89,2011,0.5925943560411814
1071,89,2012,0.5678357030477261
1072,89,2013,0.6096828926945479
1073,89,2014,
1074,89,2015,
1075,89,2016,
1076,89,2017,
1077,89,2018,
1078,89,2019,
1079,89,2020,
1080,90,2001,0.48955201928692477
1081,90,2002,0.4604990803856552
1082,90,2003,0.4615292749989473
1083,90,2004,0.47836409143294434
1084,90,2005,0.45763435644969075
1085,90,2006,0.47597728701426023
1086,90,2007,0.4524429926617681
1087,90,2008,0.46726074762271513
1088,90,2009,0.48114216588229314
1089,90,2010,0.47623683757483254
1090,90,2011,0.46690454084551103
1091,90,2012,0.46920599666535096
1092,90,2013,0.48518758018065783
1093,90,2014,
1094,90,2015,
1095,90,2016,
1096,90,2017,
1097,90,2018,
1098,90,2019,
1099,90,2020,
1100,92,2001,0.5741336538340992
1101,92,2002,0.5739235620895199
1102,92,2003,0.5445206248205365
1103,92,2004,0.5611403109101926
1104,92,2005,0.5603498830943683
1105,92,2006,0.566824066010498
1106,92,2007,0.5559499243571847
1107,92,2008,0.5570819178766582
1108,92,2009,0.5552188279954969
1109,92,2010,0.5823057576472331
1110,92,2011,0.54526731023656
1111,92,2012,0.5594564079264962
1112,92,2013,0.5647168667671357
1113,92,2014,
1114,92,2015,
1115,92,2016,
1116,92,2017,
1117,92,2018,
1118,92,2019,
1119,92,2020,
1120,93,2001,0.6535095635194413
1121,93,2002,0.6522861991431022
1122,93,2003,0.6202553728820406
1123,93,2004,0.6406721998963337
1124,93,2005,0.6612032452268145
1125,93,2006,0.6378993040150114
1126,93,2007,0.6823994211014072
1127,93,2008,0.6491884690441415
1128,93,2009,0.6380138883857019
1129,93,2010,0.5842970102614337
1130,93,2011,0.6711594484047524
1131,93,2012,0.6550563372537227
1132,93,2013,0.6267792875805528
1133,93,2014,
1134,93,2015,
1135,93,2016,
1136,93,2017,
1137,93,2018,
1138,93,2019,
1139,93,2020,
1140,94,2001,0.5378642890043613
1141,94,2002,0.5498113658410296
1142,94,2003,0.550471549063718
1143,94,2004,0.5234363738767639
1144,94,2005,0.5245434992386472
1145,94,2006,0.5536958895444691
1146,94,2007,0.5306835307707313
1147,94,2008,0.535924528973844
1148,94,2009,0.5458881201489794
1149,94,2010,0.549666102755013
1150,94,2011,0.5513586551093771
1151,94,2012,0.545238758968187
1152,94,2013,0.5414592831051414
1153,94,2014,
1154,94,2015,
1155,94,2016,
1156,94,2017,
1157,94,2018,
1158,94,2019,
1159,94,2020,
1160,97,2001,0.4777955567367865
1161,97,2002,0.480255359326303
1162,97,2003,0.4830459383179817
1163,97,2004,0.4812360137057026
1164,97,2005,0.4817332223320358
1165,97,2006,0.4869113645141004
1166,97,2007,0.49965034507241396
1167,97,2008,0.4884557661600087
1168,97,2009,0.4873242738931605
1169,97,2010,0.49885664119564727
1170,97,2011,0.5154071156551142
1171,97,2012,0.4972289920519433
1172,97,2013,0.513149010940728
1173,97,2014,
1174,97,2015,
1175,97,2016,
1176,97,2017,
1177,97,2018,
1178,97,2019,
1179,97,2020,
1180,103,2001,0.7257422049340677
1181,103,2002,0.7256036749767126
1182,103,2003,0.7141841119493484
1183,103,2004,0.7302200404519267
1184,103,2005,0.7185257186052411
1185,103,2006,0.7180713262608385
1186,103,2007,0.7265507150240446
1187,103,2008,0.7220744954887307
1188,103,2009,0.7331120736804145
1189,103,2010,0.7333693805197363
1190,103,2011,0.7223048458644712
1191,103,2012,0.7336325434778098
1192,103,2013,0.7077302470316423
1193,103,2014,
1194,103,2015,
1195,103,2016,
1196,103,2017,
1197,103,2018,
1198,103,2019,
1199,103,2020,
1200,107,2001,0.7449279106427266
1201,107,2002,0.7418327131219739
1202,107,2003,0.7386821137884082
1203,107,2004,0.758017444190736
1204,107,2005,0.7602198510157248
1205,107,2006,0.7402759149236474
1206,107,2007,0.7197006848175485
1207,107,2008,0.7064176269333631
1208,107,2009,0.7431356133194867
1209,107,2010,0.7429785093520481
1210,107,2011,0.7477160269709843
1211,107,2012,0.7343019077974796
1212,107,2013,0.7331528349774247
1213,107,2014,
1214,107,2015,
1215,107,2016,
1216,107,2017,
1217,107,2018,
1218,107,2019,
1219,107,2020,
1220,108,2001,0.606358038704559
1221,108,2002,0.6031440450677669
1222,108,2003,0.6065268700619756
1223,108,2004,0.6022222244664958
1224,108,2005,0.6044964475959662
1225,108,2006,0.6089365929279967
1226,108,2007,0.626973356566744
1227,108,2008,0.620170530513423
1228,108,2009,0.6250689118878684
1229,108,2010,0.6421565898778171
1230,108,2011,0.6409335422476954
1231,108,2012,0.6258172469431983
1232,108,2013,0.6160014759124057
1233,108,2014,
1234,108,2015,
1235,108,2016,
1236,108,2017,
1237,108,2018,
1238,108,2019,
1239,108,2020,
1240,111,2001,0.6971967948032987
1241,111,2002,0.7016909095151108
1242,111,2003,0.692425564511692
1243,111,2004,0.7022377527160181
1244,111,2005,0.7016806358085717
1245,111,2006,0.6959259513509318
1246,111,2007,0.7106285586524196
1247,111,2008,0.6887268018647759
1248,111,2009,0.7180622885579687
1249,111,2010,0.7084084022042587
1250,111,2011,0.686168460638885
1251,111,2012,0.7074448684536128
1252,111,2013,0.6933652666769321
1253,111,2014,
1254,111,2015,
1255,111,2016,
1256,111,2017,
1257,111,2018,
1258,111,2019,
1259,111,2020,
1260,113,2001,0.5544530979479718
1261,113,2002,0.5388454708034224
1262,113,2003,0.49820053374780704
1263,113,2004,0.5479082136282819
1264,113,2005,0.5420120303287981
1265,113,2006,0.5310623787005914
1266,113,2007,0.561286340686851
1267,113,2008,0.575972549801464
1268,113,2009,0.5298915512378367
1269,113,2010,0.545788817959919
1270,113,2011,0.546373284545394
1271,113,2012,0.524149021868294
1272,113,2013,0.5701064466746316
1273,113,2014,
1274,113,2015,
1275,113,2016,
1276,113,2017,
1277,113,2018,
1278,113,2019,
1279,113,2020,
1280,114,2001,0.12640083534306248
1281,114,2002,0.1235247674982209
1282,114,2003,0.1313248181939848
1283,114,2004,0.13242823837008713
1284,114,2005,0.11932426143384
1285,114,2006,0.12656460158690422
1286,114,2007,0.12505965190026658
1287,114,2008,0.12025551263895799
1288,114,2009,0.11329321886023476
1289,114,2010,0.1337095726287843
1290,114,2011,0.12220065967054143
1291,114,2012,0.12362778682685453
1292,114,2013,0.10664530446790021
1293,114,2014,
1294,114,2015,
1295,114,2016,
1296,114,2017,
1297,114,2018,
1298,114,2019,
1299,114,2020,
1300,115,2001,0.4496891403361327
1301,115,2002,0.4447934020105599
1302,115,2003,0.44483413277958356
1303,115,2004,0.4536706373837622
1304,115,2005,0.45300397549698945
1305,115,2006,0.4556085696969763
1306,115,2007,0.45559050733468526
1307,115,2008,0.45237911701911093
1308,115,2009,0.44428005176367863
1309,115,2010,0.4624935237615951
1310,115,2011,0.4723399432036422
1311,115,2012,0.45453229786429034
1312,115,2013,0.45793365033127853
1313,115,2014,
1314,115,2015,
1315,115,2016,
1316,115,2017,
1317,115,2018,
1318,115,2019,
1319,115,2020,
1320,116,2001,0.6912668104748732
1321,116,2002,0.6945163421534989
1322,116,2003,0.700850184878239
1323,116,2004,0.7061169477396886
1324,116,2005,0.7073593707675259
1325,116,2006,0.6923902160631106
1326,116,2007,0.7028392478400463
1327,116,2008,0.6970143337161977
1328,116,2009,0.7098391602092091
1329,116,2010,0.7162916491199324
1330,116,2011,0.7015875893233835
1331,116,2012,0.6973153267973964
1332,116,2013,0.7022638298703939
1333,116,2014,
1334,116,2015,
1335,116,2016,
1336,116,2017,
1337,116,2018,
1338,116,2019,
1339,116,2020,
1340,117,2001,0.09424111863381197
1341,117,2002,0.09464665873125562
1342,117,2003,0.08921399162424752
1343,117,2004,0.0933364498218107
1344,117,2005,0.09180116891596017
1345,117,2006,0.09192251478000017
1346,117,2007,0.09418101047793748
1347,117,2008,0.0825152223837538
1348,117,2009,0.09250968252164515
1349,117,2010,0.10405092732355513
1350,117,2011,0.08325999737622547
1351,117,2012,0.08527558485454038
1352,117,2013,0.09313969275624412
1353,117,2014,
1354,117,2015,
1355,117,2016,
1356,117,2017,
1357,117,2018,
1358,117,2019,
1359,117,2020,
1360,118,2001,0.16877665608924472
1361,118,2002,0.15918391681856423
1362,118,2003,0.1594821568215524
1363,118,2004,0.18081507790541695
1364,118,2005,0.16339101542340204
1365,118,2006,0.16237959740402363
1366,118,2007,0.1630771571727658
1367,118,2008,0.14737000473272135
1368,118,2009,0.15468595728626522
1369,118,2010,0.16256071068079017
1370,118,2011,0.15812026496301043
1371,118,2012,0.1543834159526725
1372,118,2013,0.17680616645523747
1373,118,2014,
1374,118,2015,
1375,118,2016,
1376,118,2017,
1377,118,2018,
1378,118,2019,
1379,118,2020,
1380,119,2001,0.6980401748712821
1381,119,2002,0.6842219257693314
1382,119,2003,0.6887186632049493
1383,119,2004,0.6912751569422931
1384,119,2005,0.7031796357720802
1385,119,2006,0.7002456471554735
1386,119,2007,0.7075687895500987
1387,119,2008,0.6787919964677386
1388,119,2009,0.6871112648394883
1389,119,2010,0.6899823117215643
1390,119,2011,0.6800320491285091
1391,119,2012,0.6846136375952933
1392,119,2013,0.6744263509407933
1393,119,2014,
1394,119,2015,
1395,119,2016,
1396,119,2017,
1397,119,2018,
1398,119,2019,
1399,119,2020,
1400,121,2001,0.24121728142876578
1401,121,2002,0.24483022682190103
1402,121,2003,0.24537644189759436
1403,121,2004,0.24145630691206352
1404,121,2005,0.24498466590100954
1405,121,2006,0.2408107543990683
1406,121,2007,0.2458972090000414
1407,121,2008,0.2378285610708554
1408,121,2009,0.23829646517813063
1409,121,2010,0.24195742447250454
1410,121,2011,0.24726712609855692
1411,121,2012,0.25518200557610565
1412,121,2013,0.2518228436147508
1413,121,2014,
1414,121,2015,
1415,121,2016,
1416,121,2017,
1417,121,2018,
1418,121,2019,
1419,121,2020,
1420,122,2001,0.5753664143942934
1421,122,2002,0.5536121711436371
1422,122,2003,0.5595755496909779
1423,122,2004,0.5624830571714475
1424,122,2005,0.5616916879630902
1425,122,2006,0.5646768974779638
1426,122,2007,0.5759684117644854
1427,122,2008,0.565524735447595
1428,122,2009,0.5664186700338009
1429,122,2010,0.5834143342325463
1430,122,2011,0.5848907915097049
1431,122,2012,0.5847514677075077
1432,122,2013,0.5775356449965
1433,122,2014,
1434,122,2015,
1435,122,2016,
1436,122,2017,
1437,122,2018,
1438,122,2019,
1439,122,2020,
1440,123,2001,0.7137542193052009
1441,123,2002,0.7102097552769315
1442,123,2003,0.7239616388683157
1443,123,2004,0.694025594110677
1444,123,2005,0.6985831313945791
1445,123,2006,0.709463486247528
1446,123,2007,0.7227485073818102
1447,123,2008,0.7289765577909776
1448,123,2009,0.7241662295952613
1449,123,2010,0.7426242013589629
1450,123,2011,0.746416961305389
1451,123,2012,0.7340783828021707
1452,123,2013,0.7193003471414818
1453,123,2014,
1454,123,2015,
1455,123,2016,
1456,123,2017,
1457,123,2018,
1458,123,2019,
1459,123,2020,
1460,126,2001,0.5846759922951507
1461,126,2002,0.5866803825924134
1462,126,2003,0.5734296364005058
1463,126,2004,0.6020022960521036
1464,126,2005,0.5730096567482876
1465,126,2006,0.5782205693294596
1466,126,2007,0.5994124801278292
1467,126,2008,0.5901734066919891
1468,126,2009,0.588073748210528
1469,126,2010,0.5926667339494798
1470,126,2011,0.588863006026224
1471,126,2012,0.5605032739844374
1472,126,2013,0.5948604276684198
1473,126,2014,
1474,126,2015,
1475,126,2016,
1476,126,2017,
1477,126,2018,
1478,126,2019,
1479,126,2020,
1480,130,2001,0.12322695927203053
1481,130,2002,0.12329437059562016
1482,130,2003,0.12036813053590491
1483,130,2004,0.12856281469905043
1484,130,2005,0.12396799604808906
1485,130,2006,0.12302567603632258
1486,130,2007,0.12574254140108718
1487,130,2008,0.12155737591149335
1488,130,2009,0.12187325741476492
1489,130,2010,0.12737665440557366
1490,130,2011,0.12792257041055446
1491,130,2012,0.12933295747425258
1492,130,2013,0.12999168711035078
1493,130,2014,
1494,130,2015,
1495,130,2016,
1496,130,2017,
1497,130,2018,
1498,130,2019,
1499,130,2020,
1500,132,2001,0.17464839490880615
1501,132,2002,0.19265923998685638
1502,132,2003,0.1736196721735563
1503,132,2004,0.1774195474408903
1504,132,2005,0.1783814900687961
1505,132,2006,0.16943274728449795
1506,132,2007,0.18258357116341925
1507,132,2008,0.16849369507436418
1508,132,2009,0.18417811483584498
1509,132,2010,0.1759507898361626
1510,132,2011,0.17867346084368832
1511,132,2012,0.16627027981641743
1512,132,2013,0.18911543944468534
1513,132,2014,
1514,132,2015,
1515,132,2016,
1516,132,2017,
1517,132,2018,
1518,132,2019,
1519,132,2020,
1520,133,2001,0.40169616147869364
1521,133,2002,0.4106614232505297
1522,133,2003,0.40653983855655057
1523,133,2004,0.3892002969813427
1524,133,2005,0.37676903525825484
1525,133,2006,0.3922423177242975
1526,133,2007,0.4158774997855558
1527,133,2008,0.3928798572909196
1528,133,2009,0.3496909816383262
1529,133,2010,0.3990332520098711
1530,133,2011,0.3895630940183774
1531,133,2012,0.40035046727337625
1532,133,2013,0.4053981283707519
1533,133,2014,
1534,133,2015,
1535,133,2016,
1536,133,2017,
1537,133,2018,
1538,133,2019,
1539,133,2020,
1540,135,2001,-1.0
1541,135,2002,-1.0
1542,135,2003,-1.0
1543,135,2004,-1.0
1544,135,2005,-1.0
1545,135,2006,-1.0
1546,135,2007,-1.0
1547,135,2008,-1.0
1548,135,2009,-1.0
1549,135,2010,-1.0
1550,135,2011,-1.0
1551,135,2012,-1.0
1552,135,2013,-1.0
1553,135,2014,
1554,135,2015,
1555,135,2016,
1556,135,2017,
1557,135,2018,
1558,135,2019,
1559,135,2020,
1560,137,2001,0.08405533503159524
1561,137,2002,0.0807797613772779
1562,137,2003,0.07555816165178396
1563,137,2004,0.05951397236987399
1564,137,2005,0.05815669294567816
1565,137,2006,0.05951076567065872
1566,137,2007,0.05689766973165255
1567,137,2008,0.054937010752534356
1568,137,2009,0.06459592929819162
1569,137,2010,0.06991898619265968
1570,137,2011,0.07326226736069963
1571,137,2012,0.08163413464734937
1572,137,2013,0.08546543643999949
1573,137,2014,
1574,137,2015,
1575,137,2016,
1576,137,2017,
1577,137,2018,
1578,137,2019,
1579,137,2020,
1580,138,2001,0.23948070337332364
1581,138,2002,0.2487645972085204
1582,138,2003,0.23333955963767594
1583,138,2004,0.24033219423481533
1584,138,2005,0.2402365734206966
1585,138,2006,0.23795046615153762
1586,138,2007,0.25717062898232057
1587,138,2008,0.2283851730298269
1588,138,2009,0.2510549493886106
1589,138,2010,0.26087269791638196
1590,138,2011,0.2524004279682289
1591,138,2012,0.24238608419791205
1592,138,2013,0.2517645568381686
1593,138,2014,
1594,138,2015,
1595,138,2016,
1596,138,2017,
1597,138,2018,
1598,138,2019,
1599,138,2020,
1600,139,2001,0.7154122611337458
1601,139,2002,0.7118874545481507
1602,139,2003,0.7401132000650058
1603,139,2004,0.7104058324277686
1604,139,2005,0.7077742317352356
1605,139,2006,0.738956092750992
1606,139,2007,0.7193893720014882
1607,139,2008,0.7001593859780378
1608,139,2009,0.7494814083706514
1609,139,2010,0.7218125723022956
1610,139,2011,0.7467310838318882
1611,139,2012,0.7222520479968724
1612,139,2013,0.7293905031062303
1613,139,2014,
1614,139,2015,
1615,139,2016,
1616,139,2017,
1617,139,2018,
1618,139,2019,
1619,139,2020,
1620,140,2001,0.5581108925086818
1621,140,2002,0.5657704077425605
1622,140,2003,0.5340910068292604
1623,140,2004,0.5576318955804985
1624,140,2005,0.5559390818620954
1625,140,2006,0.540136879309331
1626,140,2007,0.560086873074612
1627,140,2008,0.5541951769047273
1628,140,2009,0.546535911901019
1629,140,2010,0.5413761820203894
1630,140,2011,0.5520648104478413
1631,140,2012,0.5508345315467931
1632,140,2013,0.5330497439798259
1633,140,2014,
1634,140,2015,
1635,140,2016,
1636,140,2017,
1637,140,2018,
1638,140,2019,
1639,140,2020,
1640,141,2001,0.3680903820690474
1641,141,2002,0.37793172518744284
1642,141,2003,0.3689976062696095
1643,141,2004,0.3495325501242265
1644,141,2005,0.362337387627191
1645,141,2006,0.3753339895460835
1646,141,2007,0.36472465841525353
1647,141,2008,0.3611427005907811
1648,141,2009,0.38666258024994615
1649,141,2010,0.3769014998970898
1650,141,2011,0.3887644454641208
1651,141,2012,0.3813922006732513
1652,141,2013,0.399689086073243
1653,141,2014,
1654,141,2015,
1655,141,2016,
1656,141,2017,
1657,141,2018,
1658,141,2019,
1659,141,2020,
1660,142,2001,0.4339415174668151
1661,142,2002,0.43264198114159197
1662,142,2003,0.42855725631007874
1663,142,2004,0.425349078888602
1664,142,2005,0.42342658008743156
1665,142,2006,0.43804729813697313
1666,142,2007,0.39074338568532285
1667,142,2008,0.4313490268914366
1668,142,2009,0.42883140726366636
1669,142,2010,0.42642605104931985
1670,142,2011,0.4382446971776863
1671,142,2012,0.42711924008239555
1672,142,2013,0.4150224706540122
1673,142,2014,
1674,142,2015,
1675,142,2016,
1676,142,2017,
1677,142,2018,
1678,142,2019,
1679,142,2020,
1680,144,2001,0.635695221835479
1681,144,2002,0.6626981548940098
1682,144,2003,0.6612352316796941
1683,144,2004,0.6351891930968924
1684,144,2005,0.6355209079159279
1685,144,2006,0.6576183945330908
1686,144,2007,0.6394463062720188
1687,144,2008,0.6517689796786698
1688,144,2009,0.6426255090462955
1689,144,2010,0.6650653426978109
1690,144,2011,0.6525519137722108
1691,144,2012,0.6470483720733332
1692,144,2013,0.6768959279903877
1693,144,2014,
1694,144,2015,
1695,144,2016,
1696,144,2017,
1697,144,2018,
1698,144,2019,
1699,144,2020,
1700,147,2001,0.5624286299114757
1701,147,2002,0.5602900283493711
1702,147,2003,0.536052800508799
1703,147,2004,0.5543721583249
1704,147,2005,0.5496069908226943
1705,147,2006,0.5351689594854339
1706,147,2007,0.5736498606602479
1707,147,2008,0.5615219803186001
1708,147,2009,0.546338864052642
1709,147,2010,0.5397276571882949
1710,147,2011,0.5594127921737129
1711,147,2012,0.5640753534308831
1712,147,2013,0.5279022782461672
1713,147,2014,
1714,147,2015,
1715,147,2016,
1716,147,2017,
1717,147,2018,
1718,147,2019,
1719,147,2020,
1720,148,2001,0.7047874383848062
1721,148,2002,0.6810168275020722
1722,148,2003,0.6894732478584779
1723,148,2004,0.6834250698061757
1724,148,2005,0.7037623532173974
1725,148,2006,0.6829120599270341
1726,148,2007,0.7323900557782984
1727,148,2008,0.6715041652013704
1728,148,2009,0.6825164280135869
1729,148,2010,0.6411898314873026
1730,148,2011,0.6977849507661514
1731,148,2012,0.6720128157228876
1732,148,2013,0.6418960169437192
1733,148,2014,
1734,148,2015,
1735,148,2016,
1736,148,2017,
1737,148,2018,
1738,148,2019,
1739,148,2020,
1740,150,2001,0.5654501815007715
1741,150,2002,0.5649671877774852
1742,150,2003,0.5700026967579425
1743,150,2004,0.563076766235309
1744,150,2005,0.5580409845145788
1745,150,2006,0.5534572575186637
1746,150,2007,0.5680356918262571
1747,150,2008,0.5674103709152097
1748,150,2009,0.565925191698175
1749,150,2010,0.5543863489417059
1750,150,2011,0.5700186839226736
1751,150,2012,0.5739934722472863
1752,150,2013,0.5624567205169896
1753,150,2014,
1754,150,2015,
1755,150,2016,
1756,150,2017,
1757,150,2018,
1758,150,2019,
1759,150,2020,
1760,152,2001,0.37531437088252534
1761,152,2002,0.3773183718829807
1762,152,2003,0.3826622635194162
1763,152,2004,0.37888059629918086
1764,152,2005,0.35735515562528447
1765,152,2006,0.38054069704004295
1766,152,2007,0.37688974920203194
1767,152,2008,0.37371657722815615
1768,152,2009,0.3825049142100477
1769,152,2010,0.3854433473546892
1770,152,2011,0.38537818015836933
1771,152,2012,0.371619081520236
1772,152,2013,0.3718351512253549
1773,152,2014,
1774,152,2015,
1775,152,2016,
1776,152,2017,
1777,152,2018,
1778,152,2019,
1779,152,2020,
1780,153,2001,0.7562816394941798
1781,153,2002,0.7617853049045435
1782,153,2003,0.7509721756697681
1783,153,2004,0.7420365232761671
1784,153,2005,0.7623838006731347
1785,153,2006,0.7519441361148266
1786,153,2007,0.7572556812261076
1787,153,2008,0.7556659220637795
1788,153,2009,0.7654730848684878
1789,153,2010,0.7809661622241801
1790,153,2011,0.7520807729050037
1791,153,2012,0.7608311198098506
1792,153,2013,0.7505896523337509
1793,153,2014,
1794,153,2015,
1795,153,2016,
1796,153,2017,
1797,153,2018,
1798,153,2019,
1799,153,2020,
1800,155,2001,0.20988080694021824
1801,155,2002,0.199564126594265
1802,155,2003,0.20166240730803645
1803,155,2004,0.19404103208616874
1804,155,2005,0.18921324491411584
1805,155,2006,0.19586031991235311
1806,155,2007,0.1954763620484563
1807,155,2008,0.1973554091551842
1808,155,2009,0.1940949525297818
1809,155,2010,0.19981106600424048
1810,155,2011,0.20033359929401487
1811,155,2012,0.20709163658651175
1812,155,2013,0.20782541994059586
1813,155,2014,
1814,155,2015,
1815,155,2016,
1816,155,2017,
1817,155,2018,
1818,155,2019,
1819,155,2020,
1820,156,2001,-0.10410765538446952
1821,156,2002,-0.10351343667904729
1822,156,2003,-0.08999967618980169
1823,156,2004,-0.10660778419812539
1824,156,2005,-0.09375536160360665
1825,156,2006,-0.09580904466186672
1826,156,2007,-0.1094142120594438
1827,156,2008,-0.09545481241854432
1828,156,2009,-0.09302270679941609
1829,156,2010,-0.11389838522925817
1830,156,2011,-0.1115031980765016
1831,156,2012,-0.09727412906092729
1832,156,2013,-0.12191198293495085
1833,156,2014,
1834,156,2015,
1835,156,2016,
1836,156,2017,
1837,156,2018,
1838,156,2019,
1839,156,2020,
1840,159,2001,0.11704477144368615
1841,159,2002,0.11077617275642164
1842,159,2003,0.11182261184189801
1843,159,2004,0.1054930918612139
1844,159,2005,0.10236497401049487
1845,159,2006,0.1078675992985081
1846,159,2007,0.10887656758004098
1847,159,2008,0.10456546477374691
1848,159,2009,0.11033038596312028
1849,159,2010,0.10831637985518373
1850,159,2011,0.11115931234887645
1851,159,2012,0.11808483061974347
1852,159,2013,0.11701774329018684
1853,159,2014,
1854,159,2015,
1855,159,2016,
1856,159,2017,
1857,159,2018,
1858,159,2019,
1859,159,2020,
1860,160,2001,0.38730879285899683
1861,160,2002,0.373548359674399
1862,160,2003,0.38186597048992965
1863,160,2004,0.39565017083297355
1864,160,2005,0.36894930357187766
1865,160,2006,0.37649115116282444
1866,160,2007,0.3695712593946395
1867,160,2008,0.38207953597632294
1868,160,2009,0.3921080744009655
1869,160,2010,0.39117858194568766
1870,160,2011,0.38821589616741276
1871,160,2012,0.38882167845502336
1872,160,2013,0.3813201575548372
1873,160,2014,
1874,160,2015,
1875,160,2016,
1876,160,2017,
1877,160,2018,
1878,160,2019,
1879,160,2020,
1880,162,2001,0.48644619899232316
1881,162,2002,0.4837401526735496
1882,162,2003,0.4906429584668015
1883,162,2004,0.5015043399315496
1884,162,2005,0.4901759175892417
1885,162,2006,0.49051071264957197
1886,162,2007,0.4977574915471196
1887,162,2008,0.5013899552668046
1888,162,2009,0.5048628757889831
1889,162,2010,0.5266901195489954
1890,162,2011,0.4749531875739342
1891,162,2012,0.4799841596831955
1892,162,2013,0.4780102217021416
1893,162,2014,
1894,162,2015,
1895,162,2016,
1896,162,2017,
1897,162,2018,
1898,162,2019,
1899,162,2020,
1900,167,2001,0.19053681705762826
1901,167,2002,0.18436661818054
1902,167,2003,0.18087395320043273
1903,167,2004,0.18208647150830312
1904,167,2005,0.18368671878331988
1905,167,2006,0.18895357456007225
1906,167,2007,0.18033027157393755
1907,167,2008,0.19014113510255068
1908,167,2009,0.1834431957667073
1909,167,2010,0.1876586161131227
1910,167,2011,0.19413280228663402
1911,167,2012,0.19086347346114985
1912,167,2013,0.18883762556980557
1913,167,2014,
1914,167,2015,
1915,167,2016,
1916,167,2017,
1917,167,2018,
1918,167,2019,
1919,167,2020,
1920,2647,2001,0.6088146632490377
1921,2647,2002,0.5787296353974091
1922,2647,2003,0.581116669483298
1923,2647,2004,0.5846739748109128
1924,2647,2005,0.581036117338549
1925,2647,2006,0.5960525983760102
1926,2647,2007,0.6025960061675559
1927,2647,2008,0.5956482790983736
1928,2647,2009,0.5812109536165179
1929,2647,2010,0.5784812164620661
1930,2647,2011,0.6129453323850038
1931,2647,2012,0.5564386509008384
1932,2647,2013,0.5901439982944657
1933,2647,2014,
1934,2647,2015,
1935,2647,2016,
1936,2647,2017,
1937,2647,2018,
1938,2647,2019,
1939,2647,2020,
1940,169,2001,0.22056689571849777
1941,169,2002,0.22267919524901705
1942,169,2003,0.23150053343150898
1943,169,2004,0.23460067533061593
1944,169,2005,0.21361014309654427
1945,169,2006,0.22704148310866304
1946,169,2007,0.21538875634514212
1947,169,2008,0.22229985069915484
1948,169,2009,0.2447418729763564
1949,169,2010,0.24320114329597983
1950,169,2011,0.249630151557103
1951,169,2012,0.2417615882928094
1952,169,2013,0.2542141837213423
1953,169,2014,
1954,169,2015,
1955,169,2016,
1956,169,2017,
1957,169,2018,
1958,169,2019,
1959,169,2020,
1960,170,2001,0.5985962844597243
1961,170,2002,0.598243434148079
1962,170,2003,0.5988809344329175
1963,170,2004,0.6017312116896574
1964,170,2005,0.5620941681361487
1965,170,2006,0.5989445365801163
1966,170,2007,0.5991912996931635
1967,170,2008,0.5823370599469132
1968,170,2009,0.6043731817312461
1969,170,2010,0.6066152897790568
1970,170,2011,0.611386997499898
1971,170,2012,0.5881591866836597
1972,170,2013,0.5960381587742628
1973,170,2014,
1974,170,2015,
1975,170,2016,
1976,170,2017,
1977,170,2018,
1978,170,2019,
1979,170,2020,
1980,171,2001,0.6452727675811998
1981,171,2002,0.6572136018506648
1982,171,2003,0.6617000936317524
1983,171,2004,0.6333260565160918
1984,171,2005,0.6411236437632039
1985,171,2006,0.6628388246232538
1986,171,2007,0.6509622411611627
1987,171,2008,0.6452053581422937
1988,171,2009,0.641116717894397
1989,171,2010,0.6415167350600175
1990,171,2011,0.676853985306399
1991,171,2012,0.6349751010213208
1992,171,2013,0.6553316438065672
1993,171,2014,
1994,171,2015,
1995,171,2016,
1996,171,2017,
1997,171,2018,
1998,171,2019,
1999,171,2020,
2000,172,2001,0.2584774584778145
2001,172,2002,0.2473299837886779
2002,172,2003,0.2333858187652195
2003,172,2004,0.23514860447349628
2004,172,2005,0.22707193247302446
2005,172,2006,0.2628989427584848
2006,172,2007,0.22300337082415997
2007,172,2008,0.2557590944291874
2008,172,2009,0.24975364211293508
2009,172,2010,0.24747412398520371
2010,172,2011,0.28119298270187265
2011,172,2012,0.26427704993095885
2012,172,2013,0.22918920401241535
2013,172,2014,
2014,172,2015,
2015,172,2016,
2016,172,2017,
2017,172,2018,
2018,172,2019,
2019,172,2020,
2020,175,2001,0.5089307181841001
2021,175,2002,0.5024869181371051
2022,175,2003,0.5123646537242964
2023,175,2004,0.5029315382477321
2024,175,2005,0.5168544783756773
2025,175,2006,0.5265817816123755
2026,175,2007,0.5112797954446373
2027,175,2008,0.5026208714467025
2028,175,2009,0.5155990626085694
2029,175,2010,0.518475254840013
2030,175,2011,0.5143026611949587
2031,175,2012,0.5057666649804351
2032,175,2013,0.5159173180044356
2033,175,2014,
2034,175,2015,
2035,175,2016,
2036,175,2017,
2037,175,2018,
2038,175,2019,
2039,175,2020,
2040,177,2001,0.6366587863972066
2041,177,2002,0.6467951780883499
2042,177,2003,0.631389516218173
2043,177,2004,0.6444949488569066
2044,177,2005,0.6542600982985628
2045,177,2006,0.6213565866390671
2046,177,2007,0.661365560234831
2047,177,2008,0.6429712873372484
2048,177,2009,0.6312258368021673
2049,177,2010,0.5854880294410202
2050,177,2011,0.6568947840636733
2051,177,2012,0.6417557365446659
2052,177,2013,0.6348148699264938
2053,177,2014,
2054,177,2015,
2055,177,2016,
2056,177,2017,
2057,177,2018,
2058,177,2019,
2059,177,2020,
2060,178,2001,0.4664789809930497
2061,178,2002,0.4706521114573554
2062,178,2003,0.46092545749947983
2063,178,2004,0.46523777608924716
2064,178,2005,0.46905574465682554
2065,178,2006,0.45946622895722583
2066,178,2007,0.45613527680817195
2067,178,2008,0.4766065881485508
2068,178,2009,0.4789363118990475
2069,178,2010,0.4497363328330351
2070,178,2011,0.47379581470081994
2071,178,2012,0.47341740209645694
2072,178,2013,0.4715735356976482
2073,178,2014,
2074,178,2015,
2075,178,2016,
2076,178,2017,
2077,178,2018,
2078,178,2019,
2079,178,2020,
2080,179,2001,0.7096879068890763
2081,179,2002,0.7183862142798471
2082,179,2003,0.7162923246731415
2083,179,2004,0.7153209763328595
2084,179,2005,0.7298120158181907
2085,179,2006,0.7079659611225136
2086,179,2007,0.7107268082110959
2087,179,2008,0.7109617103592077
2088,179,2009,0.7165181036600146
2089,179,2010,0.7031882559078754
2090,179,2011,0.7076676051708093
2091,179,2012,0.7097850166362482
2092,179,2013,0.7042167497239618
2093,179,2014,
2094,179,2015,
2095,179,2016,
2096,179,2017,
2097,179,2018,
2098,179,2019,
2099,179,2020,
2100,180,2001,0.6131297636146603
2101,180,2002,0.6229405251101067
2102,180,2003,0.609389874904855
2103,180,2004,0.6199994556673297
2104,180,2005,0.6204709747486526
2105,180,2006,0.6240046779309872
2106,180,2007,0.6232398251996347
2107,180,2008,0.6032831963274964
2108,180,2009,0.6251991965255509
2109,180,2010,0.6203882953760579
2110,180,2011,0.6249850736620446
2111,180,2012,0.6354128063354806
2112,180,2013,0.610455103068502
2113,180,2014,
2114,180,2015,
2115,180,2016,
2116,180,2017,
2117,180,2018,
2118,180,2019,
2119,180,2020,
2120,182,2001,0.4795871900962809
2121,182,2002,0.47951110449575457
2122,182,2003,0.47933834540221176
2123,182,2004,0.46414262183535326
2124,182,2005,0.46396526017824663
2125,182,2006,0.47400016318991955
2126,182,2007,0.46994567170994994
2127,182,2008,0.47297041199423634
2128,182,2009,0.4747750366618079
2129,182,2010,0.475195471011312
2130,182,2011,0.4794494156061955
2131,182,2012,0.47276273660767654
2132,182,2013,0.46746735806859935
2133,182,2014,
2134,182,2015,
2135,182,2016,
2136,182,2017,
2137,182,2018,
2138,182,2019,
2139,182,2020,
2140,241,2001,0.5550723487073981
2141,241,2002,0.5381570716074014
2142,241,2003,0.5565080520392515
2143,241,2004,0.5651678288128182
2144,241,2005,0.5549346872671644
2145,241,2006,0.5671898620902605
2146,241,2007,0.5737079836592156
2147,241,2008,0.5675165619201485
2148,241,2009,0.571148538916857
2149,241,2010,0.57716550866293
2150,241,2011,0.6005941458586169
2151,241,2012,0.5522658684875842
2152,241,2013,0.5762888649310048
2153,241,2014,
2154,241,2015,
2155,241,2016,
2156,241,2017,
2157,241,2018,
2158,241,2019,
2159,241,2020,
2160,186,2001,0.30052595561831796
2161,186,2002,0.3173666038440697
2162,186,2003,0.31162789892702614
2163,186,2004,0.3184444570857668
2164,186,2005,0.313069947193443
2165,186,2006,0.3146149260876422
2166,186,2007,0.3128507867710593
2167,186,2008,0.31154163360859605
2168,186,2009,0.3106308844355439
2169,186,2010,0.3179749346887053
2170,186,2011,0.3208169170139585
2171,186,2012,0.2952579151826335
2172,186,2013,0.3172226574502995
2173,186,2014,
2174,186,2015,
2175,186,2016,
2176,186,2017,
2177,186,2018,
2178,186,2019,
2179,186,2020,
2180,187,2001,0.0951308665312034
2181,187,2002,0.0919629828886281
2182,187,2003,0.08618894720674926
2183,187,2004,0.0770950202439515
2184,187,2005,0.07487728134425155
2185,187,2006,0.07644011027878152
2186,187,2007,0.07581737251032945
2187,187,2008,0.07763398203427661
2188,187,2009,0.08438745149980136
2189,187,2010,0.08224689759943732
2190,187,2011,0.08466274140471779
2191,187,2012,0.09641153054549988
2192,187,2013,0.09414106852383525
2193,187,2014,
2194,187,2015,
2195,187,2016,
2196,187,2017,
2197,187,2018,
2198,187,2019,
2199,187,2020,
2200,188,2001,0.20143232833722402
2201,188,2002,0.19489852662565363
2202,188,2003,0.20488225092973655
2203,188,2004,0.19959435891451704
2204,188,2005,0.20848832394609526
2205,188,2006,0.2021809258152051
2206,188,2007,0.216757953875222
2207,188,2008,0.20283114517651865
2208,188,2009,0.20311678391203183
2209,188,2010,0.20875386936946497
2210,188,2011,0.21860181087060068
2211,188,2012,0.20595980998016206
2212,188,2013,0.21251845092812252
2213,188,2014,
2214,188,2015,
2215,188,2016,
2216,188,2017,
2217,188,2018,
2218,188,2019,
2219,188,2020,
2220,191,2001,0.5548361255122579
2221,191,2002,0.5602123124475037
2222,191,2003,0.5353592368716628
2223,191,2004,0.5555220516079553
2224,191,2005,0.5486341262557425
2225,191,2006,0.5548002582928651
2226,191,2007,0.5507688281072846
2227,191,2008,0.5581075526431519
2228,191,2009,0.5512191912837218
2229,191,2010,0.5312441859211939
2230,191,2011,0.5827068808198
2231,191,2012,0.5504045838545223
2232,191,2013,0.5282495511785964
2233,191,2014,
2234,191,2015,
2235,191,2016,
2236,191,2017,
2237,191,2018,
2238,191,2019,
2239,191,2020,
2240,192,2001,0.7034905485755649
2241,192,2002,0.718753987171223
2242,192,2003,0.715876857665864
2243,192,2004,0.741071332189204
2244,192,2005,0.7079535005087388
2245,192,2006,0.711721052565245
2246,192,2007,0.7170301072414258
2247,192,2008,0.7205791258680838
2248,192,2009,0.7047113566621267
2249,192,2010,0.7279812434209528
2250,192,2011,0.7036821111902011
2251,192,2012,0.6823875119377716
2252,192,2013,0.6879808483623279
2253,192,2014,
2254,192,2015,
2255,192,2016,
2256,192,2017,
2257,192,2018,
2258,192,2019,
2259,192,2020,
2260,194,2001,0.7356807805668838
2261,194,2002,0.70917439624795
2262,194,2003,0.7206572161056374
2263,194,2004,0.7111557453369016
2264,194,2005,0.7117781819623069
2265,194,2006,0.7257633366821818
2266,194,2007,0.6868774700953827
2267,194,2008,0.7171532729352902
2268,194,2009,0.697558306158896
2269,194,2010,0.6980005359425663
2270,194,2011,0.727741917614274
2271,194,2012,0.7478321434946075
2272,194,2013,0.7132174201364467
2273,194,2014,
2274,194,2015,
2275,194,2016,
2276,194,2017,
2277,194,2018,
2278,194,2019,
2279,194,2020,
2280,195,2001,0.5621350822970017
2281,195,2002,0.5505234021297817
2282,195,2003,0.555042034916776
2283,195,2004,0.5461745994213368
2284,195,2005,0.5548977836425194
2285,195,2006,0.5569929069200407
2286,195,2007,0.5533964023826906
2287,195,2008,0.5550373040255357
2288,195,2009,0.5572247683694114
2289,195,2010,0.557285386004164
2290,195,2011,0.5706878262689677
2291,195,2012,0.55881930526467
2292,195,2013,0.5676531328239592
2293,195,2014,
2294,195,2015,
2295,195,2016,
2296,195,2017,
2297,195,2018,
2298,195,2019,
2299,195,2020,
2300,196,2001,0.6781814475895134
2301,196,2002,0.6845471219676974
2302,196,2003,0.6684686897266285
2303,196,2004,0.6691139441951633
2304,196,2005,0.6591219488812814
2305,196,2006,0.6754158691518652
2306,196,2007,0.6825567997868535
2307,196,2008,0.6930498228382422
2308,196,2009,0.680924934912302
2309,196,2010,0.699404189782821
2310,196,2011,0.6704321232379176
2311,196,2012,0.6797566381282044
2312,196,2013,0.6752935859159885
2313,196,2014,
2314,196,2015,
2315,196,2016,
2316,196,2017,
2317,196,2018,
2318,196,2019,
2319,196,2020,
2320,198,2001,0.5706298043720368
2321,198,2002,0.5684259961849296
2322,198,2003,0.5393724412119036
2323,198,2004,0.5505092713269192
2324,198,2005,0.5673501762472992
2325,198,2006,0.5506297173443598
2326,198,2007,0.595303486852162
2327,198,2008,0.5946285236040284
2328,198,2009,0.5744838031714377
2329,198,2010,0.5347164377640986
2330,198,2011,0.5915401943419393
2331,198,2012,0.5814211128765162
2332,198,2013,0.5593554782973611
2333,198,2014,
2334,198,2015,
2335,198,2016,
2336,198,2017,
2337,198,2018,
2338,198,2019,
2339,198,2020,
2340,199,2001,0.6117052235039894
2341,199,2002,0.5959265874437093
2342,199,2003,0.6001797650307977
2343,199,2004,0.6049560680626466
2344,199,2005,0.5434224211452526
2345,199,2006,0.6066277875982252
2346,199,2007,0.6115803647788196
2347,199,2008,0.5917265622121267
2348,199,2009,0.5719755440412594
2349,199,2010,0.6240200225584019
2350,199,2011,0.6298172986290856
2351,199,2012,0.5955109072360673
2352,199,2013,0.6407186680679884
2353,199,2014,
2354,199,2015,
2355,199,2016,
2356,199,2017,
2357,199,2018,
2358,199,2019,
2359,199,2020,
2360,202,2001,0.58183735653759
2361,202,2002,0.556087498187272
2362,202,2003,0.5462813777157025
2363,202,2004,0.5803259626680662
2364,202,2005,0.5743713818837993
2365,202,2006,0.5514753540307181
2366,202,2007,0.5674244111513871
2367,202,2008,0.5776597177990087
2368,202,2009,0.5751282900231507
2369,202,2010,0.5688111279378919
2370,202,2011,0.5645075053975136
2371,202,2012,0.5794984243720888
2372,202,2013,0.5728881118065664
2373,202,2014,
2374,202,2015,
2375,202,2016,
2376,202,2017,
2377,202,2018,
2378,202,2019,
2379,202,2020,
2380,203,2001,0.5606377257932548
2381,203,2002,0.5352480666860756
2382,203,2003,0.5183181006895181
2383,203,2004,0.5385373277998876
2384,203,2005,0.5448716558313579
2385,203,2006,0.5412923180404222
2386,203,2007,0.5577672844256735
2387,203,2008,0.5631157149048506
2388,203,2009,0.5460864230181672
2389,203,2010,0.5462370564779898
2390,203,2011,0.5568374811689202
2391,203,2012,0.5180918655165714
2392,203,2013,0.5591743922835571
2393,203,2014,
2394,203,2015,
2395,203,2016,
2396,203,2017,
2397,203,2018,
2398,203,2019,
2399,203,2020,
2400,205,2001,0.5836495187576365
2401,205,2002,0.5626864766291619
2402,205,2003,0.5696973014082679
2403,205,2004,0.541284660241546
2404,205,2005,0.5698836175670047
2405,205,2006,0.5505963533697064
2406,205,2007,0.5847978327497801
2407,205,2008,0.5681210949354595
2408,205,2009,0.582675398187484
2409,205,2010,0.5968439209684567
2410,205,2011,0.6075026265184609
2411,205,2012,0.5797304157693085
2412,205,2013,0.5711181120615846
2413,205,2014,
2414,205,2015,
2415,205,2016,
2416,205,2017,
2417,205,2018,
2418,205,2019,
2419,205,2020,
2420,211,2001,-0.07048420753389181
2421,211,2002,-0.06906328411720654
2422,211,2003,-0.06509997882574749
2423,211,2004,-0.05211724892477717
2424,211,2005,-0.04317455692514346
2425,211,2006,-0.04398162298929367
2426,211,2007,-0.04569659000966094
2427,211,2008,-0.05451939134065439
2428,211,2009,-0.051563146637108724
2429,211,2010,-0.04626949588525297
2430,211,2011,-0.044525240023994765
2431,211,2012,-0.054096795675559965
2432,211,2013,-0.05269095997393372
2433,211,2014,
2434,211,2015,
2435,211,2016,
2436,211,2017,
2437,211,2018,
2438,211,2019,
2439,211,2020,
2440,212,2001,-1.0
2441,212,2002,-1.0
2442,212,2003,-1.0
2443,212,2004,-1.0
2444,212,2005,-1.0
2445,212,2006,-1.0
2446,212,2007,-1.0
2447,212,2008,-1.0
2448,212,2009,-1.0
2449,212,2010,-1.0
2450,212,2011,-1.0
2451,212,2012,-1.0
2452,212,2013,-1.0
2453,212,2014,
2454,212,2015,
2455,212,2016,
2456,212,2017,
2457,212,2018,
2458,212,2019,
2459,212,2020,
2460,214,2001,0.1320742039391611
2461,214,2002,0.1506501865850711
2462,214,2003,0.15127599902794645
2463,214,2004,0.1465257398797836
2464,214,2005,0.16616023361933682
2465,214,2006,0.17619106415968797
2466,214,2007,0.16317585516280045
2467,214,2008,0.16993564521889107
2468,214,2009,0.16423638176801827
2469,214,2010,0.16594249025669267
2470,214,2011,0.16831542643386413
2471,214,2012,0.15053724900847157
2472,214,2013,0.16343037881115094
2473,214,2014,
2474,214,2015,
2475,214,2016,
2476,214,2017,
2477,214,2018,
2478,214,2019,
2479,214,2020,
2480,215,2001,0.10552836587887467
2481,215,2002,0.10076247575032343
2482,215,2003,0.09443915811850466
2483,215,2004,0.0926589894148983
2484,215,2005,0.08958109436835925
2485,215,2006,0.08894821695518364
2486,215,2007,0.08907488563582293
2487,215,2008,0.0896736877952183
2488,215,2009,0.09621694540473329
2489,215,2010,0.09746261849993847
2490,215,2011,0.0978023789020036
2491,215,2012,0.10360855754405844
2492,215,2013,0.10398793860842437
2493,215,2014,
2494,215,2015,
2495,215,2016,
2496,215,2017,
2497,215,2018,
2498,215,2019,
2499,215,2020,
2500,217,2001,0.39697610233040487
2501,217,2002,0.3649134900973299
2502,217,2003,0.3753174196790323
2503,217,2004,0.38394935061768437
2504,217,2005,0.3813691894893545
2505,217,2006,0.3848406013269418
2506,217,2007,0.36923136222718433
2507,217,2008,0.3784909779683942
2508,217,2009,0.3924579081834474
2509,217,2010,0.3980525827390218
2510,217,2011,0.3960578972435635
2511,217,2012,0.39574819172541204
2512,217,2013,0.3984483003878883
2513,217,2014,
2514,217,2015,
2515,217,2016,
2516,217,2017,
2517,217,2018,
2518,217,2019,
2519,217,2020,
2520,2648,2001,0.6018214101986176
2521,2648,2002,0.5768216803881602
2522,2648,2003,0.5637535468401201
2523,2648,2004,0.5934601617780905
2524,2648,2005,0.5859656428089349
2525,2648,2006,0.5819811164336685
2526,2648,2007,0.5956114128442546
2527,2648,2008,0.5983242490429662
2528,2648,2009,0.5780966659703678
2529,2648,2010,0.5884879076558485
2530,2648,2011,0.5929475536883607
2531,2648,2012,0.5553160440412693
2532,2648,2013,0.6028850814655443
2533,2648,2014,
2534,2648,2015,
2535,2648,2016,
2536,2648,2017,
2537,2648,2018,
2538,2648,2019,
2539,2648,2020,
2540,221,2001,0.6460540012159394
2541,221,2002,0.680462947551251
2542,221,2003,0.6565597498293964
2543,221,2004,0.6547196208954386
2544,221,2005,0.6532323324494822
2545,221,2006,0.6825129550656984
2546,221,2007,0.6537203237204894
2547,221,2008,0.6492108413920872
2548,221,2009,0.6464112142487276
2549,221,2010,0.6597716409305318
2550,221,2011,0.6585957028333947
2551,221,2012,0.637808283975056
2552,221,2013,0.6727178176060947
2553,221,2014,
2554,221,2015,
2555,221,2016,
2556,221,2017,
2557,221,2018,
2558,221,2019,
2559,221,2020,
2560,223,2001,0.6021480242209355
2561,223,2002,0.5974730587224902
2562,223,2003,0.5719883046626998
2563,223,2004,0.5741891928649339
2564,223,2005,0.598175832435654
2565,223,2006,0.581114912749673
2566,223,2007,0.6232324909651089
2567,223,2008,0.6245242482929809
2568,223,2009,0.6127733940334842
2569,223,2010,0.5873146448981267
2570,223,2011,0.6371811618066066
2571,223,2012,0.5857875211607312
2572,223,2013,0.5976439984826518
2573,223,2014,
2574,223,2015,
2575,223,2016,
2576,223,2017,
2577,223,2018,
2578,223,2019,
2579,223,2020,
2580,224,2001,0.6920803073085359
2581,224,2002,0.6779661277336576
2582,224,2003,0.6678088585667586
2583,224,2004,0.6690267776845106
2584,224,2005,0.6753947143382791
2585,224,2006,0.6676143186486169
2586,224,2007,0.7058527488585584
2587,224,2008,0.6959048335248953
2588,224,2009,0.6891351495595798
2589,224,2010,0.6753282598275302
2590,224,2011,0.7188121305193738
2591,224,2012,0.7077600253123536
2592,224,2013,0.6594603555479374
2593,224,2014,
2594,224,2015,
2595,224,2016,
2596,224,2017,
2597,224,2018,
2598,224,2019,
2599,224,2020,
2600,225,2001,0.597735058107636
2601,225,2002,0.5621085602705028
2602,225,2003,0.5834430621219745
2603,225,2004,0.5720381053115073
2604,225,2005,0.589067934002836
2605,225,2006,0.5782364191821295
2606,225,2007,0.6076984834310393
2607,225,2008,0.6029315122450528
2608,225,2009,0.5870156987353825
2609,225,2010,0.6040076939856368
2610,225,2011,0.6379159492807198
2611,225,2012,0.5944147140346473
2612,225,2013,0.5997149133553847
2613,225,2014,
2614,225,2015,
2615,225,2016,
2616,225,2017,
2617,225,2018,
2618,225,2019,
2619,225,2020,
2620,226,2001,0.27748399055819667
2621,226,2002,0.28385975844819655
2622,226,2003,0.27486902175876665
2623,226,2004,0.2749250365219644
2624,226,2005,0.27705724685965705
2625,226,2006,0.2751915330042767
2626,226,2007,0.28168736252421395
2627,226,2008,0.26420875129092875
2628,226,2009,0.25484334014122717
2629,226,2010,0.24893110981664504
2630,226,2011,0.24615665715581256
2631,226,2012,0.2689051824682387
2632,226,2013,0.2805387149849612
2633,226,2014,
2634,226,2015,
2635,226,2016,
2636,226,2017,
2637,226,2018,
2638,226,2019,
2639,226,2020,
2640,227,2001,0.3897501857685761
2641,227,2002,0.3748284355985454
2642,227,2003,0.3614278111907387
2643,227,2004,0.3643160019777903
2644,227,2005,0.35785809980481903
2645,227,2006,0.3886223034319243
2646,227,2007,0.358350824304332
2647,227,2008,0.37197753240757736
2648,227,2009,0.3694035147978029
2649,227,2010,0.36793651629073204
2650,227,2011,0.39772132275151956
2651,227,2012,0.3798332981341135
2652,227,2013,0.3733104731300651
2653,227,2014,
2654,227,2015,
2655,227,2016,
2656,227,2017,
2657,227,2018,
2658,227,2019,
2659,227,2020,
2660,229,2001,0.5095390237707093
2661,229,2002,0.501253162650375
2662,229,2003,0.5071762985431592
2663,229,2004,0.5201597089764204
2664,229,2005,0.4791377101073248
2665,229,2006,0.5081530434703829
2666,229,2007,0.5169084709044965
2667,229,2008,0.5093201058758708
2668,229,2009,0.5018611340826258
2669,229,2010,0.5250605983881718
2670,229,2011,0.5322007992936587
2671,229,2012,0.5120348837398473
2672,229,2013,0.5363896681788248
2673,229,2014,
2674,229,2015,
2675,229,2016,
2676,229,2017,
2677,229,2018,
2678,229,2019,
2679,229,2020,
2680,231,2001,0.685608275158538
2681,231,2002,0.6791689062453985
2682,231,2003,0.6888622304608908
2683,231,2004,0.6665889487182227
2684,231,2005,0.6874121514144084
2685,231,2006,0.6795740646544021
2686,231,2007,0.6831972311761211
2687,231,2008,0.7031643564724779
2688,231,2009,0.6727688221478839
2689,231,2010,0.6933674878850732
2690,231,2011,0.6862676254952625
2691,231,2012,0.6552945513069669
2692,231,2013,0.6801870696518897
2693,231,2014,
2694,231,2015,
2695,231,2016,
2696,231,2017,
2697,231,2018,
2698,231,2019,
2699,231,2020,
2700,233,2001,0.7829969515532564
2701,233,2002,0.7727395143762408
2702,233,2003,0.7766024320374704
2703,233,2004,0.793025806828112
2704,233,2005,0.7801070971919243
2705,233,2006,0.773850302989231
2706,233,2007,0.7563209001916663
2707,233,2008,0.7416285775700335
2708,233,2009,0.782942833591408
2709,233,2010,0.7733604425882259
2710,233,2011,0.792227420695411
2711,233,2012,0.7732943361555442
2712,233,2013,0.7781787310156467
2713,233,2014,
2714,233,2015,
2715,233,2016,
2716,233,2017,
2717,233,2018,
2718,233,2019,
2719,233,2020,
2720,236,2001,0.43566240605402823
2721,236,2002,0.4589646009808905
2722,236,2003,0.4503447256054504
2723,236,2004,0.4542658020584796
2724,236,2005,0.45952555973573467
2725,236,2006,0.439833870285504
2726,236,2007,0.4649450245604297
2727,236,2008,0.45412118002253593
2728,236,2009,0.449918791778315
2729,236,2010,0.444417878114518
2730,236,2011,0.4690715910359793
2731,236,2012,0.44938819358258747
2732,236,2013,0.4562971403461709
2733,236,2014,
2734,236,2015,
2735,236,2016,
2736,236,2017,
2737,236,2018,
2738,236,2019,
2739,236,2020,
2740,237,2001,0.5774389668888379
2741,237,2002,0.5641122809964457
2742,237,2003,0.557052613570442
2743,237,2004,0.5436504997729551
2744,237,2005,0.5517388222683911
2745,237,2006,0.5465889135495273
2746,237,2007,0.5827487149974745
2747,237,2008,0.5565291649870144
2748,237,2009,0.5416064777802002
2749,237,2010,0.5385622614801825
2750,237,2011,0.6109499634786602
2751,237,2012,0.5563890901880945
2752,237,2013,0.5308641738250852
2753,237,2014,
2754,237,2015,
2755,237,2016,
2756,237,2017,
2757,237,2018,
2758,237,2019,
2759,237,2020,
2760,240,2001,0.6143805213246573
2761,240,2002,0.6085415377636434
2762,240,2003,0.6274692443223661
2763,240,2004,0.6033922455540949
2764,240,2005,0.5901251801787225
2765,240,2006,0.6221113330282202
2766,240,2007,0.617837400752857
2767,240,2008,0.6242349185602003
2768,240,2009,0.6370386538613083
2769,240,2010,0.629664041784665
2770,240,2011,0.6555344550680989
2771,240,2012,0.6341308302973249
2772,240,2013,0.6277111734436226
2773,240,2014,
2774,240,2015,
2775,240,2016,
2776,240,2017,
2777,240,2018,
2778,240,2019,
2779,240,2020,
2780,242,2001,0.6474611114442906
2781,242,2002,0.6329160445385823
2782,242,2003,0.6699579258322522
2783,242,2004,0.6509352600740784
2784,242,2005,0.6636371148250166
2785,242,2006,0.6444590653032933
2786,242,2007,0.6690633278026267
2787,242,2008,0.6435298568005111
2788,242,2009,0.6601638486588959
2789,242,2010,0.6779706276372629
2790,242,2011,0.6419257022727025
2791,242,2012,0.6811500390226408
2792,242,2013,0.6724054941055272
2793,242,2014,
2794,242,2015,
2795,242,2016,
2796,242,2017,
2797,242,2018,
2798,242,2019,
2799,242,2020,
2800,243,2001,0.5254606531042478
2801,243,2002,0.5432886842032818
2802,243,2003,0.5456098697161207
2803,243,2004,0.5201524234706631
2804,243,2005,0.5205153689345233
2805,243,2006,0.5386658664822862
2806,243,2007,0.5294081259070569
2807,243,2008,0.5320877619161534
2808,243,2009,0.5426084643266236
2809,243,2010,0.5476245157007122
2810,243,2011,0.5449489864978675
2811,243,2012,0.5418438937172486
2812,243,2013,0.5434353079584336
2813,243,2014,
2814,243,2015,
2815,243,2016,
2816,243,2017,
2817,243,2018,
2818,243,2019,
2819,243,2020,
2820,246,2001,0.3607673223549319
2821,246,2002,0.3615950316083476
2822,246,2003,0.35620383218103663
2823,246,2004,0.38533949444050214
2824,246,2005,0.3902455274382648
2825,246,2006,0.38246259865803695
2826,246,2007,0.37970799184678933
2827,246,2008,0.3895213525880303
2828,246,2009,0.38528235144001693
2829,246,2010,0.3808691287924568
2830,246,2011,0.3922034925746529
2831,246,2012,0.3842133584266499
2832,246,2013,0.37209464446762813
2833,246,2014,
2834,246,2015,
2835,246,2016,
2836,246,2017,
2837,246,2018,
2838,246,2019,
2839,246,2020,
2840,248,2001,0.18696983343476523
2841,248,2002,0.17702858267091148
2842,248,2003,0.19438517159173554
2843,248,2004,0.19249675384802548
2844,248,2005,0.18397271939066642
2845,248,2006,0.1892815728843437
2846,248,2007,0.19332689559799512
2847,248,2008,0.18203930693455506
2848,248,2009,0.19975672846105477
2849,248,2010,0.18411916021130934
2850,248,2011,0.19885729761116644
2851,248,2012,0.2080244948796708
2852,248,2013,0.18688789275691264
2853,248,2014,
2854,248,2015,
2855,248,2016,
2856,248,2017,
2857,248,2018,
2858,248,2019,
2859,248,2020,
2860,249,2001,0.37626205791649586
2861,249,2002,0.36700472017468666
2862,249,2003,0.36447749626446474
2863,249,2004,0.36304825466329976
2864,249,2005,0.3616789857996139
2865,249,2006,0.37524020872105796
2866,249,2007,0.3709623397601347
2867,249,2008,0.3698434192813019
2868,249,2009,0.3867521335076338
2869,249,2010,0.40188458853607417
2870,249,2011,0.41285302220454606
2871,249,2012,0.37364840656807496
2872,249,2013,0.40527040340646564
2873,249,2014,
2874,249,2015,
2875,249,2016,
2876,249,2017,
2877,249,2018,
2878,249,2019,
2879,249,2020,
2880,250,2001,-0.03985408025197288
2881,250,2002,-0.024405999225661668
2882,250,2003,-0.023191848129941656
2883,250,2004,-0.02378257931546364
2884,250,2005,-0.027468601697888367
2885,250,2006,-0.035297598687085256
2886,250,2007,-0.030383321011115544
2887,250,2008,-0.04456863081451088
2888,250,2009,-0.023163657131078333
2889,250,2010,-0.0290580582483963
2890,250,2011,-0.04875304636179861
2891,250,2012,-0.03174393406229597
2892,250,2013,-0.03037484280358187
2893,250,2014,
2894,250,2015,
2895,250,2016,
2896,250,2017,
2897,250,2018,
2898,250,2019,
2899,250,2020,
2900,254,2001,0.49837829164542563
2901,254,2002,0.48960356636755814
2902,254,2003,0.44633123931919516
2903,254,2004,0.47039249009725426
2904,254,2005,0.4648997977583795
2905,254,2006,0.46357872455429194
2906,254,2007,0.4896149418469807
2907,254,2008,0.5031481220399736
2908,254,2009,0.4539256507269846
2909,254,2010,0.4610694566169431
2910,254,2011,0.475429080087457
2911,254,2012,0.4635810117381996
2912,254,2013,0.46804220564809623
2913,254,2014,
2914,254,2015,
2915,254,2016,
2916,254,2017,
2917,254,2018,
2918,254,2019,
2919,254,2020,
2920,255,2001,0.0903342963095735
2921,255,2002,0.08785141474375459
2922,255,2003,0.08074140720503727
2923,255,2004,0.07122718020736692
2924,255,2005,0.06868607790318339
2925,255,2006,0.07008531336101582
2926,255,2007,0.07142265800142684
2927,255,2008,0.07205044142485945
2928,255,2009,0.07981282011867386
2929,255,2010,0.08062968867748274
2930,255,2011,0.08026520353962809
2931,255,2012,0.08978968843654932
2932,255,2013,0.08794427772889596
2933,255,2014,
2934,255,2015,
2935,255,2016,
2936,255,2017,
2937,255,2018,
2938,255,2019,
2939,255,2020,
2940,256,2001,0.5980987673279272
2941,256,2002,0.6036595802847717
2942,256,2003,0.6042432096924946
2943,256,2004,0.6072223507555722
2944,256,2005,0.6143187771431328
2945,256,2006,0.6182216910622887
2946,256,2007,0.6271843927920808
2947,256,2008,0.5952340210193455
2948,256,2009,0.5992355970188451
2949,256,2010,0.5866993544483083
2950,256,2011,0.610057712721194
2951,256,2012,0.6176758084676314
2952,256,2013,0.583979678312247
2953,256,2014,
2954,256,2015,
2955,256,2016,
2956,256,2017,
2957,256,2018,
2958,256,2019,
2959,256,2020,
2960,257,2001,0.5121517014148016
2961,257,2002,0.5209978227407436
2962,257,2003,0.5042071900616502
2963,257,2004,0.5027202924001011
2964,257,2005,0.4940867635274822
2965,257,2006,0.5063506741404841
2966,257,2007,0.5220070997712
2967,257,2008,0.5140327104352574
2968,257,2009,0.4995632228608276
2969,257,2010,0.5114879137078291
2970,257,2011,0.5169498140622631
2971,257,2012,0.49737660516339616
2972,257,2013,0.5018677727097544
2973,257,2014,
2974,257,2015,
2975,257,2016,
2976,257,2017,
2977,257,2018,
2978,257,2019,
2979,257,2020,
2980,260,2001,0.714839976952255
2981,260,2002,0.6984207808989576
2982,260,2003,0.7047140699113515
2983,260,2004,0.6808562889661355
2984,260,2005,0.6887001032607717
2985,260,2006,0.6974680980447632
2986,260,2007,0.695665035159359
2987,260,2008,0.6650905520970779
2988,260,2009,0.6881936663860424
2989,260,2010,0.7003823778656031
2990,260,2011,0.7020255715748945
2991,260,2012,0.7117788300428902
2992,260,2013,0.7333360222147172
2993,260,2014,
2994,260,2015,
2995,260,2016,
2996,260,2017,
2997,260,2018,
2998,260,2019,
2999,260,2020,
3000,261,2001,0.12759602012511018
3001,261,2002,0.14921431906396507
3002,261,2003,0.142769138009416
3003,261,2004,0.14310688722963244
3004,261,2005,0.13527292724012252
3005,261,2006,0.13021054907919574
3006,261,2007,0.13328298429025495
3007,261,2008,0.12106877920517593
3008,261,2009,0.14785898563811314
3009,261,2010,0.13740452154615831
3010,261,2011,0.11994042021616387
3011,261,2012,0.13266315175347018
3012,261,2013,0.1352619135506037
3013,261,2014,
3014,261,2015,
3015,261,2016,
3016,261,2017,
3017,261,2018,
3018,261,2019,
3019,261,2020,
3020,262,2001,0.4607216791857049
3021,262,2002,0.44895963350438484
3022,262,2003,0.4740466996765684
3023,262,2004,0.4750365917208638
3024,262,2005,0.4940901870949405
3025,262,2006,0.4737128611033307
3026,262,2007,0.4948719666968972
3027,262,2008,0.4808585376652655
3028,262,2009,0.46455424563561204
3029,262,2010,0.4698454481146775
3030,262,2011,0.4845826133315578
3031,262,2012,0.4530012757666393
3032,262,2013,0.4753328779259131
3033,262,2014,
3034,262,2015,
3035,262,2016,
3036,262,2017,
3037,262,2018,
3038,262,2019,
3039,262,2020,
3040,263,2001,0.6765616808931986
3041,263,2002,0.6848721165433415
3042,263,2003,0.6668309647350553
3043,263,2004,0.6751697443426042
3044,263,2005,0.6846973477707934
3045,263,2006,0.6793427136854392
3046,263,2007,0.6689702902413949
3047,263,2008,0.6722372950462511
3048,263,2009,0.6749753552601231
3049,263,2010,0.6702270277963024
3050,263,2011,0.6911179458527205
3051,263,2012,0.6763290316574464
3052,263,2013,0.6705261400433664
3053,263,2014,
3054,263,2015,
3055,263,2016,
3056,263,2017,
3057,263,2018,
3058,263,2019,
3059,263,2020,
3060,264,2001,0.6506036210500085
3061,264,2002,0.6492508396976203
3062,264,2003,0.6626108854030269
3063,264,2004,0.6383564266677025
3064,264,2005,0.6302982418865157
3065,264,2006,0.6549857212319012
3066,264,2007,0.648427750240997
3067,264,2008,0.6437907508351884
3068,264,2009,0.668881461260496
3069,264,2010,0.6407055197862536
3070,264,2011,0.6319199031184003
3071,264,2012,0.6430212066593004
3072,264,2013,0.6402337689627976
3073,264,2014,
3074,264,2015,
3075,264,2016,
3076,264,2017,
3077,264,2018,
3078,264,2019,
3079,264,2020,
3080,269,2001,0.13825692815406845
3081,269,2002,0.1327896969485909
3082,269,2003,0.12714324554057913
3083,269,2004,0.12280375430706066
3084,269,2005,0.12206905138835196
3085,269,2006,0.11924167213611243
3086,269,2007,0.12245443016202162
3087,269,2008,0.12337814208128517
3088,269,2009,0.126232657105708
3089,269,2010,0.12949440258960868
3090,269,2011,0.12698494692216764
3091,269,2012,0.13412545363692344
3092,269,2013,0.1321999301341551
3093,269,2014,
3094,269,2015,
3095,269,2016,
3096,269,2017,
3097,269,2018,
3098,269,2019,
3099,269,2020,
