,GAUL,Year,Temperature
0,1,2001,286.0865599795616
1,1,2002,285.63774344710447
2,1,2003,284.9961507267623
3,1,2004,285.8646143709529
4,1,2005,284.48163041167817
5,1,2006,285.92377009633486
6,1,2007,285.20149197397177
7,1,2008,285.3506861145477
8,1,2009,284.9366834863617
9,1,2010,286.09308311954277
10,1,2011,285.51016958813693
11,1,2012,283.98772302065953
12,1,2013,285.31951147858507
13,1,2014,284.6139212937827
14,1,2015,285.41474297371633
15,1,2016,286.28146109407595
16,1,2017,285.7358051334273
17,1,2018,286.0369149269457
18,1,2019,285.04703270290275
19,1,2020,284.4200061624594
20,3,2001,284.785472348027
21,3,2002,284.8389214094139
22,3,2003,284.93899100836023
23,3,2004,284.5605649098016
24,3,2005,283.886892834596
25,3,2006,284.2581332063094
26,3,2007,285.32808486726145
27,3,2008,285.1734448921068
28,3,2009,285.0281713691858
29,3,2010,284.9571742144513
30,3,2011,284.9382351019443
31,3,2012,285.4261180421337
32,3,2013,285.41482774048967
33,3,2014,285.2633288584367
34,3,2015,285.4317644323734
35,3,2016,285.41859534108283
36,3,2017,285.32301203957303
37,3,2018,285.91052077181473
38,3,2019,285.81756179708077
39,3,2020,285.69167644013
40,4,2001,296.6703925727381
41,4,2002,296.3226971497374
42,4,2003,296.29163759136395
43,4,2004,295.78842319220684
44,4,2005,296.1955947508219
45,4,2006,296.2065060938411
46,4,2007,296.047277592768
47,4,2008,295.8523288016567
48,4,2009,296.0135561075959
49,4,2010,297.2987295286633
50,4,2011,296.0349117488947
51,4,2012,296.04809646978924
52,4,2013,296.20013752052483
53,4,2014,296.64339322003434
54,4,2015,296.2471631837115
55,4,2016,296.9985364514077
56,4,2017,296.5112279669487
57,4,2018,296.4793878902657
58,4,2019,296.3668589304593
59,4,2020,297.0212353863363
60,8,2001,295.1765370997333
61,8,2002,295.3453363931687
62,8,2003,295.497785895914
63,8,2004,295.17515599015746
64,8,2005,295.74517070653684
65,8,2006,295.0079016268118
66,8,2007,295.38317149582946
67,8,2008,295.22151934008355
68,8,2009,295.4518792143205
69,8,2010,295.5789778797104
70,8,2011,295.08600071881057
71,8,2012,295.3964113949275
72,8,2013,295.6594710150868
73,8,2014,295.52755752468534
74,8,2015,295.9899858295197
75,8,2016,296.06830073196994
76,8,2017,295.83562525224147
77,8,2018,295.8413819143362
78,8,2019,296.3650916249545
79,8,2020,295.6646124288867
80,12,2001,287.2441945997827
81,12,2002,287.0907981761178
82,12,2003,287.7262514255978
83,12,2004,287.6598354183204
84,12,2005,287.2857930317822
85,12,2006,287.9084684382096
86,12,2007,286.8778143618719
87,12,2008,287.845215004244
88,12,2009,287.89586806770154
89,12,2010,287.2252217850889
90,12,2011,287.53604489813785
91,12,2012,287.9323212371135
92,12,2013,287.9032038169609
93,12,2014,287.6530856430084
94,12,2015,287.8013808406566
95,12,2016,287.4032784805101
96,12,2017,287.855913440895
97,12,2018,287.7409487827943
98,12,2019,287.78386771199456
99,12,2020,288.13423007910916
100,13,2001,279.7348305962469
101,13,2002,278.839321388906
102,13,2003,278.43680265768097
103,13,2004,278.625665107312
104,13,2005,278.9843681689701
105,13,2006,279.5407224380677
106,13,2007,278.5556474230794
107,13,2008,279.04562363396076
108,13,2009,278.76342760235815
109,13,2010,281.035797251126
110,13,2011,278.3397918900105
111,13,2012,279.31837992797983
112,13,2013,279.16825417555293
113,13,2014,279.94110860894773
114,13,2015,279.93067120588256
115,13,2016,279.1010823787241
116,13,2017,279.54553500426044
117,13,2018,280.954905730711
118,13,2019,280.1013877915828
119,13,2020,279.8993481361024
120,17,2001,294.49332905163885
121,17,2002,295.54974949186817
122,17,2003,295.3139621878152
123,17,2004,295.2034179166855
124,17,2005,295.83446808872316
125,17,2006,295.214499783329
126,17,2007,295.3648760458729
127,17,2008,295.1164994205768
128,17,2009,295.6191549349454
129,17,2010,294.7278413891848
130,17,2011,294.4322986392514
131,17,2012,294.9495516121246
132,17,2013,295.9905699750582
133,17,2014,295.71274787449175
134,17,2015,295.65226339870003
135,17,2016,295.45260136198505
136,17,2017,295.7041406828378
137,17,2018,295.86147000196013
138,17,2019,296.41865780873667
139,17,2020,295.70588951098154
140,18,2001,279.1120502457523
141,18,2002,279.91835889378876
142,18,2003,279.52953119637306
143,18,2004,278.85796459565216
144,18,2005,278.5553613435645
145,18,2006,279.3277943029472
146,18,2007,279.98946527266685
147,18,2008,279.79138696173965
148,18,2009,279.4823584734612
149,18,2010,278.43202419588397
150,18,2011,279.98631562879956
151,18,2012,279.6654414817258
152,18,2013,279.3824828506051
153,18,2014,280.62711792752367
154,18,2015,280.570680555622
155,18,2016,280.09957003550005
156,18,2017,279.8535294472617
157,18,2018,280.78955591576965
158,18,2019,280.6238161727686
159,18,2020,280.48334191141964
160,19,2001,287.27620005971886
161,19,2002,286.7655728099229
162,19,2003,286.2302927398113
163,19,2004,287.04530781055195
164,19,2005,287.3488874957939
165,19,2006,287.28915007655434
166,19,2007,286.9669889035019
167,19,2008,286.83618815055286
168,19,2009,286.9751694454327
169,19,2010,288.4240349853584
170,19,2011,286.41310324897205
171,19,2012,287.4472630061802
172,19,2013,287.22663318814887
173,19,2014,287.39985278113033
174,19,2015,287.40792380260024
175,19,2016,287.00368905219244
176,19,2017,287.4226564316818
177,19,2018,288.0323265111365
178,19,2019,287.88541974679833
179,19,2020,287.5877580697824
180,23,2001,297.80967531113316
181,23,2002,297.7540049070299
182,23,2003,297.77245560219257
183,23,2004,297.8858825599872
184,23,2005,298.2561437440717
185,23,2006,298.5952401774559
186,23,2007,297.89794400426234
187,23,2008,298.0181501371622
188,23,2009,298.6669590602617
189,23,2010,298.7035772644653
190,23,2011,297.94049771036333
191,23,2012,297.9536576525663
192,23,2013,297.84545049859315
193,23,2014,298.1936504240181
194,23,2015,298.0162490169809
195,23,2016,298.4599352433843
196,23,2017,298.09629135790425
197,23,2018,297.98192523565376
198,23,2019,298.2854133581096
199,23,2020,297.9995168529697
200,24,2001,299.21218984085107
201,24,2002,299.38467201780077
202,24,2003,299.42067056224863
203,24,2004,299.38740009244196
204,24,2005,299.7314338030232
205,24,2006,299.5129499663412
206,24,2007,299.48306857372756
207,24,2008,299.19831349842167
208,24,2009,299.46172562471423
209,24,2010,299.9729754112839
210,24,2011,299.44825572391113
211,24,2012,299.4425400513274
212,24,2013,299.43717686055635
213,24,2014,299.2651718958682
214,24,2015,299.46791330457114
215,24,2016,299.74852977919585
216,24,2017,299.53594637411794
217,24,2018,299.24524893995124
218,24,2019,299.5341447805251
219,24,2020,299.6837300415452
220,26,2001,280.14707104381995
221,26,2002,280.90064909609265
222,26,2003,279.6288130496714
223,26,2004,279.85583665161477
224,26,2005,279.84011957080793
225,26,2006,279.982197825477
226,26,2007,280.94674771880443
227,26,2008,281.2011007025555
228,26,2009,280.22199498789615
229,26,2010,279.97682852279496
230,26,2011,280.4947105764205
231,26,2012,279.82946457131885
232,26,2013,280.4915405900503
233,26,2014,280.9575441430521
234,26,2015,281.85058375680927
235,26,2016,280.9323747280693
236,26,2017,280.70200640349236
237,26,2018,281.0356538397087
238,26,2019,282.0029475625175
239,26,2020,282.3129259452584
240,27,2001,283.01778724151296
241,27,2002,283.6364201728529
242,27,2003,283.51027218484916
243,27,2004,283.01291826048197
244,27,2005,283.33243267472693
245,27,2006,283.6802185894732
246,27,2007,283.749922571424
247,27,2008,283.07867685228683
248,27,2009,283.1913941616766
249,27,2010,281.9057621686667
250,27,2011,283.9205971634017
251,27,2012,283.0102364759848
252,27,2013,282.5278589130087
253,27,2014,284.2838026078953
254,27,2015,283.68874852915803
255,27,2016,283.48497528676285
256,27,2017,283.9111175101669
257,27,2018,284.4159170700771
258,27,2019,284.10001776070294
259,27,2020,284.75878914913983
260,28,2001,297.5163455396508
261,28,2002,297.8043076610962
262,28,2003,298.0373417991229
263,28,2004,297.79462127895806
264,28,2005,298.0993013944497
265,28,2006,297.5744515399071
266,28,2007,297.89303885572605
267,28,2008,297.6356657888881
268,28,2009,298.06323960935373
269,28,2010,297.8344873109536
270,28,2011,297.9098951728885
271,28,2012,297.70315186993145
272,28,2013,297.91299802799347
273,28,2014,297.7111185171053
274,28,2015,298.1983212867342
275,28,2016,298.13327870847775
276,28,2017,298.0482721193786
277,28,2018,297.8421393084637
278,28,2019,298.75810122467726
279,28,2020,298.61363477944684
280,29,2001,300.3849641095937
281,29,2002,300.3599645525938
282,29,2003,300.6256277360874
283,29,2004,300.56098667038435
284,29,2005,300.81256861451146
285,29,2006,300.77490324744946
286,29,2007,300.5180809129682
287,29,2008,300.32870513917675
288,29,2009,300.75925591275137
289,29,2010,300.7559871276735
290,29,2011,300.68659979501405
291,29,2012,300.2330808285877
292,29,2013,300.65173873241025
293,29,2014,300.6041845474787
294,29,2015,300.6604485816875
295,29,2016,300.86265253077534
296,29,2017,301.00930237534345
297,29,2018,300.632591809166
298,29,2019,300.8195022497342
299,29,2020,300.85858106970005
300,33,2001,292.70989386460224
301,33,2002,293.17310463112955
302,33,2003,292.9676817914051
303,33,2004,292.6635004719299
304,33,2005,292.7268087346796
305,33,2006,292.9323100977214
306,33,2007,292.8487467671122
307,33,2008,292.6379978579439
308,33,2009,292.9662538943309
309,33,2010,293.3214950965949
310,33,2011,292.97316332988447
311,33,2012,292.9871005019409
312,33,2013,292.78368145913606
313,33,2014,292.91229365485583
314,33,2015,293.36752554546
315,33,2016,293.15749771360805
316,33,2017,293.2412540216183
317,33,2018,292.79822453261664
318,33,2019,293.38868119448176
319,33,2020,293.87478105941744
320,34,2001,282.3404261312224
321,34,2002,282.96718087933334
322,34,2003,282.6350556078516
323,34,2004,282.2336002095686
324,34,2005,281.37898359164814
325,34,2006,282.3556111780826
326,34,2007,283.24946848651933
327,34,2008,283.23013425808466
328,34,2009,282.8948900158835
329,34,2010,282.21895421872415
330,34,2011,282.91901676904797
331,34,2012,283.1337967422984
332,34,2013,283.07209762785396
333,34,2014,283.56936368590044
334,34,2015,283.35338026455815
335,34,2016,283.106933392256
336,34,2017,282.95885647633276
337,34,2018,283.5683484738279
338,34,2019,283.6721122690898
339,34,2020,283.6003339357685
340,35,2001,294.47645437614466
341,35,2002,295.4599849013673
342,35,2003,295.9161260448858
343,35,2004,294.734342145845
344,35,2005,295.96688181045585
345,35,2006,293.83931336026023
346,35,2007,294.84106893405215
347,35,2008,294.6279892643591
348,35,2009,294.327572083472
349,35,2010,294.89137029882573
350,35,2011,294.1770775331613
351,35,2012,295.0954596570255
352,35,2013,295.30382124069916
353,35,2014,294.3585047401901
354,35,2015,296.2907369134372
355,35,2016,296.16476985371264
356,35,2017,294.7673611191826
357,35,2018,295.787998770882
358,35,2019,296.65703796951226
359,35,2020,295.138133691847
360,37,2001,297.5234076335242
361,37,2002,297.940968103413
362,37,2003,297.72669213907926
363,37,2004,297.55409431817566
364,37,2005,297.9059496169973
365,37,2006,297.6480746216244
366,37,2007,297.89396397000945
367,37,2008,297.5285681635715
368,37,2009,297.73749255789005
369,37,2010,298.1147979253964
370,37,2011,297.5585513075477
371,37,2012,297.9329226405045
372,37,2013,297.7350996954863
373,37,2014,297.87179180243317
374,37,2015,298.44243579349376
375,37,2016,298.28866302848354
376,37,2017,298.17389732367354
377,37,2018,297.8956948079992
378,37,2019,298.4197046937622
379,37,2020,298.2648983959064
380,40,2001,298.61753003194036
381,40,2002,299.0811361632953
382,40,2003,298.9760170966957
383,40,2004,298.7650926410551
384,40,2005,298.9657945999514
385,40,2006,298.6308451442577
386,40,2007,298.4450180243151
387,40,2008,298.2197696000102
388,40,2009,298.86800484844383
389,40,2010,298.84780864628334
390,40,2011,298.52697774334973
391,40,2012,298.58611491978274
392,40,2013,298.6761625181488
393,40,2014,298.4933780388499
394,40,2015,298.74844229185106
395,40,2016,299.229633617626
396,40,2017,298.6928970718178
397,40,2018,298.78245472570035
398,40,2019,299.05790223400413
399,40,2020,298.92962179506657
400,41,2001,284.1769556208766
401,41,2002,284.12255273323177
402,41,2003,283.4489177719917
403,41,2004,283.85026546019975
404,41,2005,283.2939586591463
405,41,2006,283.75675779218693
406,41,2007,284.91579013187993
407,41,2008,284.55861734619714
408,41,2009,284.4139739795052
409,41,2010,284.29572848832964
410,41,2011,283.58421651532075
411,41,2012,284.65268968627805
412,41,2013,284.8719800297818
413,41,2014,284.5892766029113
414,41,2015,284.79255625570244
415,41,2016,284.78533041296424
416,41,2017,284.23684737701825
417,41,2018,284.73883129616104
418,41,2019,285.4231066601579
419,41,2020,285.184938745839
420,42,2001,301.4290408665152
421,42,2002,301.78612323886074
422,42,2003,301.5920030093782
423,42,2004,301.9390444161858
424,42,2005,302.0066416770771
425,42,2006,301.7575872266245
426,42,2007,301.56954618306514
427,42,2008,301.1535048252403
428,42,2009,301.8512754195744
429,42,2010,301.7824900675342
430,42,2011,301.8421530734531
431,42,2012,301.32874960261665
432,42,2013,301.8003262896803
433,42,2014,301.88888477604803
434,42,2015,301.61396496007734
435,42,2016,301.9905753226839
436,42,2017,301.87013168452313
437,42,2018,301.80315853378835
438,42,2019,301.85179732755125
439,42,2020,301.7964540401676
440,47,2001,296.36364556114296
441,47,2002,296.2002770765007
442,47,2003,296.28868989064466
443,47,2004,296.37743432074916
444,47,2005,296.7243865686732
445,47,2006,296.52573493722554
446,47,2007,296.05245179290597
447,47,2008,296.2726423770124
448,47,2009,296.0145559992471
449,47,2010,297.08321530028155
450,47,2011,296.51353509137067
451,47,2012,296.1375904255756
452,47,2013,296.19043106031296
453,47,2014,295.8487954962484
454,47,2015,295.8860728953926
455,47,2016,296.32021409379905
456,47,2017,296.54836444682235
457,47,2018,295.532533718803
458,47,2019,296.0001891011527
459,47,2020,296.5706776982399
460,44,2001,299.79001028493536
461,44,2002,300.21048895425605
462,44,2003,299.9741114041578
463,44,2004,300.04764378436545
464,44,2005,299.99396804001725
465,44,2006,299.9627440245974
466,44,2007,299.5873534032866
467,44,2008,299.35993115759413
468,44,2009,299.50741651235154
469,44,2010,300.39477391319616
470,44,2011,299.490979459824
471,44,2012,300.1249648216264
472,44,2013,299.7883133477547
473,44,2014,299.870744185333
474,44,2015,300.47657573144437
475,44,2016,300.40617344437334
476,44,2017,299.65484599606884
477,44,2018,299.9755520138139
478,44,2019,300.53149042507124
479,44,2020,300.23241817029117
480,45,2001,297.3944592708045
481,45,2002,297.54888256512186
482,45,2003,297.7020563231925
483,45,2004,297.66066547767025
484,45,2005,297.94355308464816
485,45,2006,297.8256524741317
486,45,2007,297.658947518067
487,45,2008,297.45578931182825
488,45,2009,297.82866355710826
489,45,2010,298.13613549782013
490,45,2011,297.6262191318942
491,45,2012,297.55697847910056
492,45,2013,297.74320631525615
493,45,2014,297.70753696509445
494,45,2015,297.8933567577812
495,45,2016,298.15113778228596
496,45,2017,298.09379542097594
497,45,2018,297.91710452271644
498,45,2019,298.04154358670604
499,45,2020,298.2557254682905
500,49,2001,298.9124339996218
501,49,2002,299.1158014305734
502,49,2003,299.2497301140533
503,49,2004,299.3647243268877
504,49,2005,299.57726590378985
505,49,2006,299.21231323834223
506,49,2007,299.13873457402013
507,49,2008,299.05426390994955
508,49,2009,299.44680832236287
509,49,2010,299.52207258415314
510,49,2011,299.201993311958
511,49,2012,299.2134652579
512,49,2013,299.44683493932996
513,49,2014,299.4530388263525
514,49,2015,299.7287651898934
515,49,2016,299.9623726833906
516,49,2017,299.91332289068663
517,49,2018,299.6855843070725
518,49,2019,299.94693173587933
519,49,2020,300.0557231780128
520,50,2001,299.66949474655553
521,50,2002,299.93632424073206
522,50,2003,300.03560615990887
523,50,2004,300.0413929387805
524,50,2005,300.3953253259662
525,50,2006,300.25240051388204
526,50,2007,300.11369220279624
527,50,2008,299.7160639053355
528,50,2009,300.6503626495072
529,50,2010,300.91963699124636
530,50,2011,300.0318107437256
531,50,2012,300.1500178657511
532,50,2013,300.638463555644
533,50,2014,300.46301053313243
534,50,2015,300.246911261443
535,50,2016,300.6421557675823
536,50,2017,300.40651590643273
537,50,2018,300.6025864848666
538,50,2019,300.442867872592
539,50,2020,300.3517373264163
540,33364,2001,295.62922826335995
541,33364,2002,295.8024458249991
542,33364,2003,295.61215193901495
543,33364,2004,295.6196422146325
544,33364,2005,295.4732206382231
545,33364,2006,295.82527620083965
546,33364,2007,295.86022829122106
547,33364,2008,295.26300138512687
548,33364,2009,295.655249766516
549,33364,2010,295.51984491633374
550,33364,2011,295.11311181056584
551,33364,2012,295.48181043961966
552,33364,2013,295.3878198964629
553,33364,2014,295.5953528121256
554,33364,2015,296.1150312433403
555,33364,2016,295.58409235568115
556,33364,2017,295.8531344089659
557,33364,2018,295.68167106111724
558,33364,2019,296.4588339136265
559,33364,2020,296.1273637414341
560,149,2001,296.2127494812012
561,149,2002,296.3645553588867
562,149,2003,296.2373644510905
563,149,2004,296.1795832316081
564,149,2005,296.0372174580892
565,149,2006,296.41871388753253
566,149,2007,296.41163635253906
567,149,2008,295.83912658691406
568,149,2009,296.26335525512695
569,149,2010,296.14410400390625
570,149,2011,295.6228141784668
571,149,2012,296.08166122436523
572,149,2013,295.95262654622394
573,149,2014,296.1822764078776
574,149,2015,296.71176783243817
575,149,2016,296.24380620320636
576,149,2017,296.4448102315267
577,149,2018,296.277151743571
578,149,2019,297.15658950805664
579,149,2020,296.70207087198895
580,57,2001,296.2237019119661
581,57,2002,296.4876985524507
582,57,2003,296.5296073696026
583,57,2004,296.48983488035736
584,57,2005,296.6415241919847
585,57,2006,296.43303454983425
586,57,2007,296.56049498963574
587,57,2008,296.2931151538386
588,57,2009,296.6200176790425
589,57,2010,296.8159510346239
590,57,2011,296.26860542184374
591,57,2012,296.3840215996304
592,57,2013,296.5714253746738
593,57,2014,296.6870739991011
594,57,2015,296.92081164762914
595,57,2016,297.1132605985609
596,57,2017,296.8883680348706
597,57,2018,296.7202823441882
598,57,2019,297.08291158952085
599,57,2020,297.2059414555127
600,59,2001,297.6165232753918
601,59,2002,297.79848096839964
602,59,2003,297.9102818258722
603,59,2004,297.90829660335464
604,59,2005,298.1566627289368
605,59,2006,297.87305617044507
606,59,2007,297.93199958319013
607,59,2008,297.83097217959045
608,59,2009,297.9353480653346
609,59,2010,298.2797696605529
610,59,2011,297.8548379650113
611,59,2012,297.754250213341
612,59,2013,297.9954236752598
613,59,2014,297.92501565224694
614,59,2015,298.13349645136344
615,59,2016,298.49366543102155
616,59,2017,298.12510106546273
617,59,2018,298.145358556073
618,59,2019,298.3356606810951
619,59,2020,298.3324887377704
620,61,2001,295.39161871459083
621,61,2002,295.6711344428917
622,61,2003,295.74492752126076
623,61,2004,295.5710113426121
624,61,2005,295.7214230799071
625,61,2006,295.6294509579616
626,61,2007,295.5593866893583
627,61,2008,295.2808469327519
628,61,2009,295.63488419089657
629,61,2010,295.7262282578468
630,61,2011,295.40473646458526
631,61,2012,295.59892185310093
632,61,2013,295.76788885073006
633,61,2014,295.85248355254834
634,61,2015,296.2103472020602
635,61,2016,296.20488079063597
636,61,2017,295.91705531469444
637,61,2018,295.7244833177586
638,61,2019,296.18131275901374
639,61,2020,296.0523608033582
640,66,2001,299.0805987795921
641,66,2002,299.16334448278553
642,66,2003,299.28178394956205
643,66,2004,299.22501520693686
644,66,2005,299.2624232529037
645,66,2006,299.3332943378104
646,66,2007,299.34405244774183
647,66,2008,299.1895686129831
648,66,2009,299.2767635830757
649,66,2010,299.47287699535843
650,66,2011,299.2256126957382
651,66,2012,299.0416090528836
652,66,2013,299.272834210658
653,66,2014,299.22415880714004
654,66,2015,299.39972338348684
655,66,2016,299.77671640217153
656,66,2017,299.6747871179488
657,66,2018,299.36211237130067
658,66,2019,299.6177730603928
659,66,2020,299.78500398601574
660,62,2001,284.5521494048818
661,62,2002,284.98410326700474
662,62,2003,284.7709550028346
663,62,2004,284.1086407537617
664,62,2005,283.44365792328205
665,62,2006,284.5145009965611
666,62,2007,285.29942203671317
667,62,2008,285.15540294669626
668,62,2009,285.0734834417047
669,62,2010,283.9197931985614
670,62,2011,284.9973566121657
671,62,2012,285.180568605354
672,62,2013,284.77988045270166
673,62,2014,285.4968638138096
674,62,2015,285.40816979330066
675,62,2016,285.02531707815365
676,62,2017,285.1392813006598
677,62,2018,285.6219954357737
678,62,2019,285.7410658351972
679,62,2020,285.5404392679654
680,63,2001,298.24647304299674
681,63,2002,298.59510871311386
682,63,2003,298.70475390143264
683,63,2004,298.48644097522623
684,63,2005,298.2014282328364
685,63,2006,298.27219390163003
686,63,2007,298.33788166186196
687,63,2008,298.41032168409
688,63,2009,298.38299715716107
689,63,2010,297.9606433866316
690,63,2011,298.4335743494579
691,63,2012,298.27042969024336
692,63,2013,298.64110076880826
693,63,2014,298.7284747433473
694,63,2015,299.158852027193
695,63,2016,298.90174944264726
696,63,2017,298.6888744592191
697,63,2018,298.6228147535822
698,63,2019,299.1508724403738
699,63,2020,299.128109508386
700,64,2001,292.5454791891214
701,64,2002,292.17556191350377
702,64,2003,292.06062498052086
703,64,2004,291.9598584746297
704,64,2005,291.8436717346556
705,64,2006,291.8036881626458
706,64,2007,292.23844367817736
707,64,2008,292.50560508412735
708,64,2009,292.3665956271865
709,64,2010,293.3202869708535
710,64,2011,291.8188187744416
711,64,2012,292.37864550879465
712,64,2013,292.46560680568837
713,64,2014,292.4037979378788
714,64,2015,292.2509729531517
715,64,2016,292.8852073373033
716,64,2017,292.39511167460495
717,64,2018,293.316838341895
718,64,2019,292.60875415650656
719,64,2020,292.80261059433343
720,65,2001,280.9136859340612
721,65,2002,281.7762323907587
722,65,2003,281.5519669902114
723,65,2004,281.03731890715943
724,65,2005,280.7985252205922
725,65,2006,281.41922320050895
726,65,2007,282.2315075166781
727,65,2008,282.0183760770791
728,65,2009,281.6031586410367
729,65,2010,280.13366200517686
730,65,2011,281.8283429059836
731,65,2012,281.63012385520443
732,65,2013,281.17251328244777
733,65,2014,282.8536733409804
734,65,2015,282.72597236296315
735,65,2016,282.02968997010163
736,65,2017,281.8106301221067
737,65,2018,283.0188281104974
738,65,2019,282.8971112117129
739,65,2020,282.54661072266094
740,67,2001,278.99378838026695
741,67,2002,279.2407522938567
742,67,2003,279.50602222258664
743,67,2004,279.9274017323243
744,67,2005,278.8728723677422
745,67,2006,279.82957936849033
746,67,2007,280.18552775266227
747,67,2008,280.00199388315417
748,67,2009,279.5374298993038
749,67,2010,278.96342599359053
750,67,2011,279.04335053036704
751,67,2012,278.6307491335364
752,67,2013,278.9915053150159
753,67,2014,279.99553269000404
754,67,2015,280.05091563298174
755,67,2016,279.84778880651425
756,67,2017,279.565575884512
757,67,2018,279.48481596070036
758,67,2019,280.55123794034284
759,67,2020,280.2352399298956
760,68,2001,296.977144773158
761,68,2002,297.1812443350224
762,68,2003,297.28473579857456
763,68,2004,297.2797176823223
764,68,2005,297.53885346510793
765,68,2006,297.1644543272364
766,68,2007,297.2730613974555
767,68,2008,297.1894609595308
768,68,2009,297.37504909704717
769,68,2010,297.6587315908097
770,68,2011,297.31837720762775
771,68,2012,297.29851942377485
772,68,2013,297.5635631014692
773,68,2014,297.59440948837755
774,68,2015,297.7470905349697
775,68,2016,298.0706920905868
776,68,2017,297.77082787809985
777,68,2018,297.5782273684031
778,68,2019,297.82347254736925
779,68,2020,297.9142800329824
780,69,2001,281.41535509183
781,69,2002,282.3890437566772
782,69,2003,281.88479261644926
783,69,2004,281.9042613679969
784,69,2005,281.98688689493537
785,69,2006,282.67341657833896
786,69,2007,282.67085042729906
787,69,2008,282.5973034156412
788,69,2009,282.03068889707623
789,69,2010,280.1246032213234
790,69,2011,282.17585529917204
791,69,2012,281.48637941229345
792,69,2013,281.61662284991695
793,69,2014,283.30412050079724
794,69,2015,282.45410633038324
795,69,2016,282.41594838371907
796,69,2017,282.28545498650266
797,69,2018,282.96351460086055
798,69,2019,282.91890578732506
799,69,2020,283.33017573779784
800,70,2001,301.0055500936561
801,70,2002,301.38204245260954
802,70,2003,301.2941505252222
803,70,2004,301.439507788743
804,70,2005,301.395246660017
805,70,2006,301.28651105599516
806,70,2007,301.3757955451433
807,70,2008,301.13692762559407
808,70,2009,301.49747843602097
809,70,2010,301.31070444276173
810,70,2011,301.19958222431427
811,70,2012,301.31143234309553
812,70,2013,301.3190008614875
813,70,2014,301.1450400237895
814,70,2015,301.73688834805915
815,70,2016,301.74858709501365
816,70,2017,301.7338024635633
817,70,2018,301.354348304909
818,70,2019,301.5761876338994
819,70,2020,301.55592197573804
820,71,2001,297.93267795767264
821,71,2002,297.99832677952344
822,71,2003,298.11165308563307
823,71,2004,297.92352456046154
824,71,2005,298.33594678865444
825,71,2006,298.1253374397616
826,71,2007,298.1459830117393
827,71,2008,297.71554089526194
828,71,2009,298.0131042853936
829,71,2010,298.6255440807565
830,71,2011,297.9655830632279
831,71,2012,298.0665249608891
832,71,2013,297.9280922914163
833,71,2014,297.9114647000542
834,71,2015,298.1822252233546
835,71,2016,298.3318455889508
836,71,2017,298.14508134712986
837,71,2018,297.85162783713884
838,71,2019,298.1166089482519
839,71,2020,298.27844807551463
840,72,2001,296.77725989364757
841,72,2002,296.9313775018821
842,72,2003,296.93056570668205
843,72,2004,296.4705895570601
844,72,2005,296.76384752683526
845,72,2006,296.8899675123003
846,72,2007,296.7609470072537
847,72,2008,296.44090237248366
848,72,2009,296.66331937751886
849,72,2010,296.90814506378666
850,72,2011,296.56918823899406
851,72,2012,296.6892177284502
852,72,2013,296.8820087246143
853,72,2014,297.15472238768825
854,72,2015,297.4526760604894
855,72,2016,297.17578464643674
856,72,2017,296.87380507059794
857,72,2018,296.91895134261335
858,72,2019,297.37033453280645
859,72,2020,297.45421217935746
860,73,2001,292.7158001084495
861,73,2002,293.03238681268357
862,73,2003,293.00746885495204
863,73,2004,293.02635242489043
864,73,2005,293.24261379852334
865,73,2006,293.1521048651009
866,73,2007,293.05942827029355
867,73,2008,292.9572246394252
868,73,2009,293.30185916532974
869,73,2010,293.4428055995055
870,73,2011,293.05007011275876
871,73,2012,293.0227457037488
872,73,2013,293.08103589262134
873,73,2014,293.23994837621257
874,73,2015,293.5771075580978
875,73,2016,293.6903875975706
876,73,2017,293.3576502928708
877,73,2018,293.16962649567785
878,73,2019,293.38119384361477
879,73,2020,293.5194613609529
880,40765,2001,295.24377831821084
881,40765,2002,295.38834819419793
882,40765,2003,295.2466802276649
883,40765,2004,295.299634555587
884,40765,2005,295.3360727074349
885,40765,2006,295.20127987794586
886,40765,2007,295.2810915161843
887,40765,2008,295.5337217457573
888,40765,2009,295.3828480461288
889,40765,2010,296.9225748498114
890,40765,2011,294.9024811255983
891,40765,2012,295.5873469683092
892,40765,2013,295.66899023460854
893,40765,2014,295.95775154383006
894,40765,2015,295.7014102941642
895,40765,2016,296.1065466965167
896,40765,2017,295.44544332788655
897,40765,2018,296.59973305943055
898,40765,2019,295.87765937989786
899,40765,2020,295.7637228476281
900,75,2001,298.4302922943402
901,75,2002,298.76188495297737
902,75,2003,298.3554261276028
903,75,2004,298.4196574700041
904,75,2005,298.10640575933354
905,75,2006,298.3143995235025
906,75,2007,298.3940592472741
907,75,2008,297.95776598346544
908,75,2009,298.6117570193312
909,75,2010,298.09986862068985
910,75,2011,298.06736608593206
911,75,2012,298.6114584417516
912,75,2013,298.62561503203193
913,75,2014,298.7704675415565
914,75,2015,299.4079411339978
915,75,2016,299.06076412607905
916,75,2017,298.5886696364999
917,75,2018,298.8278338615694
918,75,2019,299.2121312290785
919,75,2020,298.65640753117106
920,78,2001,279.05072295920866
921,78,2002,279.48987528657847
922,78,2003,278.8586687957456
923,78,2004,278.96529942222327
924,78,2005,279.00824515640005
925,78,2006,279.71447001637904
926,78,2007,279.86044202144393
927,78,2008,280.3908034147732
928,78,2009,279.0323735147026
929,78,2010,278.13408519358273
930,78,2011,279.9571901212054
931,78,2012,278.3778083073608
932,78,2013,279.7260282896753
933,78,2014,280.1220443963846
934,78,2015,280.52700112431893
935,78,2016,279.61593571193333
936,78,2017,279.45769513312376
937,78,2018,280.29659298538985
938,78,2019,280.4998372007164
939,78,2020,281.4120559722279
940,235,2001,292.10010907023195
941,235,2002,292.4792471447287
942,235,2003,293.0391264197663
943,235,2004,292.52850778478575
944,235,2005,292.9940457821937
945,235,2006,292.20600190868595
946,235,2007,292.5713279600493
947,235,2008,292.36499217543764
948,235,2009,292.26053137047137
949,235,2010,292.7625322121996
950,235,2011,292.3933980514334
951,235,2012,292.7206320459862
952,235,2013,292.2693119826378
953,235,2014,292.4389167234099
954,235,2015,293.37237187975967
955,235,2016,293.21065433226426
956,235,2017,292.59606271184094
957,235,2018,292.644931727252
958,235,2019,293.215062332938
959,235,2020,292.5480744787003
960,79,2001,295.94979616011113
961,79,2002,296.29369032637777
962,79,2003,296.3314849394884
963,79,2004,296.1809112427413
964,79,2005,296.3303055238338
965,79,2006,296.11553661412523
966,79,2007,296.2754318401814
967,79,2008,296.12430308684117
968,79,2009,296.7720607896845
969,79,2010,296.37078138788723
970,79,2011,296.34011863738107
971,79,2012,296.411962710965
972,79,2013,296.137697163381
973,79,2014,296.2431137521649
974,79,2015,296.7143101560739
975,79,2016,296.78900610922096
976,79,2017,296.6562289775865
977,79,2018,296.21828350176764
978,79,2019,296.5908978740418
979,79,2020,296.47349092651706
980,83,2001,296.9630120817346
981,83,2002,297.01331066513166
982,83,2003,296.7612397346549
983,83,2004,296.85117120154456
984,83,2005,296.9200246506844
985,83,2006,296.8414896817525
986,83,2007,297.2865246166817
987,83,2008,296.9448744638748
988,83,2009,296.37434145370884
989,83,2010,297.33687478383695
990,83,2011,296.99009291942747
991,83,2012,296.79859867792317
992,83,2013,297.17342329036603
993,83,2014,296.83325102626264
994,83,2015,296.622162142266
995,83,2016,297.25135903189675
996,83,2017,297.244715561538
997,83,2018,297.0886741804947
998,83,2019,297.1101205922027
999,83,2020,297.2942670929544
1000,84,2001,275.1118113418623
1001,84,2002,275.4051662057041
1002,84,2003,275.61282410961746
1003,84,2004,275.7329980966445
1004,84,2005,276.3458531234913
1005,84,2006,276.09191102608503
1006,84,2007,276.1486612319307
1007,84,2008,276.1485952324068
1008,84,2009,275.4988200922912
1009,84,2010,274.31069258239563
1010,84,2011,276.5624100860617
1011,84,2012,274.9489566853199
1012,84,2013,276.59813431915325
1013,84,2014,276.89039602078833
1014,84,2015,276.95589901948847
1015,84,2016,276.48410203369525
1016,84,2017,275.8038663552389
1017,84,2018,276.6982313364929
1018,84,2019,276.07991248354136
1019,84,2020,277.6505388495992
1020,85,2001,283.950659283099
1021,85,2002,284.45839988030014
1022,85,2003,284.8348541916603
1023,85,2004,283.9597677158484
1024,85,2005,283.9954660622973
1025,85,2006,284.60247365679635
1026,85,2007,284.22830384050184
1027,85,2008,283.76635742633806
1028,85,2009,284.23984768434497
1029,85,2010,283.0897639204294
1030,85,2011,285.0420816491422
1031,85,2012,284.0798846146226
1032,85,2013,283.6307716832134
1033,85,2014,284.9479519874609
1034,85,2015,284.87558810754285
1035,85,2016,284.46330787917015
1036,85,2017,284.7928398831712
1037,85,2018,285.39206604513043
1038,85,2019,285.13397893068327
1039,85,2020,285.6179181135536
1040,87,2001,297.73800122365157
1041,87,2002,298.1421398421612
1042,87,2003,298.1480008997882
1043,87,2004,297.9775357995987
1044,87,2005,298.053186362767
1045,87,2006,297.94407170687896
1046,87,2007,297.9576202115236
1047,87,2008,297.5056374663465
1048,87,2009,298.0188455269036
1049,87,2010,297.8737173768642
1050,87,2011,297.25390990208876
1051,87,2012,297.95700740061005
1052,87,2013,297.7424221284382
1053,87,2014,297.8696105834868
1054,87,2015,298.1040635435506
1055,87,2016,298.47910927039237
1056,87,2017,298.1072271661326
1057,87,2018,297.86423569815145
1058,87,2019,298.1330105898043
1059,87,2020,298.00645287264143
1060,89,2001,297.0904787553025
1061,89,2002,297.34252744863636
1062,89,2003,297.4438799459122
1063,89,2004,297.3380955611494
1064,89,2005,297.5469532369213
1065,89,2006,297.3938759327163
1066,89,2007,297.4252431066139
1067,89,2008,297.33003539469547
1068,89,2009,297.4392183412592
1069,89,2010,297.728335104695
1070,89,2011,297.34835789447095
1071,89,2012,297.2522907255457
1072,89,2013,297.43828953228336
1073,89,2014,297.3809727555205
1074,89,2015,297.5251292669504
1075,89,2016,297.94108996011346
1076,89,2017,297.71806875776355
1077,89,2018,297.6144058527198
1078,89,2019,297.78776800988584
1079,89,2020,297.84110923900704
1080,90,2001,300.7281512608821
1081,90,2002,301.0813536028451
1082,90,2003,300.4918291705856
1083,90,2004,300.6684764351432
1084,90,2005,301.05392375318905
1085,90,2006,300.67097077566524
1086,90,2007,300.65950916593374
1087,90,2008,300.7498458938762
1088,90,2009,300.5499054251807
1089,90,2010,301.21097604200446
1090,90,2011,300.8950567816641
1091,90,2012,300.73666968831463
1092,90,2013,300.9457797590004
1093,90,2014,300.8920597739959
1094,90,2015,300.78798390003686
1095,90,2016,301.3506587225791
1096,90,2017,301.4592895444097
1097,90,2018,300.85193454084344
1098,90,2019,301.024371245231
1099,90,2020,301.40634610288265
1100,92,2001,280.6446955995298
1101,92,2002,280.1398873485422
1102,92,2003,279.68752951952655
1103,92,2004,279.99277711338675
1104,92,2005,280.4394028569244
1105,92,2006,280.7938771568719
1106,92,2007,280.3891827855266
1107,92,2008,280.4421936977637
1108,92,2009,280.54941664485915
1109,92,2010,282.5159403229034
1110,92,2011,279.69533295481756
1111,92,2012,280.99518682872076
1112,92,2013,280.63202321427167
1113,92,2014,281.5393039126808
1114,92,2015,281.45295002469805
1115,92,2016,280.6890749748083
1116,92,2017,281.0475553916228
1117,92,2018,282.3521594109441
1118,92,2019,281.63818034957956
1119,92,2020,281.5009762524678
1120,93,2001,282.06946336795176
1121,93,2002,282.6499740481909
1122,93,2003,282.6050550252361
1123,93,2004,282.12758341639534
1124,93,2005,282.2147721770638
1125,93,2006,282.8176517987184
1126,93,2007,283.06572398361914
1127,93,2008,282.68952708697975
1128,93,2009,282.43934255613186
1129,93,2010,280.96426084803403
1130,93,2011,282.91636438287156
1131,93,2012,282.34844913289436
1132,93,2013,281.9077749894007
1133,93,2014,283.6281389133031
1134,93,2015,283.1663061915544
1135,93,2016,282.8244337976461
1136,93,2017,282.77818263151096
1137,93,2018,283.8933315532341
1138,93,2019,283.59284626015767
1139,93,2020,283.77382285079966
1140,94,2001,300.22089696576097
1141,94,2002,300.27209640749317
1142,94,2003,300.3169903628938
1143,94,2004,300.283193744499
1144,94,2005,300.3514905088652
1145,94,2006,300.4033857429417
1146,94,2007,300.3139548674656
1147,94,2008,300.13767851438735
1148,94,2009,300.3263089412388
1149,94,2010,300.4194041522159
1150,94,2011,300.2321864924467
1151,94,2012,299.99731318593143
1152,94,2013,300.2871653734381
1153,94,2014,300.21400365669695
1154,94,2015,300.4228501101668
1155,94,2016,300.6953501530032
1156,94,2017,300.66838881745394
1157,94,2018,300.3058878544721
1158,94,2019,300.57395305915514
1159,94,2020,300.68533442981635
1160,97,2001,287.3271287693596
1161,97,2002,287.08218909112145
1162,97,2003,286.84208286159173
1163,97,2004,286.8719114618301
1164,97,2005,286.5684382580922
1165,97,2006,286.6524763508133
1166,97,2007,287.55375467648173
1167,97,2008,287.59976019202276
1168,97,2009,287.33721612011396
1169,97,2010,287.761319357074
1170,97,2011,286.70995720095783
1171,97,2012,287.78212952319274
1172,97,2013,287.916410890967
1173,97,2014,287.7122530805261
1174,97,2015,287.42324306047806
1175,97,2016,287.8801409095228
1176,97,2017,287.49339513502883
1177,97,2018,288.03553834365323
1178,97,2019,288.0219710244317
1179,97,2020,287.95768048964663
1180,103,2001,294.89972439596767
1181,103,2002,295.2336164656429
1182,103,2003,295.3984189735925
1183,103,2004,295.0173578164225
1184,103,2005,295.36962181767393
1185,103,2006,294.98824488236534
1186,103,2007,295.30981721634987
1187,103,2008,294.99654802198506
1188,103,2009,295.4731622804791
1189,103,2010,295.2730917373431
1190,103,2011,295.29493284284024
1191,103,2012,295.2165346403577
1192,103,2013,295.39084096117534
1193,103,2014,295.1911784025062
1194,103,2015,295.71945640068583
1195,103,2016,295.759108363518
1196,103,2017,295.4851104519799
1197,103,2018,295.4259977203364
1198,103,2019,296.2012678999455
1199,103,2020,295.9740049760173
1200,107,2001,297.82915215884276
1201,107,2002,297.9398256082307
1202,107,2003,298.1807441984434
1203,107,2004,298.0889206799464
1204,107,2005,298.3375198454355
1205,107,2006,297.8863303984478
1206,107,2007,297.83274579044314
1207,107,2008,297.5909081272045
1208,107,2009,298.22467427940876
1209,107,2010,298.18213660749495
1210,107,2011,297.86630501578054
1211,107,2012,297.91508560016774
1212,107,2013,297.85309924751033
1213,107,2014,297.9449284528534
1214,107,2015,298.33357080084687
1215,107,2016,298.41928410843707
1216,107,2017,298.1840148687201
1217,107,2018,297.87946016022147
1218,107,2019,298.22030512542943
1219,107,2020,298.34508357028784
1220,108,2001,297.5726827597399
1221,108,2002,297.77840374025567
1222,108,2003,297.7571542941535
1223,108,2004,297.2823011789888
1224,108,2005,297.488034565673
1225,108,2006,297.63049947418097
1226,108,2007,297.513136048613
1227,108,2008,297.178971388319
1228,108,2009,297.4136901965491
1229,108,2010,297.4777224257089
1230,108,2011,297.3201115821833
1231,108,2012,297.477519064197
1232,108,2013,297.748839400552
1233,108,2014,298.03606589175735
1234,108,2015,298.3796813953572
1235,108,2016,297.9426479106068
1236,108,2017,297.6541852297743
1237,108,2018,297.8548561114719
1238,108,2019,298.125294358973
1239,108,2020,298.273445165468
1240,111,2001,295.63046876163145
1241,111,2002,295.8605435160158
1242,111,2003,295.9747718538315
1243,111,2004,295.7189524209817
1244,111,2005,295.86577244962115
1245,111,2006,295.75050016834274
1246,111,2007,295.83008975323065
1247,111,2008,295.59278740083994
1248,111,2009,295.79797510522377
1249,111,2010,295.6530915204398
1250,111,2011,295.6991736343899
1251,111,2012,295.6924107510946
1252,111,2013,295.9643823176076
1253,111,2014,295.9112755510824
1254,111,2015,296.2254500999122
1255,111,2016,296.26966864404824
1256,111,2017,295.8790992039285
1257,111,2018,295.8172059327109
1258,111,2019,296.60646277350804
1259,111,2020,296.38509536415535
1260,113,2001,283.9217056741029
1261,113,2002,284.91004616422066
1262,113,2003,284.0359510946774
1263,113,2004,283.7900226191919
1264,113,2005,283.24189865828254
1265,113,2006,284.18201396239493
1266,113,2007,285.3926682393628
1267,113,2008,285.04433951506047
1268,113,2009,285.02472759552194
1269,113,2010,283.57137765266356
1270,113,2011,284.5010327242374
1271,113,2012,285.06116936482505
1272,113,2013,284.67975130165274
1273,113,2014,285.5465583815808
1274,113,2015,285.3438051984522
1275,113,2016,284.73124483673223
1276,113,2017,284.7969445441666
1277,113,2018,285.6172489058929
1278,113,2019,285.76605930685304
1279,113,2020,285.1779182092722
1280,114,2001,273.24566011739586
1281,114,2002,273.6307610486425
1282,114,2003,274.2063853502161
1283,114,2004,274.17218030590743
1284,114,2005,273.3898965985581
1285,114,2006,273.8301261752073
1286,114,2007,273.5878988193345
1287,114,2008,273.16619756643917
1288,114,2009,273.5511495667131
1289,114,2010,273.7234336681651
1290,114,2011,273.24200891426045
1291,114,2012,273.65303371720773
1292,114,2013,273.233116730787
1293,114,2014,274.36930504543784
1294,114,2015,272.8817413612081
1295,114,2016,274.35065241709464
1296,114,2017,274.1161878326181
1297,114,2018,273.82042297929655
1298,114,2019,273.89305640134063
1299,114,2020,273.5791091149151
1300,115,2001,297.63948449883225
1301,115,2002,298.04640027105074
1302,115,2003,297.68431746001727
1303,115,2004,297.7757491217911
1304,115,2005,297.71088906069184
1305,115,2006,297.986634255389
1306,115,2007,297.8631227723599
1307,115,2008,297.6316080045762
1308,115,2009,298.4191261049174
1309,115,2010,298.3411465660376
1310,115,2011,297.6196794832526
1311,115,2012,297.69425669518176
1312,115,2013,297.3697001776353
1313,115,2014,297.6840735781114
1314,115,2015,297.8710328710702
1315,115,2016,298.2425515129947
1316,115,2017,298.1045129987071
1317,115,2018,298.00675269317793
1318,115,2019,297.8545857718669
1319,115,2020,297.5357875959952
1320,116,2001,297.28303250911864
1321,116,2002,297.54946525525656
1322,116,2003,297.4609289697757
1323,116,2004,297.48611944062316
1324,116,2005,297.47761046710417
1325,116,2006,297.44779534652974
1326,116,2007,297.35545393139944
1327,116,2008,297.18319718430143
1328,116,2009,297.59641674327315
1329,116,2010,297.5895488834113
1330,116,2011,297.33576788382476
1331,116,2012,297.37197203882147
1332,116,2013,297.44787574069915
1333,116,2014,297.56234202012
1334,116,2015,297.69064777898933
1335,116,2016,297.8836860402916
1336,116,2017,297.5892318435198
1337,116,2018,297.62318761500745
1338,116,2019,297.82795130573174
1339,116,2020,297.7691293788781
1340,117,2001,291.495387966071
1341,117,2002,291.0322313797239
1342,117,2003,290.67629679748075
1343,117,2004,290.95021063410627
1344,117,2005,290.67115744360814
1345,117,2006,291.027085632514
1346,117,2007,290.57886816648505
1347,117,2008,290.8038618582353
1348,117,2009,290.87093161145214
1349,117,2010,292.05380803611814
1350,117,2011,290.7331184498567
1351,117,2012,290.48152947231137
1352,117,2013,290.95447205683746
1353,117,2014,290.65176099182935
1354,117,2015,291.29553584574234
1355,117,2016,291.43988963934993
1356,117,2017,291.3730050573899
1357,117,2018,291.72997219762493
1358,117,2019,290.95206202780906
1359,117,2020,290.57559868877803
1360,118,2001,296.0773770175084
1361,118,2002,295.6380818419853
1362,118,2003,295.647305764044
1363,118,2004,295.61994895820294
1364,118,2005,295.6682128111999
1365,118,2006,295.763497828145
1366,118,2007,295.8537042679622
1367,118,2008,295.9245951365702
1368,118,2009,295.81395389412575
1369,118,2010,297.57593704343077
1370,118,2011,295.27874914733826
1371,118,2012,296.11117394368745
1372,118,2013,295.40707599058004
1373,118,2014,295.9406079691795
1374,118,2015,296.12070973221574
1375,118,2016,296.2003342034959
1376,118,2017,296.529993652249
1377,118,2018,296.77493076836805
1378,118,2019,296.0536155469476
1379,118,2020,296.4165130510226
1380,119,2001,282.5364493773264
1381,119,2002,283.01545667403417
1382,119,2003,283.1195402190389
1383,119,2004,283.01859053289724
1384,119,2005,283.1994620734176
1385,119,2006,283.24193866562115
1386,119,2007,283.4023017409698
1387,119,2008,282.6533946736375
1388,119,2009,282.56186312085543
1389,119,2010,281.5773813147808
1390,119,2011,282.857314878813
1391,119,2012,282.65636948579527
1392,119,2013,282.65368351825
1393,119,2014,283.10896740827974
1394,119,2015,282.5369694855928
1395,119,2016,282.82031605479204
1396,119,2017,283.18234363084457
1397,119,2018,283.05755690199584
1398,119,2019,283.09474399608916
1399,119,2020,283.0847327508289
1400,121,2001,293.15880755461495
1401,121,2002,293.0004252536632
1402,121,2003,292.8960475998203
1403,121,2004,292.80361406054715
1404,121,2005,292.80252683437965
1405,121,2006,292.6232748894636
1406,121,2007,292.89045977676875
1407,121,2008,293.10290726416343
1408,121,2009,293.21384253939203
1409,121,2010,294.5942098456132
1410,121,2011,292.5257570118859
1411,121,2012,293.3070687557948
1412,121,2013,293.22274289342704
1413,121,2014,293.3296672622369
1414,121,2015,293.22292422151344
1415,121,2016,293.70755093611166
1416,121,2017,293.38994765755393
1417,121,2018,294.14257234581527
1418,121,2019,293.45565422522384
1419,121,2020,293.57711730979645
1420,122,2001,285.43503948739834
1421,122,2002,285.3907328529862
1422,122,2003,285.7070786845324
1423,122,2004,285.09683967237567
1424,122,2005,284.54106488650706
1425,122,2006,285.3541364165091
1426,122,2007,285.6412500593803
1427,122,2008,285.43385323388105
1428,122,2009,285.4294727974957
1429,122,2010,284.64949312845675
1430,122,2011,285.5878529371616
1431,122,2012,285.6258926023339
1432,122,2013,285.24914656651646
1433,122,2014,285.87295125486463
1434,122,2015,286.03032143015065
1435,122,2016,285.8715260298385
1436,122,2017,285.9195839811414
1437,122,2018,286.09645919714006
1438,122,2019,286.0731179625746
1439,122,2020,286.15610321727837
1440,123,2001,297.6633666532678
1441,123,2002,297.86698796424497
1442,123,2003,297.9058736894994
1443,123,2004,297.7230627249471
1444,123,2005,297.6945122742339
1445,123,2006,297.8003554950621
1446,123,2007,297.7237718071909
1447,123,2008,297.48282945391406
1448,123,2009,297.7681962017027
1449,123,2010,297.68655056267835
1450,123,2011,297.5908538709821
1451,123,2012,297.81574740257753
1452,123,2013,298.05637829234485
1453,123,2014,298.1795888159356
1454,123,2015,298.519971359722
1455,123,2016,298.2814359449504
1456,123,2017,298.0133245306354
1457,123,2018,298.0540626123268
1458,123,2019,298.43664107634714
1459,123,2020,298.57221662313077
1460,126,2001,283.0284610627179
1461,126,2002,283.45308900125457
1462,126,2003,283.242196157304
1463,126,2004,284.15539157764994
1464,126,2005,283.2929275328472
1465,126,2006,283.5927735848158
1466,126,2007,283.94765384505644
1467,126,2008,283.7756405794873
1468,126,2009,283.81272909475393
1469,126,2010,284.10578844221374
1470,126,2011,283.5371643411049
1471,126,2012,283.4188374768887
1472,126,2013,283.76084708105634
1473,126,2014,283.4240264322383
1474,126,2015,284.1191650790138
1475,126,2016,284.1804331431463
1476,126,2017,283.50033531149865
1477,126,2018,284.17659619099595
1478,126,2019,284.295420130349
1479,126,2020,284.40668576241234
1480,130,2001,292.32181670412155
1481,130,2002,291.81543269682
1482,130,2003,291.9029600653377
1483,130,2004,291.98327003299727
1484,130,2005,291.94960425442645
1485,130,2006,291.77127956869333
1486,130,2007,292.0183731831983
1487,130,2008,292.10966462561277
1488,130,2009,292.0933817890007
1489,130,2010,293.95040301505975
1490,130,2011,291.47579765525205
1491,130,2012,292.46882291669624
1492,130,2013,292.07945873385427
1493,130,2014,292.27712819103607
1494,130,2015,292.3184202859507
1495,130,2016,292.7599568810345
1496,130,2017,292.7596773067371
1497,130,2018,293.0927129228758
1498,130,2019,292.4801152865262
1499,130,2020,292.92967436108705
1500,132,2001,280.4592433336922
1501,132,2002,281.00193260425345
1502,132,2003,279.83525852760584
1503,132,2004,281.3395464377632
1504,132,2005,281.0516380603171
1505,132,2006,280.97984873055475
1506,132,2007,281.3987227824401
1507,132,2008,281.2991133892062
1508,132,2009,280.5484408841759
1509,132,2010,280.82735787372644
1510,132,2011,279.9501531157175
1511,132,2012,280.4384302549748
1512,132,2013,281.62270438450406
1513,132,2014,279.8005524667421
1514,132,2015,281.2456833454532
1515,132,2016,281.13146973517485
1516,132,2017,281.138843203186
1517,132,2018,279.9963636200855
1518,132,2019,281.3334646846238
1519,132,2020,281.6119267319086
1520,133,2001,297.7595657528904
1521,133,2002,297.8147051315222
1522,133,2003,298.04084495903925
1523,133,2004,297.95893809341135
1524,133,2005,298.2859346004185
1525,133,2006,297.9070534934716
1526,133,2007,297.9914796187635
1527,133,2008,297.94452082879167
1528,133,2009,298.40539923733314
1529,133,2010,298.1994463571892
1530,133,2011,298.20693079668445
1531,133,2012,298.1731379516274
1532,133,2013,297.9544768030143
1533,133,2014,298.2547474317084
1534,133,2015,298.4010811067614
1535,133,2016,298.5162468951342
1536,133,2017,298.58938442773365
1537,133,2018,297.7850794367078
1538,133,2019,298.520689076997
1539,133,2020,298.0705416569023
1540,135,2001,
1541,135,2002,
1542,135,2003,
1543,135,2004,
1544,135,2005,
1545,135,2006,
1546,135,2007,
1547,135,2008,
1548,135,2009,
1549,135,2010,
1550,135,2011,
1551,135,2012,
1552,135,2013,
1553,135,2014,
1554,135,2015,
1555,135,2016,
1556,135,2017,
1557,135,2018,
1558,135,2019,
1559,135,2020,
1560,137,2001,299.4980451986072
1561,137,2002,299.1805989161223
1562,137,2003,299.27500005032266
1563,137,2004,299.12896060014805
1564,137,2005,299.01480833441803
1565,137,2006,299.3518898529628
1566,137,2007,299.2990702867788
1567,137,2008,299.3586866201318
1568,137,2009,299.2785077541852
1569,137,2010,300.77374915503293
1570,137,2011,299.07436228605064
1571,137,2012,299.48380421041264
1572,137,2013,298.82469651962293
1573,137,2014,299.44740205740146
1574,137,2015,299.7578957565547
1575,137,2016,299.79813440952614
1576,137,2017,300.1229309677351
1577,137,2018,300.25546650773236
1578,137,2019,299.7211586863445
1579,137,2020,299.8123210432835
1580,138,2001,273.1412321595891
1581,138,2002,273.6900773221643
1582,138,2003,272.71303763781776
1583,138,2004,273.478351447865
1584,138,2005,272.94405726897816
1585,138,2006,273.8949267542873
1586,138,2007,273.9135634014033
1587,138,2008,273.52340047107276
1588,138,2009,272.99925975873776
1589,138,2010,273.5873364811309
1590,138,2011,273.3246792066628
1591,138,2012,272.5450042385363
1592,138,2013,273.6738919192086
1593,138,2014,272.6849176723927
1594,138,2015,273.5888702941191
1595,138,2016,274.05368661012693
1596,138,2017,273.3490766045783
1597,138,2018,273.24059988238724
1598,138,2019,273.82690821674265
1599,138,2020,273.3498654983313
1600,139,2001,295.34202386743976
1601,139,2002,295.4275891692664
1602,139,2003,295.5255779645377
1603,139,2004,295.15256188609607
1604,139,2005,295.5781808321955
1605,139,2006,295.6219083903161
1606,139,2007,295.4998267509781
1607,139,2008,294.6001350646208
1608,139,2009,295.57664327259346
1609,139,2010,296.10077673729535
1610,139,2011,294.56340701867776
1611,139,2012,295.8175557520754
1612,139,2013,295.4360148533363
1613,139,2014,295.55364564272696
1614,139,2015,295.9161734221172
1615,139,2016,295.86491107242165
1616,139,2017,295.47406789812675
1617,139,2018,295.4571897291514
1618,139,2019,296.6687171951771
1619,139,2020,296.1613797119935
1620,140,2001,279.65004726525626
1621,140,2002,280.28513204036534
1622,140,2003,279.447873298028
1623,140,2004,279.4694041270885
1624,140,2005,279.4059413285158
1625,140,2006,280.26245940871615
1626,140,2007,280.3948845375942
1627,140,2008,280.8569719497657
1628,140,2009,279.60140133014335
1629,140,2010,278.82314060409027
1630,140,2011,280.31383888611816
1631,140,2012,279.17099905883634
1632,140,2013,280.0441531536046
1633,140,2014,280.5763710455669
1634,140,2015,280.9698837707181
1635,140,2016,280.23908087821434
1636,140,2017,279.9562810550496
1637,140,2018,280.88052592579976
1638,140,2019,281.282690901867
1639,140,2020,281.9000699403245
1640,141,2001,288.0881052703971
1641,141,2002,287.5238264086432
1642,141,2003,287.38175235431424
1643,141,2004,287.4121778222215
1644,141,2005,287.20586649104825
1645,141,2006,287.2696559901496
1646,141,2007,287.58541241246473
1647,141,2008,287.79916852870133
1648,141,2009,287.6208791658579
1649,141,2010,289.4994788004792
1650,141,2011,287.05277483214644
1651,141,2012,287.67926092508907
1652,141,2013,287.68563064247525
1653,141,2014,287.9985295438653
1654,141,2015,287.73234544543357
1655,141,2016,288.40916766505194
1656,141,2017,288.1910441531121
1657,141,2018,288.82889529792016
1658,141,2019,288.0469593851647
1659,141,2020,288.7511422246627
1660,142,2001,283.42467610736315
1661,142,2002,283.5785778298266
1662,142,2003,284.3738362042693
1663,142,2004,284.10552538741047
1664,142,2005,284.52303854862697
1665,142,2006,283.13650865309785
1666,142,2007,283.8221313735118
1667,142,2008,284.1362305912751
1668,142,2009,283.93183919178983
1669,142,2010,284.73496597320576
1670,142,2011,283.29515838914955
1671,142,2012,283.9174436277374
1672,142,2013,284.4169901919328
1673,142,2014,284.4348431694034
1674,142,2015,285.30754428447887
1675,142,2016,284.9281860846235
1676,142,2017,284.58995961054063
1677,142,2018,284.5462344739926
1678,142,2019,285.884982096049
1679,142,2020,284.45090643750376
1680,144,2001,297.74926781049265
1681,144,2002,297.8453525398858
1682,144,2003,297.9459271842655
1683,144,2004,297.8555831395748
1684,144,2005,297.9057827049107
1685,144,2006,297.9325557116096
1686,144,2007,297.9926445300144
1687,144,2008,297.95623387027854
1688,144,2009,298.00088725626057
1689,144,2010,298.13314648551795
1690,144,2011,297.92224237323836
1691,144,2012,297.79906139918234
1692,144,2013,297.98907761359936
1693,144,2014,297.8368678411586
1694,144,2015,298.10411400431445
1695,144,2016,298.42321244090454
1696,144,2017,298.1754577959604
1697,144,2018,298.0189017919558
1698,144,2019,298.3753913877852
1699,144,2020,298.4295448237437
1700,147,2001,280.2293564556117
1701,147,2002,281.02150399398187
1702,147,2003,280.0489103438344
1703,147,2004,279.954095673713
1704,147,2005,279.97521095179013
1705,147,2006,280.6192930927834
1706,147,2007,280.92191970279003
1707,147,2008,281.37134650448075
1708,147,2009,280.19775820569174
1709,147,2010,279.37333839756343
1710,147,2011,280.72152021774156
1711,147,2012,279.9036877287057
1712,147,2013,280.54588841631227
1713,147,2014,281.1216965258034
1714,147,2015,281.5448886680848
1715,147,2016,280.84585809264274
1716,147,2017,280.67825461795957
1717,147,2018,281.4438279787185
1718,147,2019,282.08385558960987
1719,147,2020,282.456918442212
1720,148,2001,282.0931890255937
1721,148,2002,282.64975499996353
1722,148,2003,282.6204353668922
1723,148,2004,281.9287677718881
1724,148,2005,282.2704478112337
1725,148,2006,282.7315018287681
1726,148,2007,282.7448281042016
1727,148,2008,282.05876753735686
1728,148,2009,282.2815707316651
1729,148,2010,281.0907752979144
1730,148,2011,282.9910248693105
1731,148,2012,282.1479797756361
1732,148,2013,281.5703440414125
1733,148,2014,283.3728936618391
1734,148,2015,282.8763483536397
1735,148,2016,282.41112989853326
1736,148,2017,282.8378756236931
1737,148,2018,283.6658937658534
1738,148,2019,283.1578647961812
1739,148,2020,283.92508466446185
1740,150,2001,295.27221632791856
1741,150,2002,295.24877066057485
1742,150,2003,295.23475963746966
1743,150,2004,295.2761502819432
1744,150,2005,295.31850930807576
1745,150,2006,295.5752216342535
1746,150,2007,295.32257367243307
1747,150,2008,295.19847901196573
1748,150,2009,295.50353768397565
1749,150,2010,295.8303921651299
1750,150,2011,295.5326682148648
1751,150,2012,295.3604495513768
1752,150,2013,295.40280504922134
1753,150,2014,295.50487771818956
1754,150,2015,295.53245860065493
1755,150,2016,295.4952007758176
1756,150,2017,295.8250684606938
1757,150,2018,295.60018808923274
1758,150,2019,295.98298211537536
1759,150,2020,295.7809668741615
1760,152,2001,294.89909116385326
1761,152,2002,294.80911439247365
1762,152,2003,294.8794725955883
1763,152,2004,294.6501684064944
1764,152,2005,295.4725514482098
1765,152,2006,294.93322091151265
1766,152,2007,294.9210599836477
1767,152,2008,294.6866514076714
1768,152,2009,294.8202681413816
1769,152,2010,295.2572902140567
1770,152,2011,295.16540166729686
1771,152,2012,295.0837290689496
1772,152,2013,295.07167128554426
1773,152,2014,295.1543942882673
1774,152,2015,295.4352350079254
1775,152,2016,295.5277499614678
1776,152,2017,295.1671310215443
1777,152,2018,295.10462699514784
1778,152,2019,295.27064114945415
1779,152,2020,295.3504467063283
1780,153,2001,297.6616275871567
1781,153,2002,298.13702096083375
1782,153,2003,298.0332397018398
1783,153,2004,298.0825373380351
1784,153,2005,298.1892338850605
1785,153,2006,297.6961859368378
1786,153,2007,297.61006825189367
1787,153,2008,297.3658506639968
1788,153,2009,297.88594701398347
1789,153,2010,298.06167088898866
1790,153,2011,297.6031637116497
1791,153,2012,297.65441114846686
1792,153,2013,297.7875023320167
1793,153,2014,297.7932393503755
1794,153,2015,298.02066604417627
1795,153,2016,298.4937369959018
1796,153,2017,297.86955841806036
1797,153,2018,297.98173933415114
1798,153,2019,298.3142611983698
1799,153,2020,298.1118650651727
1800,155,2001,301.654583230328
1801,155,2002,301.81675900948954
1802,155,2003,301.8514620523337
1803,155,2004,301.73255461770776
1804,155,2005,301.9164436661298
1805,155,2006,301.4153914251563
1806,155,2007,301.4641201044548
1807,155,2008,301.17429649158635
1808,155,2009,301.75941576796225
1809,155,2010,302.52390976857765
1810,155,2011,301.8139762934116
1811,155,2012,301.25220419321533
1812,155,2013,301.74185176633773
1813,155,2014,301.6771959421331
1814,155,2015,301.56883197833827
1815,155,2016,302.1845852366316
1816,155,2017,302.0031650297083
1817,155,2018,301.9363803687395
1818,155,2019,301.6864699801237
1819,155,2020,302.1090233064627
1820,156,2001,292.37012136550175
1821,156,2002,292.3022239321754
1822,156,2003,292.66730190458753
1823,156,2004,292.1251805623372
1824,156,2005,291.7154517400833
1825,156,2006,292.2168677193779
1826,156,2007,292.4851866222563
1827,156,2008,292.4534948439826
1828,156,2009,292.22241519746325
1829,156,2010,292.3323887416295
1830,156,2011,292.09557506016324
1831,156,2012,292.5982918512254
1832,156,2013,292.3890511648995
1833,156,2014,292.56006658644907
1834,156,2015,292.49019858950663
1835,156,2016,292.69280987694157
1836,156,2017,292.353838784354
1837,156,2018,292.7094841003418
1838,156,2019,292.4529646010626
1839,156,2020,292.74850990658723
1840,159,2001,300.7526458207846
1841,159,2002,300.2387855007459
1842,159,2003,300.3783302743644
1843,159,2004,300.0417006378031
1844,159,2005,300.6002102712401
1845,159,2006,300.1791918056619
1846,159,2007,300.04580468762987
1847,159,2008,300.17616812216767
1848,159,2009,300.31820273477206
1849,159,2010,301.4464354803842
1850,159,2011,300.4604870895361
1851,159,2012,299.9964793127552
1852,159,2013,300.49767794203166
1853,159,2014,300.4219969569254
1854,159,2015,300.5935590610277
1855,159,2016,301.0329976413928
1856,159,2017,301.0419317285848
1857,159,2018,300.11301538221045
1858,159,2019,300.30684937277334
1859,159,2020,301.35070454426983
1860,160,2001,296.2104065106173
1861,160,2002,296.2608398824343
1862,160,2003,296.474556123259
1863,160,2004,296.15599571693673
1864,160,2005,296.23084330169246
1865,160,2006,296.27954625805785
1866,160,2007,296.2732827543877
1867,160,2008,296.1534563349334
1868,160,2009,296.54872882466924
1869,160,2010,296.68427483357175
1870,160,2011,296.6339335116534
1871,160,2012,296.4021820576986
1872,160,2013,296.43023282189887
1873,160,2014,296.66745516924794
1874,160,2015,296.7105661103871
1875,160,2016,296.47874366652803
1876,160,2017,296.75891083121866
1877,160,2018,296.61319721562205
1878,160,2019,297.0363593969211
1879,160,2020,296.2523709930276
1880,162,2001,293.215203523396
1881,162,2002,293.3719470920237
1882,162,2003,293.47836657682285
1883,162,2004,292.9343241471773
1884,162,2005,293.5714546300371
1885,162,2006,293.5550383506413
1886,162,2007,293.2347234490873
1887,162,2008,293.25680200402434
1888,162,2009,293.75727365153074
1889,162,2010,292.9598463275733
1890,162,2011,293.83705306342375
1891,162,2012,293.8168837552949
1892,162,2013,293.3048622622316
1893,162,2014,293.55273676831337
1894,162,2015,293.59183841567415
1895,162,2016,293.7939345462841
1896,162,2017,294.1149124392941
1897,162,2018,293.71879471839367
1898,162,2019,294.0055972079742
1899,162,2020,294.2527143776836
1900,167,2001,274.5157192825748
1901,167,2002,275.18148210348966
1902,167,2003,273.9074178919148
1903,167,2004,275.01951753305565
1904,167,2005,274.2436126039376
1905,167,2006,275.1382533945934
1906,167,2007,276.3846892271176
1907,167,2008,275.3369467213732
1908,167,2009,274.76315398041135
1909,167,2010,273.832386675664
1910,167,2011,274.3750493156527
1911,167,2012,273.6096823865351
1912,167,2013,274.8031160168961
1913,167,2014,275.18448105560856
1914,167,2015,275.42103289518906
1915,167,2016,274.64839540650746
1916,167,2017,275.71535605788034
1917,167,2018,274.8977576959633
1918,167,2019,275.3816998254845
1919,167,2020,275.38730762307955
1920,2647,2001,281.5453543638965
1921,2647,2002,281.8392333217154
1922,2647,2003,281.57400809044026
1923,2647,2004,281.30855846569915
1924,2647,2005,280.5251942236133
1925,2647,2006,281.0812312532954
1926,2647,2007,282.1948005146215
1927,2647,2008,282.0971413486481
1928,2647,2009,281.88798474129817
1929,2647,2010,281.7185691299672
1930,2647,2011,281.9577307948943
1931,2647,2012,282.2763356344445
1932,2647,2013,282.2103420308851
1933,2647,2014,282.4612996551717
1934,2647,2015,282.4440157439982
1935,2647,2016,282.26867315039914
1936,2647,2017,282.0404739671965
1937,2647,2018,282.82899787086893
1938,2647,2019,282.65492078306596
1939,2647,2020,282.6016554607845
1940,169,2001,291.5018256659918
1941,169,2002,290.94530447714243
1942,169,2003,291.02269009253314
1943,169,2004,290.3886924247599
1944,169,2005,290.6635994205927
1945,169,2006,290.77791945139376
1946,169,2007,290.5253927590734
1947,169,2008,290.3394881947416
1948,169,2009,290.97539044620476
1949,169,2010,291.4178383113668
1950,169,2011,290.87315255031626
1951,169,2012,290.9411735990306
1952,169,2013,290.8049602399935
1953,169,2014,291.0305214377195
1954,169,2015,291.1373396192735
1955,169,2016,291.37118862275616
1956,169,2017,292.10276996394174
1957,169,2018,290.1959448457454
1958,169,2019,291.384724390023
1959,169,2020,291.9578973371137
1960,170,2001,296.72465428726673
1961,170,2002,296.8035181540443
1962,170,2003,296.8063900419142
1963,170,2004,296.7318052696267
1964,170,2005,297.51976741893833
1965,170,2006,296.94812300291613
1966,170,2007,296.92808536080946
1967,170,2008,296.79203352255325
1968,170,2009,296.800318282963
1969,170,2010,297.26212048014656
1970,170,2011,297.0502221345546
1971,170,2012,297.0435608580421
1972,170,2013,296.8388932830606
1973,170,2014,296.83804094708063
1974,170,2015,297.3143454004644
1975,170,2016,297.4904669992428
1976,170,2017,296.8461222373738
1977,170,2018,297.0526447367933
1978,170,2019,297.3021583421142
1979,170,2020,297.3203531393668
1980,171,2001,295.67222882622065
1981,171,2002,295.71466095165744
1982,171,2003,295.7266904791871
1983,171,2004,295.5487981742761
1984,171,2005,296.1440468717301
1985,171,2006,295.82950517492355
1986,171,2007,295.53910030145744
1987,171,2008,295.48309943103925
1988,171,2009,296.16695534908087
1989,171,2010,296.51047135342816
1990,171,2011,295.3623415851603
1991,171,2012,295.89886498244107
1992,171,2013,295.8281878178063
1993,171,2014,296.0699979247117
1994,171,2015,295.8803414773418
1995,171,2016,296.1635817384627
1996,171,2017,295.93958149573376
1997,171,2018,295.63787015629913
1998,171,2019,296.27769225488777
1999,171,2020,296.2601244243785
2000,172,2001,293.9238920817957
2001,172,2002,294.5751638915897
2002,172,2003,294.929192371532
2003,172,2004,294.4044783265063
2004,172,2005,294.9647425577737
2005,172,2006,293.4987547773305
2006,172,2007,294.6234975503052
2007,172,2008,294.1661275888483
2008,172,2009,294.26558662227745
2009,172,2010,294.5773417871408
2010,172,2011,293.2987299346332
2011,172,2012,294.0376648400437
2012,172,2013,294.9229711273853
2013,172,2014,294.2025516018521
2014,172,2015,295.30818963248527
2015,172,2016,295.67862869830094
2016,172,2017,294.826665032835
2017,172,2018,295.1005144120862
2018,172,2019,296.15034338130346
2019,172,2020,294.78166138144746
2020,175,2001,285.3307786260316
2021,175,2002,285.0471298107663
2022,175,2003,285.05053161206877
2023,175,2004,285.2976440712859
2024,175,2005,285.2221773647214
2025,175,2006,285.8146913154039
2026,175,2007,285.5300448769861
2027,175,2008,285.4675451427538
2028,175,2009,286.0460878603453
2029,175,2010,286.20084518275286
2030,175,2011,285.3090823627716
2031,175,2012,285.086978427788
2032,175,2013,285.22306000028885
2033,175,2014,285.1009032253193
2034,175,2015,285.2709835487985
2035,175,2016,286.2343250757255
2036,175,2017,285.75550700322594
2037,175,2018,285.6015149284986
2038,175,2019,285.2106964204656
2039,175,2020,285.094496595624
2040,177,2001,283.27940605745397
2041,177,2002,283.77719697229793
2042,177,2003,283.5721718325621
2043,177,2004,283.4377834194515
2044,177,2005,283.6723922507424
2045,177,2006,284.13887654549444
2046,177,2007,284.21325522364504
2047,177,2008,283.5792343148181
2048,177,2009,283.5170682971925
2049,177,2010,282.02776089435406
2050,177,2011,283.9031416472793
2051,177,2012,283.24369136960644
2052,177,2013,282.83441946311933
2053,177,2014,284.6503255210876
2054,177,2015,283.8770854645345
2055,177,2016,283.85398899535716
2056,177,2017,284.05393620919284
2057,177,2018,284.54975455555615
2058,177,2019,284.4063137974983
2059,177,2020,284.81671042483686
2060,178,2001,294.93083451846945
2061,178,2002,295.0229247884177
2062,178,2003,294.88277525074744
2063,178,2004,294.9279522401467
2064,178,2005,294.8816493841791
2065,178,2006,294.6703956794568
2066,178,2007,295.1856874816231
2067,178,2008,295.0483162292976
2068,178,2009,294.6284680414736
2069,178,2010,295.4530539844214
2070,178,2011,294.8950598255958
2071,178,2012,294.7256842681148
2072,178,2013,294.71477697022016
2073,178,2014,294.8636023415309
2074,178,2015,294.9255434957674
2075,178,2016,295.7524254215421
2076,178,2017,295.35022892841977
2077,178,2018,294.87571271943176
2078,178,2019,295.1092821709394
2079,178,2020,295.39950656966147
2080,179,2001,282.69842237749714
2081,179,2002,282.4762704701773
2082,179,2003,282.4570254275636
2083,179,2004,281.8791427786965
2084,179,2005,283.1212952596799
2085,179,2006,282.09537873049527
2086,179,2007,282.6111468838157
2087,179,2008,282.660890753066
2088,179,2009,282.0471970877244
2089,179,2010,282.8975399681671
2090,179,2011,282.644532010877
2091,179,2012,282.24535917964243
2092,179,2013,283.2618415194983
2093,179,2014,282.6990623203822
2094,179,2015,282.5306739464042
2095,179,2016,283.2890772466281
2096,179,2017,283.1463709875024
2097,179,2018,283.2620762317148
2098,179,2019,283.3506873975031
2099,179,2020,283.2415009340455
2100,180,2001,297.8287034012513
2101,180,2002,298.00833587328515
2102,180,2003,298.11808566528646
2103,180,2004,297.89918157586516
2104,180,2005,298.09176901733315
2105,180,2006,297.9525074287378
2106,180,2007,297.9479614459622
2107,180,2008,297.65538315456484
2108,180,2009,297.90963602738356
2109,180,2010,297.9819729353281
2110,180,2011,297.73260802934004
2111,180,2012,297.8144693488612
2112,180,2013,297.9871900464486
2113,180,2014,298.08289876654845
2114,180,2015,298.3381355289038
2115,180,2016,298.3749434587646
2116,180,2017,297.9974181815628
2117,180,2018,297.9472828500492
2118,180,2019,298.43487123045253
2119,180,2020,298.2727208872732
2120,182,2001,299.81853644903686
2121,182,2002,300.0020168491307
2122,182,2003,300.19766628505374
2123,182,2004,300.25352486421735
2124,182,2005,300.5817242341869
2125,182,2006,300.53783704686833
2126,182,2007,300.1712235621836
2127,182,2008,299.8245828590592
2128,182,2009,300.51502197862834
2129,182,2010,300.60261465729883
2130,182,2011,300.1935190554621
2131,182,2012,299.919494949888
2132,182,2013,300.2694214380645
2133,182,2014,300.16235528825695
2134,182,2015,300.2610201858552
2135,182,2016,300.4519874888704
2136,182,2017,300.5121198738856
2137,182,2018,300.30869236457517
2138,182,2019,300.3221363171047
2139,182,2020,300.44470074556153
2140,241,2001,283.5388223099007
2141,241,2002,283.53540495946686
2142,241,2003,283.4257245812447
2143,241,2004,283.33809320688397
2144,241,2005,282.74275058043105
2145,241,2006,283.153866690874
2146,241,2007,284.3134496406879
2147,241,2008,284.3450126381066
2148,241,2009,283.73831176779504
2149,241,2010,283.8826994802905
2150,241,2011,283.65687750073965
2151,241,2012,284.3687552963125
2152,241,2013,284.4477446132097
2153,241,2014,284.2749185636087
2154,241,2015,284.2112021980989
2155,241,2016,284.29828080284216
2156,241,2017,284.135851474096
2157,241,2018,284.64161254833334
2158,241,2019,284.8730078986636
2159,241,2020,284.4859509672852
2160,186,2001,273.28370801328236
2161,186,2002,274.1676567109748
2162,186,2003,274.3979447506901
2163,186,2004,274.4895626770336
2164,186,2005,274.6581180015775
2165,186,2006,274.9382933088479
2166,186,2007,274.3590403825024
2167,186,2008,274.32898562843735
2168,186,2009,273.94562857848496
2169,186,2010,272.0738103123002
2170,186,2011,274.8558145073215
2171,186,2012,273.3211434476402
2172,186,2013,274.3297112265919
2173,186,2014,275.3159514881277
2174,186,2015,274.924130594075
2175,186,2016,274.8176014747631
2176,186,2017,274.2415654457169
2177,186,2018,274.69040053388056
2178,186,2019,274.3263869661398
2179,186,2020,275.4576744270259
2180,187,2001,300.60764157743637
2181,187,2002,300.4780434880367
2182,187,2003,300.71181332091425
2183,187,2004,300.53264949466376
2184,187,2005,300.6120522570823
2185,187,2006,300.5496548301729
2186,187,2007,300.8349320334824
2187,187,2008,300.205017542033
2188,187,2009,300.85704769624476
2189,187,2010,301.0387598478941
2190,187,2011,300.65294102460524
2191,187,2012,300.8086062107874
2192,187,2013,300.3844894118238
2193,187,2014,300.5572395612234
2194,187,2015,301.0301819340112
2195,187,2016,300.82195351054526
2196,187,2017,300.88984253441714
2197,187,2018,300.99099808153795
2198,187,2019,301.0175584884829
2199,187,2020,300.59619944592106
2200,188,2001,295.71116401088733
2201,188,2002,295.9225760263105
2202,188,2003,295.19828137992266
2203,188,2004,296.07130106574033
2204,188,2005,294.727769685978
2205,188,2006,295.8035748743283
2206,188,2007,295.51296985200884
2207,188,2008,295.3426526522694
2208,188,2009,295.7974016593211
2209,188,2010,295.9841151506098
2210,188,2011,295.381056508461
2211,188,2012,294.7583404749443
2212,188,2013,295.1757952318425
2213,188,2014,294.9409814226324
2214,188,2015,295.27045625473943
2215,188,2016,296.2007652208288
2216,188,2017,295.7649492801224
2217,188,2018,296.0856653966128
2218,188,2019,295.0429073169317
2219,188,2020,294.9251824043212
2220,191,2001,297.1092652197082
2221,191,2002,297.4557781786524
2222,191,2003,297.4103419145917
2223,191,2004,297.3358983956626
2224,191,2005,297.3061781357461
2225,191,2006,297.24226134657425
2226,191,2007,297.1725796035172
2227,191,2008,296.9263949207664
2228,191,2009,297.3424929612302
2229,191,2010,297.3860557065927
2230,191,2011,297.0045033952099
2231,191,2012,297.244455472179
2232,191,2013,297.371483852061
2233,191,2014,297.53043455595395
2234,191,2015,297.9442666217429
2235,191,2016,297.81638957564604
2236,191,2017,297.6231253947682
2237,191,2018,297.4140144691059
2238,191,2019,297.86822606488226
2239,191,2020,297.6809519557772
2240,192,2001,295.819862957849
2241,192,2002,295.8759203524692
2242,192,2003,295.91835432247655
2243,192,2004,295.8474753804663
2244,192,2005,295.86825686454927
2245,192,2006,295.7408192565199
2246,192,2007,295.8694485888942
2247,192,2008,295.7378894392918
2248,192,2009,295.8561331461663
2249,192,2010,296.225275514672
2250,192,2011,295.6889066129509
2251,192,2012,295.7113929250307
2252,192,2013,295.86269624242703
2253,192,2014,295.80828373645573
2254,192,2015,295.8999462677638
2255,192,2016,296.30465303508953
2256,192,2017,296.07197370431686
2257,192,2018,295.99826449097634
2258,192,2019,295.93652712342555
2259,192,2020,296.21330902398375
2260,194,2001,297.1173873726989
2261,194,2002,297.7987130353744
2262,194,2003,297.19545348628964
2263,194,2004,296.74676892564554
2264,194,2005,296.8904376293483
2265,194,2006,297.52104264640553
2266,194,2007,296.9126601390671
2267,194,2008,296.61397838119717
2268,194,2009,297.3152155812492
2269,194,2010,296.7099945571532
2270,194,2011,296.7861434478629
2271,194,2012,297.55021657898106
2272,194,2013,296.9194102843989
2273,194,2014,297.46196734111163
2274,194,2015,297.6985823806208
2275,194,2016,296.44662502072316
2276,194,2017,297.57707599872714
2277,194,2018,296.757105397345
2278,194,2019,297.64317161457825
2279,194,2020,298.1306581418143
2280,195,2001,291.10242773043893
2281,195,2002,291.37360214704455
2282,195,2003,291.4185660910937
2283,195,2004,291.3334416064409
2284,195,2005,291.63506337890084
2285,195,2006,291.52734771768013
2286,195,2007,291.450922849644
2287,195,2008,291.30112870985994
2288,195,2009,291.5437900598201
2289,195,2010,291.9202418854049
2290,195,2011,291.3436364981696
2291,195,2012,291.36582356741906
2292,195,2013,291.3792604575546
2293,195,2014,291.4487204847093
2294,195,2015,291.78200702959924
2295,195,2016,292.01463493877446
2296,195,2017,291.74421004959294
2297,195,2018,291.45556563568766
2298,195,2019,291.7829994483882
2299,195,2020,291.99229359903944
2300,196,2001,297.6938582721007
2301,196,2002,297.7520138547448
2302,196,2003,297.6957841618423
2303,196,2004,297.7475078512839
2304,196,2005,297.7975526473924
2305,196,2006,297.830649782081
2306,196,2007,297.8732317846196
2307,196,2008,297.57808626536104
2308,196,2009,297.72400723547145
2309,196,2010,298.17406451089886
2310,196,2011,297.5271729361122
2311,196,2012,297.77365949494146
2312,196,2013,297.8557738524434
2313,196,2014,297.72808613016394
2314,196,2015,297.96348041500124
2315,196,2016,298.37358091342577
2316,196,2017,297.9690524846291
2317,196,2018,298.11702396093887
2318,196,2019,298.2250914231984
2319,196,2020,298.3168762310186
2320,198,2001,281.2708407328425
2321,198,2002,282.2611697618904
2322,198,2003,281.43516368389527
2323,198,2004,281.4277311511162
2324,198,2005,281.42330144176026
2325,198,2006,281.8442186407157
2326,198,2007,282.48910687131485
2327,198,2008,282.5330972592688
2328,198,2009,281.669327761414
2329,198,2010,280.4069813295551
2330,198,2011,282.0063040445094
2331,198,2012,281.57264717270306
2332,198,2013,281.48179482537864
2333,198,2014,282.84278514870766
2334,198,2015,283.02637958669476
2335,198,2016,282.4597455931801
2336,198,2017,282.0748970129757
2337,198,2018,283.1571336787311
2338,198,2019,283.53834897123767
2339,198,2020,283.2633539042528
2340,199,2001,287.8774812306895
2341,199,2002,287.938026961182
2342,199,2003,288.25005826042235
2343,199,2004,287.9929159541262
2344,199,2005,288.0464295142304
2345,199,2006,288.5193366394331
2346,199,2007,287.65535344039137
2347,199,2008,287.5347974436234
2348,199,2009,288.4774497230624
2349,199,2010,288.1072685381785
2350,199,2011,288.56539559359607
2351,199,2012,287.81736593328714
2352,199,2013,287.96759814054684
2353,199,2014,288.16142177548494
2354,199,2015,288.6183468975475
2355,199,2016,288.5576611270803
2356,199,2017,289.1437200011118
2357,199,2018,288.11437903084874
2358,199,2019,288.4051266267764
2359,199,2020,288.92638891766677
2360,202,2001,284.53676947006187
2361,202,2002,284.5020100850722
2362,202,2003,284.43359082896797
2363,202,2004,285.21481653172435
2364,202,2005,284.23564101663476
2365,202,2006,284.8398207739613
2366,202,2007,285.18120443793725
2367,202,2008,284.87778548700464
2368,202,2009,284.8408189773434
2369,202,2010,284.348061705675
2370,202,2011,284.11310750607987
2371,202,2012,283.99324343292113
2372,202,2013,284.5486082159916
2373,202,2014,284.8851875866967
2374,202,2015,285.1911412312957
2375,202,2016,285.3873021161301
2376,202,2017,284.87786847712533
2377,202,2018,284.7582619496669
2378,202,2019,285.3783803563591
2379,202,2020,285.0596059142626
2380,203,2001,282.69836526695855
2381,203,2002,283.16119060125783
2382,203,2003,282.27104732745033
2383,203,2004,282.4619234343394
2384,203,2005,282.05462496158367
2385,203,2006,282.49523578036616
2386,203,2007,283.89447178801134
2387,203,2008,283.42096513752654
2388,203,2009,283.49839375141846
2389,203,2010,282.73163976911775
2390,203,2011,282.5889250793602
2391,203,2012,283.35427149768583
2392,203,2013,283.3816095604013
2393,203,2014,283.5398126474501
2394,203,2015,283.8241967338776
2395,203,2016,283.3130491182879
2396,203,2017,283.1499304366362
2397,203,2018,283.6022652017991
2398,203,2019,284.16721026325456
2399,203,2020,284.02365686720015
2400,205,2001,292.1020493594852
2401,205,2002,292.56611066635566
2402,205,2003,292.77801894851456
2403,205,2004,292.6800593530239
2404,205,2005,292.84477615830355
2405,205,2006,292.41662064744713
2406,205,2007,292.3048100772947
2407,205,2008,292.26082231524384
2408,205,2009,292.5168994955066
2409,205,2010,292.76240271900576
2410,205,2011,292.04728167429244
2411,205,2012,292.1588593039471
2412,205,2013,292.51740978178344
2413,205,2014,292.48419630920256
2414,205,2015,292.78344058737815
2415,205,2016,293.17381870409776
2416,205,2017,292.7415609870519
2417,205,2018,292.24782480787644
2418,205,2019,292.6783739143522
2419,205,2020,292.7493222078685
2420,211,2001,298.6922416687012
2421,211,2002,298.8660202026367
2422,211,2003,298.9263292948405
2423,211,2004,298.8529230753581
2424,211,2005,299.2217877705892
2425,211,2006,299.0118128458659
2426,211,2007,298.98845926920575
2427,211,2008,298.70533752441406
2428,211,2009,298.95394770304364
2429,211,2010,299.41884358723956
2430,211,2011,298.9141553243001
2431,211,2012,298.93273544311523
2432,211,2013,298.89891560872394
2433,211,2014,298.81639099121094
2434,211,2015,299.04282251993817
2435,211,2016,299.24868901570636
2436,211,2017,299.0449078877767
2437,211,2018,298.764944712321
2438,211,2019,299.0835100809733
2439,211,2020,299.25513076782227
2440,212,2001,297.04808284170423
2441,212,2002,297.3998486182496
2442,212,2003,297.2742351452047
2443,212,2004,297.4238669275712
2444,212,2005,297.40340191370416
2445,212,2006,297.1317331388312
2446,212,2007,297.2736306087214
2447,212,2008,296.8305176528202
2448,212,2009,297.12479880847314
2449,212,2010,297.4040013934802
2450,212,2011,296.82398661233776
2451,212,2012,297.1394878165111
2452,212,2013,297.32041225309075
2453,212,2014,297.2568923861528
2454,212,2015,297.26442710378046
2455,212,2016,297.7168732663447
2456,212,2017,297.49655561989556
2457,212,2018,297.35910049562074
2458,212,2019,297.70560838001086
2459,212,2020,297.4388563683764
2460,214,2001,297.66786775497354
2461,214,2002,297.92872978825085
2462,214,2003,298.10976235952893
2463,214,2004,297.94022617495153
2464,214,2005,297.93499985643433
2465,214,2006,298.00734388149846
2466,214,2007,298.03071310039104
2467,214,2008,297.89822170034836
2468,214,2009,298.01870640982366
2469,214,2010,298.16031725108843
2470,214,2011,297.8646208515716
2471,214,2012,297.8586890170597
2472,214,2013,297.8607499150109
2473,214,2014,297.78849526325683
2474,214,2015,297.8148577000067
2475,214,2016,298.32747083157847
2476,214,2017,298.1299153798082
2477,214,2018,298.1102169372378
2478,214,2019,298.420041512139
2479,214,2020,298.38099771064026
2480,215,2001,298.36651060555914
2481,215,2002,298.22151565572943
2482,215,2003,298.5726348452239
2483,215,2004,298.3478979735666
2484,215,2005,298.3998573890764
2485,215,2006,298.37881453236395
2486,215,2007,298.42059976041185
2487,215,2008,298.0716203491816
2488,215,2009,298.5516268973724
2489,215,2010,299.38748754172565
2490,215,2011,298.18525157983845
2491,215,2012,298.61121263735964
2492,215,2013,298.1731423072983
2493,215,2014,298.5331399833602
2494,215,2015,299.01065475230445
2495,215,2016,298.796610356098
2496,215,2017,299.07196655002286
2497,215,2018,299.0750760353549
2498,215,2019,298.97079897127435
2499,215,2020,298.71229826933615
2500,217,2001,301.6897890594806
2501,217,2002,301.7222817590246
2502,217,2003,301.30633165796706
2503,217,2004,301.57981307146935
2504,217,2005,301.6925147864908
2505,217,2006,301.45730754619336
2506,217,2007,301.501807105609
2507,217,2008,301.5015150294698
2508,217,2009,301.29481503891185
2509,217,2010,301.9966383231706
2510,217,2011,301.6272339945202
2511,217,2012,301.2873314039228
2512,217,2013,301.6215879434639
2513,217,2014,301.6566442891872
2514,217,2015,301.5670222935714
2515,217,2016,302.07350536201596
2516,217,2017,302.0699102181065
2517,217,2018,301.6757995951122
2518,217,2019,301.92700075880356
2519,217,2020,302.187369589576
2520,2648,2001,283.58875278189777
2521,2648,2002,284.22312822391257
2522,2648,2003,283.57164796802164
2523,2648,2004,283.3593792533356
2524,2648,2005,282.59284061886115
2525,2648,2006,283.3990336395742
2526,2648,2007,284.53722602940155
2527,2648,2008,284.46477763243723
2528,2648,2009,284.16586914168647
2529,2648,2010,283.6535866584421
2530,2648,2011,283.70048507583084
2531,2648,2012,284.383507888664
2532,2648,2013,284.47919194667566
2533,2648,2014,284.51573168409914
2534,2648,2015,284.62630636618
2535,2648,2016,284.24116844732293
2536,2648,2017,284.25127219652416
2537,2648,2018,284.72070963039897
2538,2648,2019,285.0475988509945
2539,2648,2020,284.5964048043813
2540,221,2001,298.52973699067735
2541,221,2002,298.72964216636115
2542,221,2003,298.7844510088842
2543,221,2004,298.6053210171165
2544,221,2005,298.5358283465512
2545,221,2006,298.73437027992287
2546,221,2007,298.7607600522176
2547,221,2008,298.590370718319
2548,221,2009,298.9201988584185
2549,221,2010,298.86528648675846
2550,221,2011,298.6261664396521
2551,221,2012,298.478223745605
2552,221,2013,298.72394008787995
2553,221,2014,298.6039048445021
2554,221,2015,298.7624542975071
2555,221,2016,299.0724075822314
2556,221,2017,299.03432476986956
2557,221,2018,298.83546588396695
2558,221,2019,299.1953416833854
2559,221,2020,299.1984199572036
2560,223,2001,280.9908107148174
2561,223,2002,281.75942800231843
2562,223,2003,281.28202488553615
2563,223,2004,280.8090283598933
2564,223,2005,280.57682611624
2565,223,2006,281.28839614432553
2566,223,2007,282.3162501354086
2567,223,2008,282.1407268244507
2568,223,2009,281.8569883002588
2569,223,2010,280.7041108517286
2570,223,2011,281.7226506049879
2571,223,2012,281.8487449371416
2572,223,2013,281.64305972192625
2573,223,2014,282.90194044041044
2574,223,2015,282.60743146941144
2575,223,2016,282.0193113447399
2576,223,2017,281.7713475596105
2577,223,2018,282.89206587902066
2578,223,2019,282.86004047183616
2579,223,2020,282.42030382478185
2580,224,2001,282.66858407856586
2581,224,2002,283.00761205722847
2582,224,2003,282.7113891181866
2583,224,2004,281.92497316638827
2584,224,2005,281.54495482331976
2585,224,2006,282.4598284243675
2586,224,2007,283.23958336971083
2587,224,2008,282.8868265371194
2588,224,2009,282.90264727487335
2589,224,2010,281.73138045888174
2590,224,2011,283.18094360295555
2591,224,2012,283.07480399227353
2592,224,2013,282.6709513934486
2593,224,2014,283.72216807043793
2594,224,2015,283.52427512013713
2595,224,2016,283.16142440459527
2596,224,2017,283.18678859459726
2597,224,2018,283.6267646162333
2598,224,2019,283.7779013773728
2599,224,2020,283.54365399704346
2600,225,2001,298.4566102217864
2601,225,2002,298.455565866819
2602,225,2003,298.51039368955867
2603,225,2004,298.3255149891208
2604,225,2005,298.57650012491894
2605,225,2006,298.34544087948234
2606,225,2007,298.5991753138792
2607,225,2008,298.314641782612
2608,225,2009,298.524224797069
2609,225,2010,298.64509698828067
2610,225,2011,298.47903990377614
2611,225,2012,298.43689632077593
2612,225,2013,298.52908419432805
2613,225,2014,298.53154024419297
2614,225,2015,298.47801405407796
2615,225,2016,298.80855144411186
2616,225,2017,298.711950489102
2617,225,2018,298.62964374824475
2618,225,2019,298.6717312035798
2619,225,2020,298.814127588447
2620,226,2001,299.4181867389713
2621,226,2002,299.4496410502674
2622,226,2003,299.6305030558721
2623,226,2004,299.4359712317693
2624,226,2005,299.4540555829669
2625,226,2006,299.4645294443789
2626,226,2007,299.80365748879507
2627,226,2008,299.2935156391231
2628,226,2009,299.811405863025
2629,226,2010,299.86633100664477
2630,226,2011,299.5489257487337
2631,226,2012,299.6001009489632
2632,226,2013,299.4174848152329
2633,226,2014,299.72542388056104
2634,226,2015,299.7754091990377
2635,226,2016,299.961854271363
2636,226,2017,299.8815411324353
2637,226,2018,299.41064990815033
2638,226,2019,299.93790807162014
2639,226,2020,300.04295816682696
2640,227,2001,290.4090673063759
2641,227,2002,290.77838767342047
2642,227,2003,291.257230019255
2643,227,2004,291.12958555430527
2644,227,2005,291.2217041483602
2645,227,2006,290.27177650298023
2646,227,2007,290.77794099689
2647,227,2008,290.87761685200974
2648,227,2009,290.7724256834327
2649,227,2010,291.27635112537
2650,227,2011,290.27935036008046
2651,227,2012,290.77977203629223
2652,227,2013,290.9233328417466
2653,227,2014,290.96917837499774
2654,227,2015,291.7461007634071
2655,227,2016,291.7232879805533
2656,227,2017,291.25385509963326
2657,227,2018,291.28481620036456
2658,227,2019,292.112100517956
2659,227,2020,291.08087658658854
2660,229,2001,286.4758487650383
2661,229,2002,286.55179546320875
2662,229,2003,286.8090432501802
2663,229,2004,286.2600964961038
2664,229,2005,286.31226706514036
2665,229,2006,287.08211269613406
2666,229,2007,286.093557216444
2667,229,2008,286.0150384705151
2668,229,2009,286.95200481931283
2669,229,2010,285.97534842459226
2670,229,2011,287.1011736688525
2671,229,2012,286.7050340136478
2672,229,2013,286.126051938613
2673,229,2014,287.0033961710013
2674,229,2015,287.2823421583343
2675,229,2016,287.08163608197043
2676,229,2017,287.6431371418076
2677,229,2018,286.65421809896117
2678,229,2019,287.2218870298895
2679,229,2020,287.4960327290337
2680,231,2001,299.10591680055194
2681,231,2002,299.2261575376047
2682,231,2003,299.1996411857119
2683,231,2004,299.13820506808486
2684,231,2005,299.30152388949233
2685,231,2006,299.059088747865
2686,231,2007,298.96422562044967
2687,231,2008,298.82570430003017
2688,231,2009,299.2548809471737
2689,231,2010,299.25283744524967
2690,231,2011,298.97700773143407
2691,231,2012,299.3290611330519
2692,231,2013,299.1011240844509
2693,231,2014,299.2101207607897
2694,231,2015,299.1292896540735
2695,231,2016,299.7850723564115
2696,231,2017,299.4126712002607
2697,231,2018,299.0001218276394
2698,231,2019,299.59224228831204
2699,231,2020,299.6471526788041
2700,233,2001,298.2759352910117
2701,233,2002,298.60699704336423
2702,233,2003,298.87323625266225
2703,233,2004,298.93991794847966
2704,233,2005,298.95186442662106
2705,233,2006,298.4896312426942
2706,233,2007,298.4183116427444
2707,233,2008,298.2660910821204
2708,233,2009,298.9328489723142
2709,233,2010,298.71396967039715
2710,233,2011,298.43749664027877
2711,233,2012,298.7249624953506
2712,233,2013,298.3769829561392
2713,233,2014,298.79839804693887
2714,233,2015,298.99906345786087
2715,233,2016,299.008270468078
2716,233,2017,298.82541389807875
2717,233,2018,298.3862392094798
2718,233,2019,298.9174986224328
2719,233,2020,298.80481560085303
2720,236,2001,275.5222545429349
2721,236,2002,276.3853235305773
2722,236,2003,276.35040432694456
2723,236,2004,276.20955352280424
2724,236,2005,276.6076935398031
2725,236,2006,277.0376985279675
2726,236,2007,276.5719345787929
2727,236,2008,276.7173298876024
2728,236,2009,276.03972234079407
2729,236,2010,274.1359801520011
2730,236,2011,277.0873859003159
2731,236,2012,275.5432678254875
2732,236,2013,276.4656642426086
2733,236,2014,277.45345333183064
2734,236,2015,277.1290222915554
2735,236,2016,276.7143060609949
2736,236,2017,276.3158649492476
2737,236,2018,276.93073580376165
2738,236,2019,276.58413906590386
2739,236,2020,278.00371529198054
2740,237,2001,277.77536192790666
2741,237,2002,278.2752367112941
2742,237,2003,278.39035054805197
2743,237,2004,277.58634851504024
2744,237,2005,277.3387020887293
2745,237,2006,278.24384561835876
2746,237,2007,278.2758526944473
2747,237,2008,277.895846744826
2748,237,2009,277.9960352696215
2749,237,2010,276.87947536984524
2750,237,2011,278.91242990732627
2751,237,2012,277.9558952576082
2752,237,2013,277.49889675855053
2753,237,2014,278.63664673658815
2754,237,2015,278.9782259178542
2755,237,2016,278.4990040451039
2756,237,2017,278.428575561947
2757,237,2018,279.34294038317734
2758,237,2019,278.7558157617712
2759,237,2020,279.25979759176073
2760,240,2001,298.4303151537649
2761,240,2002,298.6284886256955
2762,240,2003,298.58701531773295
2763,240,2004,298.6017427667434
2764,240,2005,298.8168289804272
2765,240,2006,298.61704377724277
2766,240,2007,298.5591832754913
2767,240,2008,297.96404197144324
2768,240,2009,298.53249307601925
2769,240,2010,299.2426028020814
2770,240,2011,297.7872900581477
2771,240,2012,298.8235667621329
2772,240,2013,298.5761017389325
2773,240,2014,298.6662160325513
2774,240,2015,299.0209384308287
2775,240,2016,299.14410080426086
2776,240,2017,298.55951175567895
2777,240,2018,298.62026464933405
2778,240,2019,299.5038630036695
2779,240,2020,299.34136260277205
2780,242,2001,296.8791702520401
2781,242,2002,297.14056450811233
2782,242,2003,297.1792477929229
2783,242,2004,297.0239178411587
2784,242,2005,297.3747506568263
2785,242,2006,296.71273417721505
2786,242,2007,296.97950282156086
2787,242,2008,296.9767833080476
2788,242,2009,297.2607489002306
2789,242,2010,297.29560941362615
2790,242,2011,296.76163089233927
2791,242,2012,296.9324947205169
2792,242,2013,297.15591105027767
2793,242,2014,297.1361822594929
2794,242,2015,297.168378012753
2795,242,2016,297.8705142926591
2796,242,2017,297.3808487191979
2797,242,2018,297.480451871239
2798,242,2019,297.2813144839458
2799,242,2020,297.5999410373291
2800,243,2001,299.78707731769686
2801,243,2002,299.7611979472659
2802,243,2003,299.94010453423675
2803,243,2004,299.79869955649514
2804,243,2005,299.97503615015853
2805,243,2006,299.98147646253744
2806,243,2007,299.8148076264437
2807,243,2008,299.75164270837837
2808,243,2009,299.9965284090757
2809,243,2010,300.0773037935913
2810,243,2011,299.88638396672786
2811,243,2012,299.54759816345455
2812,243,2013,299.90655672480403
2813,243,2014,299.8667597042503
2814,243,2015,299.9613974308118
2815,243,2016,300.20827184186174
2816,243,2017,300.3310501500167
2817,243,2018,299.9302269236884
2818,243,2019,300.24364915099585
2819,243,2020,300.29152326623455
2820,246,2001,298.8130039572208
2821,246,2002,298.87559875549647
2822,246,2003,299.06191224970314
2823,246,2004,298.948767344807
2824,246,2005,299.34489754655795
2825,246,2006,299.10480943204067
2826,246,2007,299.0512119713515
2827,246,2008,298.8290075849375
2828,246,2009,299.08607809362337
2829,246,2010,299.5507864730269
2830,246,2011,298.9921228555523
2831,246,2012,298.90059253224746
2832,246,2013,299.10091805939896
2833,246,2014,299.04004788246806
2834,246,2015,299.27311200217736
2835,246,2016,299.51966136350865
2836,246,2017,299.18120014258415
2837,246,2018,298.9329663956495
2838,246,2019,299.367873262913
2839,246,2020,299.40633840651594
2840,248,2001,293.1457539648636
2841,248,2002,292.6909274904261
2842,248,2003,292.72446526072684
2843,248,2004,292.32300940922727
2844,248,2005,292.2328453540566
2845,248,2006,292.6187920974721
2846,248,2007,292.5313678479043
2847,248,2008,292.55265296051243
2848,248,2009,292.3208475024651
2849,248,2010,293.0081800179151
2850,248,2011,292.21156131380354
2851,248,2012,292.9140850061154
2852,248,2013,292.79704340639404
2853,248,2014,293.2202706987087
2854,248,2015,292.6764723382377
2855,248,2016,293.4823655415596
2856,248,2017,292.55593091832696
2857,248,2018,293.06446967332073
2858,248,2019,292.8711255107556
2859,248,2020,293.2627350917953
2860,249,2001,284.4985422826172
2861,249,2002,283.48073108996334
2862,249,2003,283.3308645202217
2863,249,2004,283.4057092938408
2864,249,2005,283.59049477751336
2865,249,2006,283.79317047068616
2866,249,2007,284.02756606139764
2867,249,2008,283.9267625385739
2868,249,2009,283.8285236264935
2869,249,2010,285.64669571618856
2870,249,2011,283.0866776083356
2871,249,2012,284.15395914039016
2872,249,2013,284.21772170406734
2873,249,2014,285.0028463559124
2874,249,2015,284.3080864415989
2875,249,2016,284.48980949587866
2876,249,2017,284.3128690126661
2877,249,2018,285.5961167458349
2878,249,2019,284.8425793575934
2879,249,2020,285.0428528433998
2880,250,2001,290.18246058201447
2881,250,2002,289.88771292823685
2882,250,2003,289.1648268898465
2883,250,2004,290.3368596399866
2884,250,2005,290.32884237039735
2885,250,2006,290.43073115327
2886,250,2007,290.148455654893
2887,250,2008,289.79367021326556
2888,250,2009,290.18583118360465
2889,250,2010,290.840020923185
2890,250,2011,289.5204317545847
2891,250,2012,289.77564201684316
2892,250,2013,290.5833209449402
2893,250,2014,289.4974696997607
2894,250,2015,290.24793073672777
2895,250,2016,290.51803139262546
2896,250,2017,290.23383237467897
2897,250,2018,290.45699715502826
2898,250,2019,290.6619583368867
2899,250,2020,289.6876826476469
2900,254,2001,282.0404386147852
2901,254,2002,282.5792281841554
2902,254,2003,281.237614648978
2903,254,2004,281.9106716698275
2904,254,2005,282.10845984426004
2905,254,2006,281.7354376919488
2906,254,2007,283.33445534968706
2907,254,2008,282.8207462377026
2908,254,2009,282.75105137462407
2909,254,2010,282.7074147746626
2910,254,2011,282.00669358629597
2911,254,2012,282.60808325181284
2912,254,2013,282.88084352187707
2913,254,2014,282.7629827622513
2914,254,2015,283.3961953057372
2915,254,2016,282.8626545148481
2916,254,2017,283.040249371723
2917,254,2018,283.02560739363895
2918,254,2019,283.8699517558776
2919,254,2020,284.02079703396794
2920,255,2001,300.9011202693419
2921,255,2002,300.9110315514003
2922,255,2003,301.1200551515949
2923,255,2004,300.968191675419
2924,255,2005,300.94933083395694
2925,255,2006,301.0412721913795
2926,255,2007,301.05784085456384
2927,255,2008,300.6043394150026
2928,255,2009,300.93605577610066
2929,255,2010,301.6358228153534
2930,255,2011,301.113532267455
2931,255,2012,301.2746280428478
2932,255,2013,300.5253529426394
2933,255,2014,300.80968773333836
2934,255,2015,301.59645027487915
2935,255,2016,301.0429939554571
2936,255,2017,301.6229672716888
2937,255,2018,301.62719391795787
2938,255,2019,301.4658577137752
2939,255,2020,301.2504024467975
2940,256,2001,281.59673239853504
2941,256,2002,282.3410819981402
2942,256,2003,282.4146219315675
2943,256,2004,282.2995772283777
2944,256,2005,282.2869968635482
2945,256,2006,282.5585823233074
2946,256,2007,282.3747898687753
2947,256,2008,281.8162622138759
2948,256,2009,281.90197065122317
2949,256,2010,280.7387200651238
2950,256,2011,282.4255975226628
2951,256,2012,281.5078418190883
2952,256,2013,281.5405716832703
2953,256,2014,282.6656879799779
2954,256,2015,281.9936619436949
2955,256,2016,282.14540210099955
2956,256,2017,282.46303645978554
2957,256,2018,282.4280260090533
2958,256,2019,282.36240697745535
2959,256,2020,282.5827175605963
2960,257,2001,295.3844772764116
2961,257,2002,295.4020623761883
2962,257,2003,296.0235742043013
2963,257,2004,295.6154619939963
2964,257,2005,296.17726737497264
2965,257,2006,295.661623121836
2966,257,2007,295.7279440308632
2967,257,2008,295.4579336220089
2968,257,2009,295.94819377808466
2969,257,2010,296.01637347816853
2970,257,2011,295.6787100414381
2971,257,2012,295.77011981218664
2972,257,2013,295.80285258294657
2973,257,2014,295.790174003588
2974,257,2015,296.0165054632618
2975,257,2016,296.000126065913
2976,257,2017,296.09841765723473
2977,257,2018,295.5395208678901
2978,257,2019,296.0546792994152
2979,257,2020,295.60595634862165
2980,260,2001,291.0534936030753
2981,260,2002,290.54957196679095
2982,260,2003,290.14031856427863
2983,260,2004,290.68716850528307
2984,260,2005,290.75155619193356
2985,260,2006,290.9525331949794
2986,260,2007,290.18153604758874
2987,260,2008,290.76882321617865
2988,260,2009,290.328528434754
2989,260,2010,290.2735937926255
2990,260,2011,290.14287781011
2991,260,2012,291.0567487842467
2992,260,2013,290.10549901739
2993,260,2014,290.65165356306005
2994,260,2015,290.797590194896
2995,260,2016,290.1186884063174
2996,260,2017,291.33880981443644
2997,260,2018,290.9503028803147
2998,260,2019,290.5790338812363
2999,260,2020,290.6591151419753
3000,261,2001,286.9310161353622
3001,261,2002,286.71219778042894
3002,261,2003,285.9141738861545
3003,261,2004,287.3976187874103
3004,261,2005,287.2031477573706
3005,261,2006,286.9920852565647
3006,261,2007,287.27375383157585
3007,261,2008,286.69981924648346
3008,261,2009,286.94707011801586
3009,261,2010,287.53346793691907
3010,261,2011,286.4539363539437
3011,261,2012,286.5284561501074
3012,261,2013,287.6108307381381
3013,261,2014,285.90483918315965
3014,261,2015,287.2137494489828
3015,261,2016,287.75853954773464
3016,261,2017,287.06325553236013
3017,261,2018,286.8416769749915
3018,261,2019,287.72858931182003
3019,261,2020,286.8101348265262
3020,262,2001,297.49199780905656
3021,262,2002,297.40061391975166
3022,262,2003,297.2664343131202
3023,262,2004,297.2027662710292
3024,262,2005,297.3432966515774
3025,262,2006,297.1799329869887
3026,262,2007,297.71902693466365
3027,262,2008,297.4433473422806
3028,262,2009,297.1531541905102
3029,262,2010,297.7798435116872
3030,262,2011,297.45419962482725
3031,262,2012,297.2804811124811
3032,262,2013,297.44595421034705
3033,262,2014,297.3624437683921
3034,262,2015,297.310407001683
3035,262,2016,297.88652463621906
3036,262,2017,297.67616326282507
3037,262,2018,297.3842619126005
3038,262,2019,297.4614565145499
3039,262,2020,297.69976070259884
3040,263,2001,297.9147749110066
3041,263,2002,297.93595965741355
3042,263,2003,298.1295837814313
3043,263,2004,297.86011611025464
3044,263,2005,298.2253737504884
3045,263,2006,297.97303219158624
3046,263,2007,298.0944935252699
3047,263,2008,297.71232331437005
3048,263,2009,298.32753368524874
3049,263,2010,298.39550092672937
3050,263,2011,297.7128662164231
3051,263,2012,297.7177918499867
3052,263,2013,298.1438961662662
3053,263,2014,298.32509489776965
3054,263,2015,298.6746289234328
3055,263,2016,298.65227146016105
3056,263,2017,298.2281591502434
3057,263,2018,298.16728559170883
3058,263,2019,298.626850036314
3059,263,2020,298.7941737732274
3060,264,2001,296.1131348455606
3061,264,2002,296.4169889669476
3062,264,2003,296.4503624728729
3063,264,2004,296.1417713751298
3064,264,2005,296.32157679707694
3065,264,2006,296.37834346516615
3066,264,2007,296.20970251923126
3067,264,2008,295.61694961233235
3068,264,2009,296.3299775495796
3069,264,2010,296.78258602580627
3070,264,2011,295.42546620246014
3071,264,2012,296.3543928584615
3072,264,2013,296.1515949017437
3073,264,2014,296.2808024496226
3074,264,2015,296.79868555489963
3075,264,2016,296.8093813747679
3076,264,2017,296.2364193006141
3077,264,2018,296.3565026455741
3078,264,2019,297.12497143765796
3079,264,2020,296.77293779454254
3080,269,2001,297.8425755978921
3081,269,2002,298.01497431207287
3082,269,2003,298.3456166827513
3083,269,2004,298.132896232333
3084,269,2005,298.25108997951793
3085,269,2006,298.3112345382654
3086,269,2007,298.25821253731505
3087,269,2008,297.58279357592124
3088,269,2009,298.41059001409025
3089,269,2010,298.314895418852
3090,269,2011,298.1019407264855
3091,269,2012,298.2283917577621
3092,269,2013,298.0669762867095
3093,269,2014,298.1522955108155
3094,269,2015,298.50156468343624
3095,269,2016,298.53505509106475
3096,269,2017,298.4120842097668
3097,269,2018,298.17531971845693
3098,269,2019,298.82223068380375
3099,269,2020,298.2835609630648
