,Country,Year,NDVI
0,Albania,1990,1967.8232183157052
1,Albania,1991,1784.206810756294
2,Albania,1992,1602.0596135631708
3,Albania,1993,1726.7235397912207
4,Albania,1994,1907.6972071534356
5,Albania,1995,1974.5781602048557
6,Albania,1996,1697.9898610293772
7,Albania,1997,2132.1859003035634
8,Albania,1998,2107.7309628352014
9,Albania,1999,1906.3037968036112
10,Albania,2000,2099.078895174366
11,Albania,2001,2437.696941422332
12,Albania,2002,2063.2942474227875
13,Albania,2003,2279.1421453566772
14,Albania,2004,2267.5817783283087
15,Albania,2005,2059.2222862351673
16,Albania,2006,2394.0686064372762
17,Albania,2007,2371.8205236567364
18,Albania,2008,2391.5479384309547
19,Albania,2009,2191.0289788314567
20,Albania,2010,2107.846161625164
21,Albania,2011,2556.323907961731
22,Albania,2012,2482.268795195668
23,Albania,2013,2364.644009607567
24,Algeria,1990,1205.7786999433517
25,Algeria,1991,1242.3786383744987
26,Algeria,1992,1223.6537946439967
27,Algeria,1993,1181.582309865498
28,Algeria,1994,1205.8365495821968
29,Algeria,1995,1332.4218256845331
30,Algeria,1996,1352.7532986117808
31,Algeria,1997,1351.4748508373877
32,Algeria,1998,1373.9439323385786
33,Algeria,1999,1336.0539951550948
34,Algeria,2000,1324.5629071598862
35,Algeria,2001,1171.859387440205
36,Algeria,2002,1113.986329650411
37,Algeria,2003,1082.2396003076283
38,Algeria,2004,1116.1992271616386
39,Algeria,2005,1097.8055762358433
40,Algeria,2006,1146.3333745496595
41,Algeria,2007,1183.9993935704906
42,Algeria,2008,1162.4325896889734
43,Algeria,2009,1240.9449883941552
44,Algeria,2010,1066.9618818864112
45,Algeria,2011,1100.4253470166752
46,Algeria,2012,1111.633883561877
47,Algeria,2013,1126.0844340763003
48,Angola,1990,2590.8742429158697
49,Angola,1991,2379.2313910029934
50,Angola,1992,2260.625640763123
51,Angola,1993,2313.750840320402
52,Angola,1994,1717.873959462154
53,Angola,1995,2850.0347480008336
54,Angola,1996,2704.357845735
55,Angola,1997,2746.7328106193827
56,Angola,1998,2713.4462159650257
57,Angola,1999,2489.613474382622
58,Angola,2000,2340.880601862881
59,Angola,2001,2894.4405434483556
60,Angola,2002,2804.634055973442
61,Angola,2003,2665.3541114396035
62,Angola,2004,2606.1001992970128
63,Angola,2005,2500.4498694650856
64,Angola,2006,2648.6847943274674
65,Angola,2007,2662.995674871462
66,Angola,2008,2719.6222900621947
67,Angola,2009,2718.379750449756
68,Angola,2010,2647.398868737855
69,Angola,2011,2613.3615146984826
70,Angola,2012,2559.2034687950004
71,Angola,2013,2603.049017279528
72,Argentina,1990,1873.3876398658829
73,Argentina,1991,1728.3845870463713
74,Argentina,1992,1627.1755160326602
75,Argentina,1993,1409.3085379017793
76,Argentina,1994,1020.4839299852298
77,Argentina,1995,1967.288496122145
78,Argentina,1996,2000.5123341835072
79,Argentina,1997,1913.03996008776
80,Argentina,1998,1891.4676970567743
81,Argentina,1999,1758.613494635227
82,Argentina,2000,1487.306831609047
83,Argentina,2001,2048.9205734082466
84,Argentina,2002,1972.6980631858885
85,Argentina,2003,1983.0538799665378
86,Argentina,2004,1920.0477934841085
87,Argentina,2005,1826.425044162184
88,Argentina,2006,1977.8977686630976
89,Argentina,2007,1882.5253170876304
90,Argentina,2008,1884.0077074647359
91,Argentina,2009,1860.7560299240681
92,Argentina,2010,1872.534531871873
93,Argentina,2011,1842.2173590061038
94,Argentina,2012,1875.5030018728419
95,Argentina,2013,1904.2643985150164
96,Armenia,1990,1447.5455455234633
97,Armenia,1991,1400.3473534290642
98,Armenia,1992,1193.9544432123737
99,Armenia,1993,1277.7642235097335
100,Armenia,1994,1391.5092316563184
101,Armenia,1995,1670.5601173330106
102,Armenia,1996,1433.0417375375296
103,Armenia,1997,1559.350260464759
104,Armenia,1998,1629.7419396096543
105,Armenia,1999,1545.137066337975
106,Armenia,2000,1468.9975800036273
107,Armenia,2001,1746.014659158972
108,Armenia,2002,1710.0695745626783
109,Armenia,2003,1393.0454907609856
110,Armenia,2004,1596.4435422785036
111,Armenia,2005,1466.3053335279249
112,Armenia,2006,1681.3003497168427
113,Armenia,2007,1589.4957614155614
114,Armenia,2008,1606.6588648150635
115,Armenia,2009,1570.5413055279862
116,Armenia,2010,1891.329746705686
117,Armenia,2011,1487.605634721001
118,Armenia,2012,1615.3322795561846
119,Armenia,2013,1633.5610778347918
120,Australia,1990,1990.3870911539123
121,Australia,1991,1952.0754669781227
122,Australia,1992,1782.2809612290418
123,Australia,1993,1707.4916430286617
124,Australia,1994,1034.860253606194
125,Australia,1995,2127.3749138118405
126,Australia,1996,2120.028621690692
127,Australia,1997,2098.5212287676436
128,Australia,1998,2049.8732021763753
129,Australia,1999,1977.900723045096
130,Australia,2000,1738.288586495645
131,Australia,2001,2179.539733695196
132,Australia,2002,2129.4601509432932
133,Australia,2003,1990.9635881647828
134,Australia,2004,2035.3571986278482
135,Australia,2005,1939.3279448155304
136,Australia,2006,2034.2088252629612
137,Australia,2007,1982.506801001662
138,Australia,2008,1968.9899774021055
139,Australia,2009,2023.9479136510931
140,Australia,2010,1885.3247305289274
141,Australia,2011,2030.825733924051
142,Australia,2012,2020.7755350749467
143,Australia,2013,1882.1448421994705
144,Austria,1990,1681.3651081406172
145,Austria,1991,1392.5941457053884
146,Austria,1992,1330.3176568848785
147,Austria,1993,1202.6524111550957
148,Austria,1994,1381.9568058282593
149,Austria,1995,1479.0793735416626
150,Austria,1996,1211.0550209885569
151,Austria,1997,1696.5924368562871
152,Austria,1998,1544.5769445187796
153,Austria,1999,1389.413458710339
154,Austria,2000,1568.5935512611202
155,Austria,2001,1827.8194087433526
156,Austria,2002,1716.769483590336
157,Austria,2003,1829.6726933749555
158,Austria,2004,1485.2400907197057
159,Austria,2005,1551.2198510478906
160,Austria,2006,1737.1670184396792
161,Austria,2007,1894.352238923861
162,Austria,2008,1712.6927744467785
163,Austria,2009,1704.56701906922
164,Austria,2010,1433.5882584291944
165,Austria,2011,2093.1396329011195
166,Austria,2012,1852.0484446591304
167,Austria,2013,1584.0344758278445
168,Azerbaijan,1990,1582.0542968349375
169,Azerbaijan,1991,1453.3391168523976
170,Azerbaijan,1992,1340.5968333114192
171,Azerbaijan,1993,1300.971274524181
172,Azerbaijan,1994,1399.135097699827
173,Azerbaijan,1995,1891.0222911583278
174,Azerbaijan,1996,1480.7161522084011
175,Azerbaijan,1997,1626.5179642484716
176,Azerbaijan,1998,1552.7128890174074
177,Azerbaijan,1999,1591.4730967937749
178,Azerbaijan,2000,1541.3831715034507
179,Azerbaijan,2001,1839.4692669888964
180,Azerbaijan,2002,1772.8003879019511
181,Azerbaijan,2003,1545.0241721320403
182,Azerbaijan,2004,1879.3836497709542
183,Azerbaijan,2005,1594.9159957272984
184,Azerbaijan,2006,1761.2093871962293
185,Azerbaijan,2007,1643.1325774057025
186,Azerbaijan,2008,1632.435106850337
187,Azerbaijan,2009,1673.4762453268447
188,Azerbaijan,2010,1862.8904409823704
189,Azerbaijan,2011,1536.6580613503468
190,Azerbaijan,2012,1718.0272814383936
191,Azerbaijan,2013,1787.851770541424
192,Bahrain,1990,567.7116094242976
193,Bahrain,1991,638.7478340011812
194,Bahrain,1992,542.5831274989681
195,Bahrain,1993,568.3818071848531
196,Bahrain,1994,526.6186662393698
197,Bahrain,1995,553.9227440847235
198,Bahrain,1996,543.1477559630554
199,Bahrain,1997,497.94767877134495
200,Bahrain,1998,493.1235516621441
201,Bahrain,1999,434.53297119868057
202,Bahrain,2000,338.8217410024822
203,Bahrain,2001,385.80582660159604
204,Bahrain,2002,394.3964940144774
205,Bahrain,2003,318.98174600046104
206,Bahrain,2004,361.65849238282965
207,Bahrain,2005,335.6961029046281
208,Bahrain,2006,189.15588097394883
209,Bahrain,2007,185.92570389418992
210,Bahrain,2008,173.83260720265102
211,Bahrain,2009,140.03918862956294
212,Bahrain,2010,238.85524190770525
213,Bahrain,2011,248.44881653580472
214,Bahrain,2012,223.65009465886564
215,Bahrain,2013,232.4026304786638
216,Bangladesh,1990,2117.366117659595
217,Bangladesh,1991,1946.097939432914
218,Bangladesh,1992,2092.3410552076407
219,Bangladesh,1993,1907.262607465
220,Bangladesh,1994,1820.847044270379
221,Bangladesh,1995,2183.770875503467
222,Bangladesh,1996,2505.476055390439
223,Bangladesh,1997,2269.2467442476395
224,Bangladesh,1998,2159.2208122997304
225,Bangladesh,1999,2223.0079891670457
226,Bangladesh,2000,2093.8646406035828
227,Bangladesh,2001,2326.51090011147
228,Bangladesh,2002,2261.67834789856
229,Bangladesh,2003,2186.268500771914
230,Bangladesh,2004,2063.760090228012
231,Bangladesh,2005,2160.3090817750394
232,Bangladesh,2006,2244.858456074196
233,Bangladesh,2007,2111.127350309654
234,Bangladesh,2008,2196.27485512344
235,Bangladesh,2009,2263.9227034147034
236,Bangladesh,2010,2092.923126137735
237,Bangladesh,2011,2175.254404716157
238,Bangladesh,2012,2162.2322703935056
239,Bangladesh,2013,2199.194769430632
240,Belarus,1990,1218.5171230449382
241,Belarus,1991,1175.8575378232579
242,Belarus,1992,1098.3629527067183
243,Belarus,1993,1048.482622579379
244,Belarus,1994,1496.6341591604378
245,Belarus,1995,1545.613772090952
246,Belarus,1996,1167.5012497488872
247,Belarus,1997,1315.1640935134392
248,Belarus,1998,1314.4835285251481
249,Belarus,1999,1483.435895210453
250,Belarus,2000,1440.720265232857
251,Belarus,2001,1631.8149927446316
252,Belarus,2002,1711.3083189352722
253,Belarus,2003,1350.8242490872879
254,Belarus,2004,1393.4526359478873
255,Belarus,2005,1505.9757039228277
256,Belarus,2006,1486.8452414299006
257,Belarus,2007,1563.8807919819264
258,Belarus,2008,1460.698671900915
259,Belarus,2009,1555.3544658427038
260,Belarus,2010,1471.7982419583373
261,Belarus,2011,1586.4689272283156
262,Belarus,2012,1450.2976575034497
263,Belarus,2013,1341.275495915089
264,Belgium,1990,1701.6467819999787
265,Belgium,1991,1518.917698575067
266,Belgium,1992,1268.2814912540507
267,Belgium,1993,1189.289596049761
268,Belgium,1994,1402.8512893916725
269,Belgium,1995,1664.357585055247
270,Belgium,1996,1460.8970038024775
271,Belgium,1997,1787.834186930564
272,Belgium,1998,1331.769956864818
273,Belgium,1999,1501.3580404414206
274,Belgium,2000,1408.0903659604342
275,Belgium,2001,1777.6838501833815
276,Belgium,2002,1678.4285363767021
277,Belgium,2003,2074.9654643326407
278,Belgium,2004,1557.117250433797
279,Belgium,2005,1707.1974872904182
280,Belgium,2006,1755.9807243006208
281,Belgium,2007,1837.8030815137065
282,Belgium,2008,1687.4970311955894
283,Belgium,2009,1675.7933626892384
284,Belgium,2010,1463.1854138067295
285,Belgium,2011,2006.9347213523083
286,Belgium,2012,1632.7787161612803
287,Belgium,2013,1556.8604587280918
288,Botswana,1990,1938.0267373442407
289,Botswana,1991,2117.91513848402
290,Botswana,1992,1874.613335308942
291,Botswana,1993,1841.8561173953665
292,Botswana,1994,1560.21426296993
293,Botswana,1995,2033.3053674296189
294,Botswana,1996,2192.8420689763916
295,Botswana,1997,2254.245450861581
296,Botswana,1998,2212.8988601650894
297,Botswana,1999,2002.0659314408806
298,Botswana,2000,2067.7023404284196
299,Botswana,2001,2435.949599335542
300,Botswana,2002,2114.4883530731317
301,Botswana,2003,1931.2432143811807
302,Botswana,2004,2151.30268147442
303,Botswana,2005,1983.893682121964
304,Botswana,2006,2264.556976576144
305,Botswana,2007,2146.720483124989
306,Botswana,2008,2204.714474151502
307,Botswana,2009,2242.783274049838
308,Botswana,2010,2114.5149616492795
309,Botswana,2011,2096.750275983524
310,Botswana,2012,2043.974203175862
311,Botswana,2013,2002.3976588110029
312,Brazil,1990,2783.491118000788
313,Brazil,1991,2535.517850045281
314,Brazil,1992,2529.6753027289355
315,Brazil,1993,2623.871055074104
316,Brazil,1994,2447.95330221339
317,Brazil,1995,2911.2918666019546
318,Brazil,1996,2893.886483872813
319,Brazil,1997,2899.751428214679
320,Brazil,1998,2887.3318075290626
321,Brazil,1999,2855.5421340757425
322,Brazil,2000,2808.0439246201763
323,Brazil,2001,2966.2486368218106
324,Brazil,2002,2916.5249420818427
325,Brazil,2003,2824.4776581486444
326,Brazil,2004,2726.420395140193
327,Brazil,2005,2735.911479295258
328,Brazil,2006,2791.490215521143
329,Brazil,2007,2807.5323471733814
330,Brazil,2008,2783.5631457917398
331,Brazil,2009,2795.970582338279
332,Brazil,2010,2800.8977501008985
333,Brazil,2011,2775.078550828897
334,Brazil,2012,2783.35644678773
335,Brazil,2013,2699.634276644385
336,Bulgaria,1990,2009.2662386986462
337,Bulgaria,1991,1722.193963906872
338,Bulgaria,1992,1753.3843492450126
339,Bulgaria,1993,1719.9938755752632
340,Bulgaria,1994,2006.2977257235152
341,Bulgaria,1995,1992.8953402516602
342,Bulgaria,1996,1650.9837012097303
343,Bulgaria,1997,2016.3298343329604
344,Bulgaria,1998,2044.0279052414287
345,Bulgaria,1999,2076.360267250407
346,Bulgaria,2000,2072.826528325413
347,Bulgaria,2001,2294.1433356499965
348,Bulgaria,2002,2068.6306612380436
349,Bulgaria,2003,2127.5453017573745
350,Bulgaria,2004,2186.1056122133614
351,Bulgaria,2005,2021.2049217868212
352,Bulgaria,2006,2273.8890205064235
353,Bulgaria,2007,2536.51306903179
354,Bulgaria,2008,2344.287847917223
355,Bulgaria,2009,2280.067014124325
356,Bulgaria,2010,2150.8152508741027
357,Bulgaria,2011,2399.043611982539
358,Bulgaria,2012,2426.397789168669
359,Bulgaria,2013,2440.1196446432664
360,Burkina Faso,1990,2061.069318708295
361,Burkina Faso,1991,1925.085555737463
362,Burkina Faso,1992,1842.305492807529
363,Burkina Faso,1993,1944.7912869177353
364,Burkina Faso,1994,1719.779840068808
365,Burkina Faso,1995,2328.1339007015667
366,Burkina Faso,1996,2288.572033776912
367,Burkina Faso,1997,2174.9171376387308
368,Burkina Faso,1998,2151.0825771054824
369,Burkina Faso,1999,2164.4634680607965
370,Burkina Faso,2000,2181.7818569854385
371,Burkina Faso,2001,2237.7895619805686
372,Burkina Faso,2002,2117.714267890321
373,Burkina Faso,2003,2076.989604782883
374,Burkina Faso,2004,2035.541476663025
375,Burkina Faso,2005,1965.938291869618
376,Burkina Faso,2006,2057.430738369119
377,Burkina Faso,2007,1994.290640856733
378,Burkina Faso,2008,2113.2395348974146
379,Burkina Faso,2009,2090.6469072665377
380,Burkina Faso,2010,1971.0014816482833
381,Burkina Faso,2011,2006.6249226828108
382,Burkina Faso,2012,1943.7262039872683
383,Burkina Faso,2013,2059.4699416577796
384,Burundi,1990,1936.02796272603
385,Burundi,1991,1719.731257115328
386,Burundi,1992,1696.3643697352654
387,Burundi,1993,1610.1076219980155
388,Burundi,1994,1467.4303368730716
389,Burundi,1995,2183.613225604335
390,Burundi,1996,2116.057402779325
391,Burundi,1997,1993.9748743580085
392,Burundi,1998,1997.3738696847563
393,Burundi,1999,1836.8025269426084
394,Burundi,2000,1703.7149858052983
395,Burundi,2001,2139.4451985119654
396,Burundi,2002,1957.6310739772807
397,Burundi,2003,1896.6587312347308
398,Burundi,2004,1824.3473975138945
399,Burundi,2005,1766.5588728360567
400,Burundi,2006,1859.3906530414677
401,Burundi,2007,1832.3950890648732
402,Burundi,2008,1743.3318550061542
403,Burundi,2009,1876.5427488795303
404,Burundi,2010,1942.7907730228121
405,Burundi,2011,1756.5046724972237
406,Burundi,2012,1763.5357922627031
407,Burundi,2013,1954.131244931259
408,Cameroon,1990,2733.043348395171
409,Cameroon,1991,2496.5622201673664
410,Cameroon,1992,2621.0929697647503
411,Cameroon,1993,2850.9166800992066
412,Cameroon,1994,2850.2192879590243
413,Cameroon,1995,2931.6935086098315
414,Cameroon,1996,2867.860094545542
415,Cameroon,1997,2841.6196678636948
416,Cameroon,1998,2857.429737154574
417,Cameroon,1999,2908.220837234741
418,Cameroon,2000,3014.266206513712
419,Cameroon,2001,2866.1078560522124
420,Cameroon,2002,2841.9436354236705
421,Cameroon,2003,2619.5140057044878
422,Cameroon,2004,2605.7551474536704
423,Cameroon,2005,2602.1800053806287
424,Cameroon,2006,2596.399104004189
425,Cameroon,2007,2591.7935259131605
426,Cameroon,2008,2617.5205522443907
427,Cameroon,2009,2698.1160654712035
428,Cameroon,2010,2502.884687966552
429,Cameroon,2011,2554.173462730258
430,Cameroon,2012,2446.9394238540613
431,Cameroon,2013,2487.2770579448943
432,Chile,1990,1501.210995994844
433,Chile,1991,1357.242496807019
434,Chile,1992,1271.8123927810002
435,Chile,1993,1259.355610222454
436,Chile,1994,915.0851181133958
437,Chile,1995,1588.2036161316644
438,Chile,1996,1620.725428871917
439,Chile,1997,1503.869539740575
440,Chile,1998,1643.718557906048
441,Chile,1999,1575.8639835287152
442,Chile,2000,1362.4128084067431
443,Chile,2001,1719.3821163179127
444,Chile,2002,1460.0456265858272
445,Chile,2003,1487.1639617216008
446,Chile,2004,1470.927462278591
447,Chile,2005,1411.8161876776394
448,Chile,2006,1391.0758627211576
449,Chile,2007,1363.422233163882
450,Chile,2008,1529.5368773468601
451,Chile,2009,1378.8930628417174
452,Chile,2010,1416.1656022021684
453,Chile,2011,1440.400799354921
454,Chile,2012,1382.9233185258984
455,Chile,2013,1498.5196699781682
456,Colombia,1990,2191.9612140112195
457,Colombia,1991,2163.1913151826666
458,Colombia,1992,2185.2992662395595
459,Colombia,1993,2264.7620411045236
460,Colombia,1994,2141.0772609680744
461,Colombia,1995,2508.22827064162
462,Colombia,1996,2393.345723758341
463,Colombia,1997,2501.4793397953567
464,Colombia,1998,2450.973329149111
465,Colombia,1999,2448.9521738748463
466,Colombia,2000,2439.3885675038678
467,Colombia,2001,2484.4574739327827
468,Colombia,2002,2422.8741896362385
469,Colombia,2003,2119.2958100963133
470,Colombia,2004,2296.8116654620435
471,Colombia,2005,2237.8100869061163
472,Colombia,2006,2138.363331476308
473,Colombia,2007,2188.990993070449
474,Colombia,2008,2174.459067577074
475,Colombia,2009,2233.72838126999
476,Colombia,2010,2067.9533676912115
477,Colombia,2011,2100.316101988382
478,Colombia,2012,2130.313034630401
479,Colombia,2013,2133.939250854099
480,Croatia,1990,2171.938338397831
481,Croatia,1991,1945.4336419640292
482,Croatia,1992,1982.1265708307158
483,Croatia,1993,1896.8206754274788
484,Croatia,1994,2245.0158206809338
485,Croatia,1995,2157.8754575728267
486,Croatia,1996,1759.3914583100598
487,Croatia,1997,2349.4393518329707
488,Croatia,1998,2294.0279610480584
489,Croatia,1999,2044.6904271354504
490,Croatia,2000,2346.067419759174
491,Croatia,2001,2569.607141471213
492,Croatia,2002,2246.453327547219
493,Croatia,2003,2495.4043655669752
494,Croatia,2004,2184.2477055644363
495,Croatia,2005,2118.7725820841124
496,Croatia,2006,2323.0391334873107
497,Croatia,2007,2638.1902465400062
498,Croatia,2008,2460.9166214639467
499,Croatia,2009,2410.5165042966305
500,Croatia,2010,2093.4268146087775
501,Croatia,2011,2657.1643390496515
502,Croatia,2012,2636.4809806300304
503,Croatia,2013,2338.472403633543
504,Denmark,1990,1557.857606382378
505,Denmark,1991,1383.564629244975
506,Denmark,1992,1262.5502914154756
507,Denmark,1993,1136.3632148938273
508,Denmark,1994,1408.6773199847983
509,Denmark,1995,1559.0018850986846
510,Denmark,1996,1114.5630703289164
511,Denmark,1997,1608.7747356283573
512,Denmark,1998,1171.6952985647813
513,Denmark,1999,1420.8544429604954
514,Denmark,2000,1279.4330473198715
515,Denmark,2001,1525.540747920078
516,Denmark,2002,1667.1890204800586
517,Denmark,2003,1632.3341263599882
518,Denmark,2004,1619.9590484998323
519,Denmark,2005,1668.7292504696597
520,Denmark,2006,1418.7964902453955
521,Denmark,2007,1674.5968999878035
522,Denmark,2008,1667.7022463161134
523,Denmark,2009,1609.143963839
524,Denmark,2010,1188.5047755839225
525,Denmark,2011,1472.472106954646
526,Denmark,2012,1439.7461380320647
527,Denmark,2013,1546.628695319406
528,Dominican Republic,1990,2574.977580487708
529,Dominican Republic,1991,2530.0804538040275
530,Dominican Republic,1992,2207.767522657769
531,Dominican Republic,1993,2147.725771112896
532,Dominican Republic,1994,1956.9999884157048
533,Dominican Republic,1995,3035.9723092843997
534,Dominican Republic,1996,2820.966538707046
535,Dominican Republic,1997,2832.800230694203
536,Dominican Republic,1998,2681.776984225955
537,Dominican Republic,1999,2462.884849858562
538,Dominican Republic,2000,2383.1612728395307
539,Dominican Republic,2001,2925.0130308223315
540,Dominican Republic,2002,3063.3482499613892
541,Dominican Republic,2003,2776.9492371979413
542,Dominican Republic,2004,2772.814036366826
543,Dominican Republic,2005,2439.8903299539943
544,Dominican Republic,2006,3006.8593768282726
545,Dominican Republic,2007,2880.9027567045327
546,Dominican Republic,2008,3048.947727822328
547,Dominican Republic,2009,3014.590203599264
548,Dominican Republic,2010,2581.7961131538596
549,Dominican Republic,2011,2915.217249664183
550,Dominican Republic,2012,2987.6030091682633
551,Dominican Republic,2013,2894.003628551242
552,Ecuador,1990,1650.5471319621583
553,Ecuador,1991,1596.1575022611792
554,Ecuador,1992,1670.020409369923
555,Ecuador,1993,1727.4643698263587
556,Ecuador,1994,1673.7640787553219
557,Ecuador,1995,1873.3198797152277
558,Ecuador,1996,1840.4667677051668
559,Ecuador,1997,1893.9144199900488
560,Ecuador,1998,1904.3140186550127
561,Ecuador,1999,1788.6191308587663
562,Ecuador,2000,1897.2129704955983
563,Ecuador,2001,1833.6177338613954
564,Ecuador,2002,1643.9857192822178
565,Ecuador,2003,1395.4597930162374
566,Ecuador,2004,1560.6666839641277
567,Ecuador,2005,1568.5395013111781
568,Ecuador,2006,1499.2442665865385
569,Ecuador,2007,1458.6371031513345
570,Ecuador,2008,1422.205973914025
571,Ecuador,2009,1501.0708426691187
572,Ecuador,2010,1406.2426225559238
573,Ecuador,2011,1514.707173092796
574,Ecuador,2012,1508.4625309068913
575,Ecuador,2013,1421.947422047397
576,Egypt,1990,1254.7552984513272
577,Egypt,1991,1223.273583962394
578,Egypt,1992,1230.0284284768748
579,Egypt,1993,1217.1566002916738
580,Egypt,1994,1246.0918325130235
581,Egypt,1995,1377.7563346181112
582,Egypt,1996,1354.5154306861882
583,Egypt,1997,1353.181502493826
584,Egypt,1998,1324.382845916647
585,Egypt,1999,1364.6031089521393
586,Egypt,2000,1328.4062711700085
587,Egypt,2001,1162.8456569780742
588,Egypt,2002,1123.1971099011544
589,Egypt,2003,1110.1374237831558
590,Egypt,2004,1111.7985953536695
591,Egypt,2005,1121.0338359526634
592,Egypt,2006,1153.343097558626
593,Egypt,2007,1165.231765008321
594,Egypt,2008,1177.9969910356167
595,Egypt,2009,1195.290700247935
596,Egypt,2010,1086.2336044568863
597,Egypt,2011,1111.0229752552739
598,Egypt,2012,1099.9736346143052
599,Egypt,2013,1115.0398696026307
600,El Salvador,1990,3506.001904395522
601,El Salvador,1991,3000.3348089092133
602,El Salvador,1992,2756.0267881064424
603,El Salvador,1993,2486.153140570846
604,El Salvador,1994,2028.0366244987158
605,El Salvador,1995,3109.238778926423
606,El Salvador,1996,3390.4115408399352
607,El Salvador,1997,3456.705662170233
608,El Salvador,1998,3018.789180860539
609,El Salvador,1999,2935.830284342761
610,El Salvador,2000,2763.4272929595836
611,El Salvador,2001,3775.790862786547
612,El Salvador,2002,3767.771528983077
613,El Salvador,2003,3636.8621611690287
614,El Salvador,2004,3719.6525327332265
615,El Salvador,2005,3003.699087755162
616,El Salvador,2006,3587.5647787593985
617,El Salvador,2007,3486.27168272751
618,El Salvador,2008,3271.0697453435264
619,El Salvador,2009,3829.676718392339
620,El Salvador,2010,3287.006915591687
621,El Salvador,2011,3357.1767028237336
622,El Salvador,2012,3738.255547953155
623,El Salvador,2013,3304.4748214288884
624,Eritrea,1990,1223.366146412703
625,Eritrea,1991,1079.3937053683903
626,Eritrea,1992,1128.0270609843615
627,Eritrea,1993,1198.7672632609874
628,Eritrea,1994,1055.4387913832827
629,Eritrea,1995,1451.949537306482
630,Eritrea,1996,1340.0727436686632
631,Eritrea,1997,1355.724545890533
632,Eritrea,1998,1418.7926729701499
633,Eritrea,1999,1394.0074945251997
634,Eritrea,2000,1279.6298596629342
635,Eritrea,2001,1272.742512977965
636,Eritrea,2002,1230.6434646937826
637,Eritrea,2003,1137.070090008479
638,Eritrea,2004,1120.0574678898324
639,Eritrea,2005,1104.2824213581052
640,Eritrea,2006,1065.077518250486
641,Eritrea,2007,1190.351170714726
642,Eritrea,2008,1119.4732700747863
643,Eritrea,2009,1098.490763542786
644,Eritrea,2010,983.5581761518405
645,Eritrea,2011,985.6026960191443
646,Eritrea,2012,984.8705831439024
647,Eritrea,2013,978.3232888935876
648,Estonia,1990,1194.3080901287797
649,Estonia,1991,1092.7604570750914
650,Estonia,1992,1004.8335312454002
651,Estonia,1993,1023.4955805648515
652,Estonia,1994,1650.9072027252919
653,Estonia,1995,1397.7154882538641
654,Estonia,1996,1036.2930642721267
655,Estonia,1997,1428.6896734265863
656,Estonia,1998,1172.5225242923166
657,Estonia,1999,1340.8425862864128
658,Estonia,2000,1284.911079282978
659,Estonia,2001,1447.1775957380576
660,Estonia,2002,1746.2073288854842
661,Estonia,2003,1216.6675937593982
662,Estonia,2004,1154.445909853922
663,Estonia,2005,1374.5921123695412
664,Estonia,2006,1338.0035020532912
665,Estonia,2007,1419.0690746837972
666,Estonia,2008,1235.9189539121762
667,Estonia,2009,1226.8307111295444
668,Estonia,2010,1239.2729562207885
669,Estonia,2011,1388.0313537673703
670,Estonia,2012,1116.1359461878435
671,Estonia,2013,1387.104557284695
672,Finland,1990,1105.2409762181776
673,Finland,1991,953.2221549652919
674,Finland,1992,867.8073537312936
675,Finland,1993,830.0882483591083
676,Finland,1994,1187.931169752554
677,Finland,1995,863.6313144604507
678,Finland,1996,1050.5087754307413
679,Finland,1997,1321.776063389676
680,Finland,1998,798.1080825914916
681,Finland,1999,1130.8314327580217
682,Finland,2000,1173.2288390494161
683,Finland,2001,1417.2638986771146
684,Finland,2002,1392.7570221585154
685,Finland,2003,1023.4977791133206
686,Finland,2004,825.6121897580264
687,Finland,2005,1062.8601821155835
688,Finland,2006,1164.5112490035021
689,Finland,2007,1048.0145528986393
690,Finland,2008,791.6516456633876
691,Finland,2009,1063.8343143346294
692,Finland,2010,944.4673911077621
693,Finland,2011,1105.505904753728
694,Finland,2012,819.0972679031305
695,Finland,2013,1155.4252860424451
696,France,1990,2166.526735201282
697,France,1991,2044.9308892530262
698,France,1992,1746.2378155896185
699,France,1993,1590.622663925163
700,France,1994,1859.2265993733483
701,France,1995,2159.9655948945483
702,France,1996,1956.4590701968746
703,France,1997,2427.0849339792826
704,France,1998,2162.1195019968077
705,France,1999,1893.7708668062178
706,France,2000,1987.5174456341506
707,France,2001,2387.244468678247
708,France,2002,2205.3987284502864
709,France,2003,2411.669067933345
710,France,2004,2119.2727425232333
711,France,2005,2160.184933613646
712,France,2006,2210.088469918959
713,France,2007,2300.891279211799
714,France,2008,2128.1386952627313
715,France,2009,2287.04925158009
716,France,2010,2042.2040104574612
717,France,2011,2483.0553585846587
718,France,2012,2211.4487705977203
719,France,2013,2056.808625959389
720,Germany,1990,1630.4702769726373
721,Germany,1991,1473.848882251855
722,Germany,1992,1334.4278646721655
723,Germany,1993,1174.0109636307081
724,Germany,1994,1444.7765999961202
725,Germany,1995,1606.1224159207948
726,Germany,1996,1219.944668807707
727,Germany,1997,1695.587551590661
728,Germany,1998,1360.9766029353996
729,Germany,1999,1494.8084414655868
730,Germany,2000,1552.8970682906133
731,Germany,2001,1752.5178926384292
732,Germany,2002,1686.054832769383
733,Germany,2003,1919.0398680602334
734,Germany,2004,1568.6496819620077
735,Germany,2005,1732.5270687391258
736,Germany,2006,1739.794082699706
737,Germany,2007,1897.9398273679012
738,Germany,2008,1734.092225864241
739,Germany,2009,1705.26007752553
740,Germany,2010,1378.5476839778885
741,Germany,2011,1974.4923694566562
742,Germany,2012,1677.6824801240086
743,Germany,2013,1492.1671261602228
744,Ghana,1990,2364.7826104455453
745,Ghana,1991,2332.972908743113
746,Ghana,1992,2168.9360048142353
747,Ghana,1993,2426.25437484201
748,Ghana,1994,2293.986563255502
749,Ghana,1995,2634.6279230274204
750,Ghana,1996,2546.0147447647096
751,Ghana,1997,2509.3062833558943
752,Ghana,1998,2540.3043520027054
753,Ghana,1999,2659.2503451256166
754,Ghana,2000,2619.5376494660227
755,Ghana,2001,2485.6796291959326
756,Ghana,2002,2471.821359928265
757,Ghana,2003,2457.3234189515765
758,Ghana,2004,2278.755276703728
759,Ghana,2005,2321.8429259494565
760,Ghana,2006,2351.4450557087
761,Ghana,2007,2269.005991822193
762,Ghana,2008,2419.363543351979
763,Ghana,2009,2384.6885222489773
764,Ghana,2010,2304.639756165812
765,Ghana,2011,2293.8550209818845
766,Ghana,2012,2194.493229904898
767,Ghana,2013,2356.5888633807126
768,Greece,1990,2110.245018343046
769,Greece,1991,1909.0312999914242
770,Greece,1992,1837.250323856846
771,Greece,1993,1863.2689615101858
772,Greece,1994,2086.315429097314
773,Greece,1995,2227.531336448973
774,Greece,1996,1893.6371441706988
775,Greece,1997,2249.5183580144358
776,Greece,1998,2246.7169069046813
777,Greece,1999,2089.3111739498545
778,Greece,2000,2130.168997163187
779,Greece,2001,2438.55698626235
780,Greece,2002,2259.8196458974176
781,Greece,2003,2253.0208523821057
782,Greece,2004,2226.5387526666236
783,Greece,2005,2187.469897337011
784,Greece,2006,2341.3178507283915
785,Greece,2007,2483.30383134445
786,Greece,2008,2403.023020126839
787,Greece,2009,2266.6508490804295
788,Greece,2010,2227.4874735831418
789,Greece,2011,2489.9341652660737
790,Greece,2012,2555.7851071002688
791,Greece,2013,2475.0645716764648
792,Guatemala,1990,2750.2066473622835
793,Guatemala,1991,2640.5019815013934
794,Guatemala,1992,2322.300350620719
795,Guatemala,1993,2375.624970940089
796,Guatemala,1994,2205.386112723995
797,Guatemala,1995,2862.9476660660175
798,Guatemala,1996,2960.568483856535
799,Guatemala,1997,2820.293977458824
800,Guatemala,1998,2701.6544083525578
801,Guatemala,1999,2703.2843099901797
802,Guatemala,2000,2378.55404720768
803,Guatemala,2001,3012.0794571997526
804,Guatemala,2002,2976.8661770529457
805,Guatemala,2003,2785.6348551928786
806,Guatemala,2004,2887.854183683377
807,Guatemala,2005,2582.258708105342
808,Guatemala,2006,2724.2343800957233
809,Guatemala,2007,2834.170958114351
810,Guatemala,2008,2790.3309669624878
811,Guatemala,2009,2951.9103853335664
812,Guatemala,2010,2615.930949508994
813,Guatemala,2011,2805.143567227405
814,Guatemala,2012,2912.302702909665
815,Guatemala,2013,2587.7454821919837
816,Guinea,1990,2896.7218564715154
817,Guinea,1991,2570.4766903564023
818,Guinea,1992,2424.3929882595694
819,Guinea,1993,2577.2393931895817
820,Guinea,1994,2259.6109813909598
821,Guinea,1995,3078.3292840242075
822,Guinea,1996,3105.099234542221
823,Guinea,1997,2958.993686609862
824,Guinea,1998,2872.0051074295725
825,Guinea,1999,2818.8019466989576
826,Guinea,2000,2929.481008821394
827,Guinea,2001,3104.1682305537947
828,Guinea,2002,3072.123494919573
829,Guinea,2003,2822.204181084026
830,Guinea,2004,2793.383862760972
831,Guinea,2005,2759.0793605796603
832,Guinea,2006,3007.0340442397924
833,Guinea,2007,2906.915547735438
834,Guinea,2008,2993.035949284838
835,Guinea,2009,2959.6788598994244
836,Guinea,2010,2780.6080383765147
837,Guinea,2011,2902.9481489155696
838,Guinea,2012,2742.4834115179037
839,Guinea,2013,2979.78539064997
840,Guyana,1990,2665.329109912226
841,Guyana,1991,2431.0844338381576
842,Guyana,1992,2737.261658247559
843,Guyana,1993,2823.2644941818535
844,Guyana,1994,2733.557374102195
845,Guyana,1995,2925.540647162668
846,Guyana,1996,2873.9098093644866
847,Guyana,1997,2916.7635279179635
848,Guyana,1998,2932.1333125745673
849,Guyana,1999,3078.8775663788992
850,Guyana,2000,2927.4106864544033
851,Guyana,2001,2910.1997637218096
852,Guyana,2002,2870.980708778079
853,Guyana,2003,2763.0906449066615
854,Guyana,2004,2992.412578410817
855,Guyana,2005,2988.238838633693
856,Guyana,2006,2718.9830214434814
857,Guyana,2007,2649.8333149089017
858,Guyana,2008,2610.52209535696
859,Guyana,2009,2852.860949938493
860,Guyana,2010,2618.1084334489906
861,Guyana,2011,2685.5426700818484
862,Guyana,2012,2639.820768204074
863,Guyana,2013,2562.414498292359
864,Haiti,1990,2367.9679717445456
865,Haiti,1991,2265.386419718734
866,Haiti,1992,1922.2952525825372
867,Haiti,1993,1802.7267389172375
868,Haiti,1994,1557.7677062902637
869,Haiti,1995,2775.64603049467
870,Haiti,1996,2670.003903952893
871,Haiti,1997,2587.05433270386
872,Haiti,1998,2521.215905261632
873,Haiti,1999,2210.5551100346
874,Haiti,2000,1992.1917431551726
875,Haiti,2001,2810.0796654831424
876,Haiti,2002,2768.2154221636783
877,Haiti,2003,2545.684076835501
878,Haiti,2004,2583.937311316665
879,Haiti,2005,2191.334879019083
880,Haiti,2006,2763.105595032847
881,Haiti,2007,2797.945385510874
882,Haiti,2008,2729.557628466444
883,Haiti,2009,2756.744789704777
884,Haiti,2010,2476.2765375739673
885,Haiti,2011,2821.1959878650678
886,Haiti,2012,2708.500695544946
887,Haiti,2013,2722.8439636076773
888,Honduras,1990,2466.422693214651
889,Honduras,1991,2381.093278867883
890,Honduras,1992,2225.698671969784
891,Honduras,1993,2091.820207279306
892,Honduras,1994,2151.4217597043853
893,Honduras,1995,2779.989714984278
894,Honduras,1996,2673.353723704051
895,Honduras,1997,2671.9964792028677
896,Honduras,1998,2588.516754050739
897,Honduras,1999,2353.62957915096
898,Honduras,2000,2149.5590259877167
899,Honduras,2001,2685.02599432878
900,Honduras,2002,2719.373611250712
901,Honduras,2003,2566.8893688122694
902,Honduras,2004,2565.3832906766156
903,Honduras,2005,2293.4195345290063
904,Honduras,2006,2569.9941580767054
905,Honduras,2007,2695.0877851965297
906,Honduras,2008,2516.050367247597
907,Honduras,2009,2743.279413661261
908,Honduras,2010,2427.60472076889
909,Honduras,2011,2515.588572225918
910,Honduras,2012,2620.7510420839026
911,Honduras,2013,2480.1651791314166
912,Hungary,1990,1859.0345807885699
913,Hungary,1991,1728.529853906994
914,Hungary,1992,1715.9481887372262
915,Hungary,1993,1625.566920940717
916,Hungary,1994,2044.3465779783635
917,Hungary,1995,1899.0556462355953
918,Hungary,1996,1491.644188669133
919,Hungary,1997,1960.6460696664046
920,Hungary,1998,1967.469890649475
921,Hungary,1999,1836.6411653051903
922,Hungary,2000,2070.714115927542
923,Hungary,2001,2227.389820150957
924,Hungary,2002,2058.123344105936
925,Hungary,2003,2037.914025122944
926,Hungary,2004,1969.9282152458652
927,Hungary,2005,1978.8198727336376
928,Hungary,2006,2087.992504026184
929,Hungary,2007,2332.713235312962
930,Hungary,2008,2311.6080990707396
931,Hungary,2009,2176.76028946331
932,Hungary,2010,1910.7516931414875
933,Hungary,2011,2293.109368156027
934,Hungary,2012,2218.090652029381
935,Hungary,2013,2137.6325875035445
936,India,1990,2040.528716714691
937,India,1991,1971.8309485929751
938,India,1992,1947.8703274043294
939,India,1993,1870.9099220620922
940,India,1994,1613.3968579808804
941,India,1995,2247.450066069851
942,India,1996,2328.1989738628804
943,India,1997,2125.1775892440214
944,India,1998,2237.3321146774483
945,India,1999,2162.7009033507684
946,India,2000,2104.0825447982925
947,India,2001,2245.1938034067625
948,India,2002,2203.135519629715
949,India,2003,2048.2575690392814
950,India,2004,2147.793404157114
951,India,2005,2038.3240000560388
952,India,2006,2164.53907647681
953,India,2007,2174.9075295936486
954,India,2008,2140.9411876721833
955,India,2009,2180.5685336085385
956,India,2010,2022.6413974839809
957,India,2011,2209.1453457325647
958,India,2012,2113.7909785784445
959,India,2013,2070.476127635051
960,Indonesia,1990,2366.8545583886016
961,Indonesia,1991,2044.768324708634
962,Indonesia,1992,2114.2656013417827
963,Indonesia,1993,2126.067607059341
964,Indonesia,1994,2009.0049440383605
965,Indonesia,1995,2350.7222389576336
966,Indonesia,1996,2339.4227268867626
967,Indonesia,1997,2304.150346444351
968,Indonesia,1998,2237.8930289167265
969,Indonesia,1999,2178.262022912643
970,Indonesia,2000,2125.92701379103
971,Indonesia,2001,2417.1810035917406
972,Indonesia,2002,2421.3498884818364
973,Indonesia,2003,2206.670678956323
974,Indonesia,2004,2193.7282496266166
975,Indonesia,2005,2041.3017211947129
976,Indonesia,2006,2084.283910630057
977,Indonesia,2007,2093.4326237711234
978,Indonesia,2008,2031.8389993482656
979,Indonesia,2009,2238.622835901146
980,Indonesia,2010,2078.0064595840486
981,Indonesia,2011,2029.1146101611284
982,Indonesia,2012,2111.8347159512077
983,Indonesia,2013,2088.5876568295494
984,Iraq,1990,1265.9979383390025
985,Iraq,1991,1163.3652855885755
986,Iraq,1992,1157.9332953100757
987,Iraq,1993,1191.569986648966
988,Iraq,1994,1268.704160246155
989,Iraq,1995,1471.2210196473216
990,Iraq,1996,1365.0727339356624
991,Iraq,1997,1369.0731640080337
992,Iraq,1998,1560.2514962694806
993,Iraq,1999,1363.3489487971428
994,Iraq,2000,1221.0025442846666
995,Iraq,2001,1298.0799765824709
996,Iraq,2002,1173.508072404374
997,Iraq,2003,1131.7227552095392
998,Iraq,2004,1220.8817953339014
999,Iraq,2005,1143.687221516302
1000,Iraq,2006,1153.452440767618
1001,Iraq,2007,1141.430363668412
1002,Iraq,2008,1067.705196292124
1003,Iraq,2009,1079.0155459570703
1004,Iraq,2010,1044.8942460096766
1005,Iraq,2011,1044.704708692131
1006,Iraq,2012,1005.8272989518292
1007,Iraq,2013,1131.3493032973092
1008,Ireland,1990,1665.1504712349345
1009,Ireland,1991,1499.7841410916587
1010,Ireland,1992,1215.152757355304
1011,Ireland,1993,1059.4352093744967
1012,Ireland,1994,1195.9441766158238
1013,Ireland,1995,1778.395951257823
1014,Ireland,1996,1536.9239444209368
1015,Ireland,1997,1650.814013981756
1016,Ireland,1998,1445.7664700227203
1017,Ireland,1999,1409.9809129803627
1018,Ireland,2000,1535.803339690183
1019,Ireland,2001,1996.2790229517645
1020,Ireland,2002,1672.1703261770422
1021,Ireland,2003,1926.1360825766337
1022,Ireland,2004,1635.758077592939
1023,Ireland,2005,1473.2648989867541
1024,Ireland,2006,1765.3528881243883
1025,Ireland,2007,1863.68170025029
1026,Ireland,2008,1650.8905020376628
1027,Ireland,2009,1776.816900008752
1028,Ireland,2010,1829.591987542248
1029,Ireland,2011,1617.4676953595074
1030,Ireland,2012,1496.79665969252
1031,Ireland,2013,1644.6057573914438
1032,Italy,1990,2116.0718588648597
1033,Italy,1991,2012.074309028289
1034,Italy,1992,1799.6091392439396
1035,Italy,1993,1711.220472152116
1036,Italy,1994,2105.503325622694
1037,Italy,1995,2204.1646756466707
1038,Italy,1996,1922.2289967874692
1039,Italy,1997,2294.015381897073
1040,Italy,1998,2262.9434098875627
1041,Italy,1999,1991.9549389354672
1042,Italy,2000,2066.149056534991
1043,Italy,2001,2485.6788174900594
1044,Italy,2002,2222.601752918037
1045,Italy,2003,2381.6525517684145
1046,Italy,2004,2174.9213195641155
1047,Italy,2005,2131.0124117643672
1048,Italy,2006,2376.7197014712397
1049,Italy,2007,2489.9234541456726
1050,Italy,2008,2283.709145543426
1051,Italy,2009,2312.966101552567
1052,Italy,2010,2131.9106904396585
1053,Italy,2011,2582.509605019946
1054,Italy,2012,2513.788538872056
1055,Italy,2013,2279.3472279119005
1056,Jamaica,1990,2126.3842161054736
1057,Jamaica,1991,2138.04048819456
1058,Jamaica,1992,1886.3875266514926
1059,Jamaica,1993,1848.1215547099932
1060,Jamaica,1994,1742.2613243423227
1061,Jamaica,1995,2600.0055419988635
1062,Jamaica,1996,2540.235026217302
1063,Jamaica,1997,2487.1885459905275
1064,Jamaica,1998,2279.269074337755
1065,Jamaica,1999,2118.017581919548
1066,Jamaica,2000,2004.963436916513
1067,Jamaica,2001,2573.286358518161
1068,Jamaica,2002,2537.2104588296725
1069,Jamaica,2003,2457.726397043962
1070,Jamaica,2004,2430.609390069247
1071,Jamaica,2005,2022.1155019735497
1072,Jamaica,2006,2463.4533214443445
1073,Jamaica,2007,2431.456871994825
1074,Jamaica,2008,2412.5792464395504
1075,Jamaica,2009,2529.149270319732
1076,Jamaica,2010,2265.104633874589
1077,Jamaica,2011,2606.2513274549574
1078,Jamaica,2012,2520.8282029789393
1079,Jamaica,2013,2433.184375272725
1080,Japan,1990,1858.7896114735306
1081,Japan,1991,1571.5836982508645
1082,Japan,1992,1464.80426570972
1083,Japan,1993,1323.4828944999356
1084,Japan,1994,1624.41097791639
1085,Japan,1995,1794.3830462727676
1086,Japan,1996,1641.5235320226282
1087,Japan,1997,1758.7838888307188
1088,Japan,1998,1627.9629100672737
1089,Japan,1999,1683.6318936143255
1090,Japan,2000,1589.0743751096763
1091,Japan,2001,1924.9810259855021
1092,Japan,2002,1812.5581883545142
1093,Japan,2003,1606.8542849156906
1094,Japan,2004,1863.6896201047127
1095,Japan,2005,1611.452622963267
1096,Japan,2006,1608.8984695769052
1097,Japan,2007,1808.5179553975192
1098,Japan,2008,1768.8519744108569
1099,Japan,2009,1722.914679918817
1100,Japan,2010,1706.0968662739563
1101,Japan,2011,1674.1223134315878
1102,Japan,2012,1692.403834751888
1103,Japan,2013,1815.6463032295615
1104,Kazakhstan,1990,1044.9635555489754
1105,Kazakhstan,1991,1061.2492722051463
1106,Kazakhstan,1992,982.6130221156595
1107,Kazakhstan,1993,965.7088315336426
1108,Kazakhstan,1994,1148.5996232036575
1109,Kazakhstan,1995,1162.401832475529
1110,Kazakhstan,1996,1038.4532451967937
1111,Kazakhstan,1997,1192.251503319458
1112,Kazakhstan,1998,1100.627403939408
1113,Kazakhstan,1999,1104.8649988091802
1114,Kazakhstan,2000,1131.9055751187616
1115,Kazakhstan,2001,1155.3147450616752
1116,Kazakhstan,2002,1224.8020996371065
1117,Kazakhstan,2003,1016.5872435033389
1118,Kazakhstan,2004,1049.5441766794117
1119,Kazakhstan,2005,1072.8675197235589
1120,Kazakhstan,2006,999.5668760674882
1121,Kazakhstan,2007,1105.5322614185607
1122,Kazakhstan,2008,1045.7380632923068
1123,Kazakhstan,2009,1040.2161530543228
1124,Kazakhstan,2010,993.6037859411671
1125,Kazakhstan,2011,946.9094016781495
1126,Kazakhstan,2012,961.3452646501346
1127,Kazakhstan,2013,1006.8789205582227
1128,Kenya,1990,1903.3029703155141
1129,Kenya,1991,1631.6169680947548
1130,Kenya,1992,1534.7200923239097
1131,Kenya,1993,1734.914186679084
1132,Kenya,1994,1469.5378400291497
1133,Kenya,1995,1942.6546970521888
1134,Kenya,1996,1777.319119670247
1135,Kenya,1997,2056.9830046578923
1136,Kenya,1998,2183.272047686367
1137,Kenya,1999,1840.0251445317142
1138,Kenya,2000,1739.7286828947365
1139,Kenya,2001,1848.204796883614
1140,Kenya,2002,1861.4001393455826
1141,Kenya,2003,1838.0206240516748
1142,Kenya,2004,1714.288592767381
1143,Kenya,2005,1667.772807717924
1144,Kenya,2006,1684.2978969340456
1145,Kenya,2007,1856.5923502094913
1146,Kenya,2008,1725.690591081465
1147,Kenya,2009,1604.6311551591193
1148,Kenya,2010,1645.3988380303476
1149,Kenya,2011,1638.086422702352
1150,Kenya,2012,1739.1721856338165
1151,Kenya,2013,1687.428877463736
1152,Latvia,1990,1221.6440176910758
1153,Latvia,1991,1131.1312925951572
1154,Latvia,1992,1020.1744704533093
1155,Latvia,1993,1043.179210225642
1156,Latvia,1994,1640.0208614893313
1157,Latvia,1995,1418.7642614641902
1158,Latvia,1996,1037.5009322237993
1159,Latvia,1997,1358.7891708993388
1160,Latvia,1998,1150.4492928226884
1161,Latvia,1999,1377.8360128384768
1162,Latvia,2000,1300.7779319333642
1163,Latvia,2001,1484.2310089636712
1164,Latvia,2002,1704.4708429407985
1165,Latvia,2003,1248.6834218918275
1166,Latvia,2004,1174.3554618582875
1167,Latvia,2005,1450.355878593921
1168,Latvia,2006,1422.5999625011789
1169,Latvia,2007,1514.1828290950689
1170,Latvia,2008,1324.6434573383228
1171,Latvia,2009,1348.4377960995485
1172,Latvia,2010,1329.2633718205757
1173,Latvia,2011,1399.3130873747416
1174,Latvia,2012,1222.4499231310183
1175,Latvia,2013,1313.5076328231262
1176,Lebanon,1990,1898.2169598010428
1177,Lebanon,1991,1715.6183210262204
1178,Lebanon,1992,1521.3049763436168
1179,Lebanon,1993,1537.3512295443682
1180,Lebanon,1994,1818.35728580752
1181,Lebanon,1995,2018.1322109303264
1182,Lebanon,1996,1839.7618610924512
1183,Lebanon,1997,1908.5356682530924
1184,Lebanon,1998,1906.1903471797857
1185,Lebanon,1999,1946.0509563749256
1186,Lebanon,2000,1785.714520647062
1187,Lebanon,2001,1983.2336645776659
1188,Lebanon,2002,1955.7953984777346
1189,Lebanon,2003,1719.9794801715238
1190,Lebanon,2004,1699.5308528886542
1191,Lebanon,2005,1817.867746442851
1192,Lebanon,2006,1832.2162989969468
1193,Lebanon,2007,1716.30742487181
1194,Lebanon,2008,1776.30095316889
1195,Lebanon,2009,1812.55662436942
1196,Lebanon,2010,1803.1396422477746
1197,Lebanon,2011,1752.9731373874833
1198,Lebanon,2012,1662.0472029133284
1199,Lebanon,2013,1815.1975126795676
1200,Lesotho,1990,2007.2796464492567
1201,Lesotho,1991,2015.7603299247444
1202,Lesotho,1992,1844.5478832714157
1203,Lesotho,1993,1528.5216584674997
1204,Lesotho,1994,988.2473143247414
1205,Lesotho,1995,2139.5435242882436
1206,Lesotho,1996,2067.7917389677405
1207,Lesotho,1997,1990.8788365502567
1208,Lesotho,1998,2113.774024079249
1209,Lesotho,1999,1812.268359481357
1210,Lesotho,2000,1389.0539628716888
1211,Lesotho,2001,2308.2366784346736
1212,Lesotho,2002,2218.672879552811
1213,Lesotho,2003,2188.6809227915733
1214,Lesotho,2004,2028.9560031764747
1215,Lesotho,2005,2044.3569893637027
1216,Lesotho,2006,1998.044095855376
1217,Lesotho,2007,2066.0421200699843
1218,Lesotho,2008,2097.035413331716
1219,Lesotho,2009,1993.5386788005985
1220,Lesotho,2010,2070.209442655002
1221,Lesotho,2011,1915.5338575406881
1222,Lesotho,2012,1965.145420212982
1223,Lesotho,2013,2120.910976052615
1224,Libya,1990,1211.751729324323
1225,Libya,1991,1204.7647383904816
1226,Libya,1992,1221.0443983581015
1227,Libya,1993,1202.0351489857978
1228,Libya,1994,1210.9667575017547
1229,Libya,1995,1330.7297841023947
1230,Libya,1996,1346.5337331599155
1231,Libya,1997,1338.516646588489
1232,Libya,1998,1336.638789960413
1233,Libya,1999,1369.9164250642723
1234,Libya,2000,1338.64815150718
1235,Libya,2001,1136.9660895929144
1236,Libya,2002,1104.5361081327092
1237,Libya,2003,1077.0489424509765
1238,Libya,2004,1087.2326645970934
1239,Libya,2005,1073.5657238367403
1240,Libya,2006,1144.1078635206652
1241,Libya,2007,1157.5811653407795
1242,Libya,2008,1151.1574774876137
1243,Libya,2009,1178.176754212668
1244,Libya,2010,1060.9647400793701
1245,Libya,2011,1071.349822438203
1246,Libya,2012,1084.4232726432228
1247,Libya,2013,1085.6085831343296
1248,Lithuania,1990,1289.4000890087655
1249,Lithuania,1991,1221.9728344580146
1250,Lithuania,1992,1091.1557137333623
1251,Lithuania,1993,1049.3700369306184
1252,Lithuania,1994,1505.182038212085
1253,Lithuania,1995,1382.7023757898808
1254,Lithuania,1996,1037.6018233710345
1255,Lithuania,1997,1215.0408220544316
1256,Lithuania,1998,1212.0516523852395
1257,Lithuania,1999,1392.9030724445338
1258,Lithuania,2000,1390.879780524883
1259,Lithuania,2001,1504.2790566611409
1260,Lithuania,2002,1690.7902729484738
1261,Lithuania,2003,1367.240701581846
1262,Lithuania,2004,1226.5631886746885
1263,Lithuania,2005,1487.4440433469567
1264,Lithuania,2006,1415.1970510665321
1265,Lithuania,2007,1550.7843590158975
1266,Lithuania,2008,1409.9044076715143
1267,Lithuania,2009,1448.6571301428692
1268,Lithuania,2010,1349.0504801059603
1269,Lithuania,2011,1427.6014583700385
1270,Lithuania,2012,1362.3058489792268
1271,Lithuania,2013,1276.3714987552867
1272,Madagascar,1990,2562.2390222764334
1273,Madagascar,1991,2367.65843863828
1274,Madagascar,1992,2211.8023412062635
1275,Madagascar,1993,2142.376881574175
1276,Madagascar,1994,1430.057972420139
1277,Madagascar,1995,2636.325399585715
1278,Madagascar,1996,2667.5482220856466
1279,Madagascar,1997,2623.177431925633
1280,Madagascar,1998,2538.301333711852
1281,Madagascar,1999,2475.4825464043656
1282,Madagascar,2000,2122.2313890996625
1283,Madagascar,2001,2766.9492390747014
1284,Madagascar,2002,2616.083637174914
1285,Madagascar,2003,2598.196688389594
1286,Madagascar,2004,2407.7944446180413
1287,Madagascar,2005,2469.082670598088
1288,Madagascar,2006,2470.4271856128125
1289,Madagascar,2007,2590.8315847612857
1290,Madagascar,2008,2589.5388897895677
1291,Madagascar,2009,2525.0903791066994
1292,Madagascar,2010,2437.550985197419
1293,Madagascar,2011,2554.259499456243
1294,Madagascar,2012,2519.905651647264
1295,Madagascar,2013,2520.9816941654904
1296,Malawi,1990,2349.639878022624
1297,Malawi,1991,2213.478639064082
1298,Malawi,1992,1990.854003620861
1299,Malawi,1993,2123.755941293998
1300,Malawi,1994,1495.5331273224629
1301,Malawi,1995,2473.6710349870973
1302,Malawi,1996,2420.324271257598
1303,Malawi,1997,2453.333886589846
1304,Malawi,1998,2519.5525834820724
1305,Malawi,1999,2305.2572294447814
1306,Malawi,2000,2146.9244548596967
1307,Malawi,2001,2543.93696341449
1308,Malawi,2002,2526.7370887973943
1309,Malawi,2003,2479.53549137057
1310,Malawi,2004,2284.7745752133924
1311,Malawi,2005,2450.634138284357
1312,Malawi,2006,2433.533150646555
1313,Malawi,2007,2306.4063977439796
1314,Malawi,2008,2412.59056506228
1315,Malawi,2009,2447.0966407589335
1316,Malawi,2010,2298.8881625735767
1317,Malawi,2011,2399.5364661336844
1318,Malawi,2012,2333.7364397995825
1319,Malawi,2013,2349.6773695556562
1320,Malaysia,1990,2565.0708905722936
1321,Malaysia,1991,2214.778611065043
1322,Malaysia,1992,2172.8417889445645
1323,Malaysia,1993,2145.774233141007
1324,Malaysia,1994,2008.9633071054222
1325,Malaysia,1995,2508.884139338639
1326,Malaysia,1996,2398.349080184814
1327,Malaysia,1997,2439.627796323462
1328,Malaysia,1998,2445.755952074233
1329,Malaysia,1999,2126.7346346977647
1330,Malaysia,2000,2115.9291567297346
1331,Malaysia,2001,2613.685090441274
1332,Malaysia,2002,2596.6600424619364
1333,Malaysia,2003,2255.687968008162
1334,Malaysia,2004,2261.949164343767
1335,Malaysia,2005,2229.2994852458087
1336,Malaysia,2006,2263.56662720857
1337,Malaysia,2007,2269.9794104649
1338,Malaysia,2008,2278.030084379797
1339,Malaysia,2009,2346.9202796010213
1340,Malaysia,2010,2400.85843491033
1341,Malaysia,2011,2172.6099990935945
1342,Malaysia,2012,2329.7030581127356
1343,Malaysia,2013,2291.5572553303987
1344,Mali,1990,1498.719883967223
1345,Mali,1991,1409.426464320059
1346,Mali,1992,1359.838414193026
1347,Mali,1993,1396.1258461550588
1348,Mali,1994,1362.944583088745
1349,Mali,1995,1610.9791639108687
1350,Mali,1996,1637.731258706323
1351,Mali,1997,1573.0755876461492
1352,Mali,1998,1570.4852818033698
1353,Mali,1999,1618.2738045507394
1354,Mali,2000,1590.5936618020733
1355,Mali,2001,1503.3622650806735
1356,Mali,2002,1394.9823453022866
1357,Mali,2003,1339.3562936134201
1358,Mali,2004,1381.7528722819977
1359,Mali,2005,1360.9268995759815
1360,Mali,2006,1448.348105688625
1361,Mali,2007,1457.0435300810157
1362,Mali,2008,1492.280545452092
1363,Mali,2009,1443.0514604000514
1364,Mali,2010,1360.7422888091082
1365,Mali,2011,1406.5080670842528
1366,Mali,2012,1370.94257334875
1367,Mali,2013,1448.2753537956903
1368,Mauritania,1990,1169.4217248754808
1369,Mauritania,1991,1166.701730609863
1370,Mauritania,1992,1141.9555534807325
1371,Mauritania,1993,1145.546110363639
1372,Mauritania,1994,1169.9856003834823
1373,Mauritania,1995,1309.345272987525
1374,Mauritania,1996,1322.4586225015098
1375,Mauritania,1997,1306.5930240116343
1376,Mauritania,1998,1283.849093904129
1377,Mauritania,1999,1339.1998386350556
1378,Mauritania,2000,1276.193194017096
1379,Mauritania,2001,1110.8866792225206
1380,Mauritania,2002,1022.1872043444417
1381,Mauritania,2003,995.0579808971335
1382,Mauritania,2004,1045.8530814796259
1383,Mauritania,2005,1013.1095129570913
1384,Mauritania,2006,1121.9975316258456
1385,Mauritania,2007,1141.4403471135877
1386,Mauritania,2008,1115.8696401553555
1387,Mauritania,2009,1126.7813000930241
1388,Mauritania,2010,1021.8637485807916
1389,Mauritania,2011,1049.3134171147492
1390,Mauritania,2012,1031.8983112430833
1391,Mauritania,2013,1069.8818348166574
1392,Mauritius,1990,2274.6830335315976
1393,Mauritius,1991,2060.258007892924
1394,Mauritius,1992,1883.0994925638747
1395,Mauritius,1993,1834.273011603332
1396,Mauritius,1994,1613.9164296167933
1397,Mauritius,1995,2250.931393915036
1398,Mauritius,1996,2225.3177567381495
1399,Mauritius,1997,2197.5583173441823
1400,Mauritius,1998,2009.6372705321191
1401,Mauritius,1999,1977.641961149987
1402,Mauritius,2000,1592.156394513536
1403,Mauritius,2001,2335.878585859655
1404,Mauritius,2002,2049.0124857388323
1405,Mauritius,2003,1910.7287028962112
1406,Mauritius,2004,1868.2235866050166
1407,Mauritius,2005,1939.1897876367207
1408,Mauritius,2006,2005.6316032469308
1409,Mauritius,2007,1910.78692882713
1410,Mauritius,2008,1947.1056382601314
1411,Mauritius,2009,1980.7302512539147
1412,Mauritius,2010,2102.226564231514
1413,Mauritius,2011,2207.733162024667
1414,Mauritius,2012,2029.7345900153875
1415,Mauritius,2013,2000.472169384602
1416,Mexico,1990,2208.2251920927374
1417,Mexico,1991,2098.8253937192776
1418,Mexico,1992,2014.4107066721176
1419,Mexico,1993,1967.5470621475285
1420,Mexico,1994,1674.0728656157828
1421,Mexico,1995,2397.777015002348
1422,Mexico,1996,2455.727005213982
1423,Mexico,1997,2341.4236579687877
1424,Mexico,1998,2334.5332281258648
1425,Mexico,1999,2320.3198529429574
1426,Mexico,2000,2089.1526903188965
1427,Mexico,2001,2438.404181445153
1428,Mexico,2002,2375.862621165155
1429,Mexico,2003,2371.7158730282895
1430,Mexico,2004,2369.909617324727
1431,Mexico,2005,2313.9174582232013
1432,Mexico,2006,2356.687788479776
1433,Mexico,2007,2438.4691085917893
1434,Mexico,2008,2520.6133119409424
1435,Mexico,2009,2495.6938681955257
1436,Mexico,2010,2524.669669865029
1437,Mexico,2011,2415.806242514071
1438,Mexico,2012,2285.0197367668025
1439,Mexico,2013,2195.852812893579
1440,Montenegro,1990,2106.7486052778636
1441,Montenegro,1991,1837.1873617650574
1442,Montenegro,1992,1684.5766440158804
1443,Montenegro,1993,1880.1537716339456
1444,Montenegro,1994,2025.4620240378244
1445,Montenegro,1995,1890.0909581220697
1446,Montenegro,1996,1594.1470249340305
1447,Montenegro,1997,2055.2536303635975
1448,Montenegro,1998,1979.548682591869
1449,Montenegro,1999,1975.7460693918083
1450,Montenegro,2000,2048.0026284131386
1451,Montenegro,2001,2416.3040949407887
1452,Montenegro,2002,1947.443780725037
1453,Montenegro,2003,2239.68643071441
1454,Montenegro,2004,1986.6286003928192
1455,Montenegro,2005,1804.873472851219
1456,Montenegro,2006,2201.6212727847924
1457,Montenegro,2007,2210.616783600953
1458,Montenegro,2008,2260.846217885559
1459,Montenegro,2009,2106.660368872926
1460,Montenegro,2010,1927.3523306030054
1461,Montenegro,2011,2401.5546954936485
1462,Montenegro,2012,2324.012958598279
1463,Montenegro,2013,2141.5535523608096
1464,Morocco,1990,1585.2045772415838
1465,Morocco,1991,1588.495475170218
1466,Morocco,1992,1456.202041695187
1467,Morocco,1993,1331.569593289101
1468,Morocco,1994,1523.3035669484698
1469,Morocco,1995,1564.8554287651796
1470,Morocco,1996,1722.3615486560952
1471,Morocco,1997,1746.4069346651202
1472,Morocco,1998,1726.303451702815
1473,Morocco,1999,1624.225884042177
1474,Morocco,2000,1556.305173664255
1475,Morocco,2001,1582.8357813410387
1476,Morocco,2002,1542.3001281746747
1477,Morocco,2003,1509.768272557278
1478,Morocco,2004,1510.398022354644
1479,Morocco,2005,1411.2072116591405
1480,Morocco,2006,1427.2650239885702
1481,Morocco,2007,1461.7339036781718
1482,Morocco,2008,1468.690787638961
1483,Morocco,2009,1637.5946223305618
1484,Morocco,2010,1389.7161314675868
1485,Morocco,2011,1514.6477551938688
1486,Morocco,2012,1483.1339971559444
1487,Morocco,2013,1544.1735450681108
1488,Mozambique,1990,2493.726710054807
1489,Mozambique,1991,2427.5533853283073
1490,Mozambique,1992,2132.6146567708392
1491,Mozambique,1993,2307.5628657063107
1492,Mozambique,1994,1554.9555313925587
1493,Mozambique,1995,2540.886365276194
1494,Mozambique,1996,2555.4318068382067
1495,Mozambique,1997,2596.883822324407
1496,Mozambique,1998,2572.7578317878333
1497,Mozambique,1999,2593.7477824927814
1498,Mozambique,2000,2273.7202912306484
1499,Mozambique,2001,2619.824456018015
1500,Mozambique,2002,2661.0389828036878
1501,Mozambique,2003,2633.596088786065
1502,Mozambique,2004,2537.779766401268
1503,Mozambique,2005,2500.005506789089
1504,Mozambique,2006,2618.1678929849018
1505,Mozambique,2007,2599.44168678764
1506,Mozambique,2008,2560.584942734532
1507,Mozambique,2009,2645.9381965539014
1508,Mozambique,2010,2466.171743326466
1509,Mozambique,2011,2609.412376467106
1510,Mozambique,2012,2511.979861195636
1511,Mozambique,2013,2485.4713126880374
1512,Namibia,1990,1700.0991447462377
1513,Namibia,1991,1771.7333912061188
1514,Namibia,1992,1576.8158157835044
1515,Namibia,1993,1579.1780171916666
1516,Namibia,1994,1219.4880811422347
1517,Namibia,1995,1821.8066800411927
1518,Namibia,1996,1807.8745510255594
1519,Namibia,1997,1960.761906362256
1520,Namibia,1998,1830.494895669248
1521,Namibia,1999,1720.026822227581
1522,Namibia,2000,1774.649700301556
1523,Namibia,2001,1990.1146459908614
1524,Namibia,2002,1829.1726387597212
1525,Namibia,2003,1653.9646246605776
1526,Namibia,2004,1781.4113897460886
1527,Namibia,2005,1706.0981796660633
1528,Namibia,2006,1884.86579477552
1529,Namibia,2007,1706.7081998324163
1530,Namibia,2008,1888.4931290990387
1531,Namibia,2009,1879.3551475573292
1532,Namibia,2010,1695.7820301121894
1533,Namibia,2011,1887.6081280209755
1534,Namibia,2012,1805.8075432722396
1535,Namibia,2013,1644.3039225111033
1536,Nepal,1990,1838.6162286902713
1537,Nepal,1991,1690.3322162278566
1538,Nepal,1992,1538.4725768608555
1539,Nepal,1993,1359.8158093108377
1540,Nepal,1994,1227.424372732364
1541,Nepal,1995,1772.8538671573428
1542,Nepal,1996,1922.113158924079
1543,Nepal,1997,1717.2135301204214
1544,Nepal,1998,1768.4946151110446
1545,Nepal,1999,1746.9731507941674
1546,Nepal,2000,1606.8738263610971
1547,Nepal,2001,1913.3936220761761
1548,Nepal,2002,1853.5198507624273
1549,Nepal,2003,1905.228427577306
1550,Nepal,2004,1774.9452141743295
1551,Nepal,2005,1783.3486566883628
1552,Nepal,2006,1934.3092675383084
1553,Nepal,2007,1857.7353165047166
1554,Nepal,2008,1855.7493325292326
1555,Nepal,2009,2023.6091545362403
1556,Nepal,2010,1977.0355869648595
1557,Nepal,2011,1864.1833015260765
1558,Nepal,2012,1960.4658444237016
1559,Nepal,2013,1865.1643013765547
1560,Netherlands,1990,1656.5450140561884
1561,Netherlands,1991,1472.5098422381047
1562,Netherlands,1992,1323.1669043196034
1563,Netherlands,1993,1170.919715297374
1564,Netherlands,1994,1309.7824452441562
1565,Netherlands,1995,1828.2037438422315
1566,Netherlands,1996,1366.9631298708014
1567,Netherlands,1997,1633.9999291522079
1568,Netherlands,1998,1341.282774430785
1569,Netherlands,1999,1572.9723491167028
1570,Netherlands,2000,1399.6185472695302
1571,Netherlands,2001,1795.2163453676392
1572,Netherlands,2002,1758.3866319307037
1573,Netherlands,2003,2050.82592851985
1574,Netherlands,2004,1584.4595227678496
1575,Netherlands,2005,1800.2695408765758
1576,Netherlands,2006,1727.5377795659274
1577,Netherlands,2007,1809.1755570087985
1578,Netherlands,2008,1776.3998473120455
1579,Netherlands,2009,1790.7858321669642
1580,Netherlands,2010,1488.8794547900984
1581,Netherlands,2011,1927.0556624610028
1582,Netherlands,2012,1616.935672884051
1583,Netherlands,2013,1613.8255352862293
1584,New Zealand,1990,2243.4499074688765
1585,New Zealand,1991,1860.3177101434371
1586,New Zealand,1992,1573.985654659144
1587,New Zealand,1993,1491.895702771026
1588,New Zealand,1994,1455.21634624697
1589,New Zealand,1995,2259.098582528278
1590,New Zealand,1996,2217.387629901607
1591,New Zealand,1997,2226.7107494568754
1592,New Zealand,1998,2039.3872509930634
1593,New Zealand,1999,1963.3591993475434
1594,New Zealand,2000,1686.5688305936624
1595,New Zealand,2001,2438.1359626478297
1596,New Zealand,2002,2381.6667687337203
1597,New Zealand,2003,2375.2632400734033
1598,New Zealand,2004,2144.0304926134545
1599,New Zealand,2005,2264.2487852847917
1600,New Zealand,2006,2261.3054602957554
1601,New Zealand,2007,2319.32325260389
1602,New Zealand,2008,2403.0351948463076
1603,New Zealand,2009,2337.4274062116015
1604,New Zealand,2010,2294.3967251348754
1605,New Zealand,2011,2296.003499843067
1606,New Zealand,2012,2332.8863293237637
1607,New Zealand,2013,2385.1550435298677
1608,Nicaragua,1990,2483.651355553361
1609,Nicaragua,1991,2385.1982832403473
1610,Nicaragua,1992,2212.1865451808058
1611,Nicaragua,1993,2264.389812830221
1612,Nicaragua,1994,2302.206514802324
1613,Nicaragua,1995,2731.7197246109986
1614,Nicaragua,1996,2620.366770153788
1615,Nicaragua,1997,2687.187737255293
1616,Nicaragua,1998,2397.040185980512
1617,Nicaragua,1999,2494.8238180562053
1618,Nicaragua,2000,2251.7511777424406
1619,Nicaragua,2001,2534.0790577844828
1620,Nicaragua,2002,2628.2558989275894
1621,Nicaragua,2003,2457.6793353033095
1622,Nicaragua,2004,2533.5077767225557
1623,Nicaragua,2005,2316.2336453175544
1624,Nicaragua,2006,2527.5800313124305
1625,Nicaragua,2007,2499.645404406297
1626,Nicaragua,2008,2422.2196913664293
1627,Nicaragua,2009,2576.7154324104986
1628,Nicaragua,2010,2381.3620656406374
1629,Nicaragua,2011,2466.3275532993457
1630,Nicaragua,2012,2559.7074913462357
1631,Nicaragua,2013,2360.006762256511
1632,Niger,1990,1257.2542099137645
1633,Niger,1991,1202.405665991305
1634,Niger,1992,1194.0643127435583
1635,Niger,1993,1227.7304315708275
1636,Niger,1994,1140.5780644626197
1637,Niger,1995,1372.9921633568756
1638,Niger,1996,1394.451180789684
1639,Niger,1997,1337.5678280803584
1640,Niger,1998,1372.891650287894
1641,Niger,1999,1422.7305417090658
1642,Niger,2000,1370.286385633788
1643,Niger,2001,1193.9650490398806
1644,Niger,2002,1143.4180191423297
1645,Niger,2003,1127.8898421547265
1646,Niger,2004,1132.3133506096542
1647,Niger,2005,1134.3089850118229
1648,Niger,2006,1212.2410250253333
1649,Niger,2007,1218.062403477535
1650,Niger,2008,1244.9571130811673
1651,Niger,2009,1206.5323612409404
1652,Niger,2010,1122.2464516020445
1653,Niger,2011,1145.7449157745314
1654,Niger,2012,1143.4720253338935
1655,Niger,2013,1166.5124286962457
1656,Norway,1990,920.5836026252888
1657,Norway,1991,858.3677542378663
1658,Norway,1992,771.9787866982721
1659,Norway,1993,673.3964529928156
1660,Norway,1994,853.5399259752948
1661,Norway,1995,689.4921923719922
1662,Norway,1996,796.474606509404
1663,Norway,1997,986.1484387979581
1664,Norway,1998,739.6091222313615
1665,Norway,1999,861.9690854231749
1666,Norway,2000,865.054989218291
1667,Norway,2001,952.2488252835218
1668,Norway,2002,964.8412320029781
1669,Norway,2003,820.5449979452442
1670,Norway,2004,804.9390208000983
1671,Norway,2005,679.9787431708936
1672,Norway,2006,806.3205354205385
1673,Norway,2007,761.534554788895
1674,Norway,2008,786.3048561624672
1675,Norway,2009,702.750043728289
1676,Norway,2010,697.8555835530321
1677,Norway,2011,697.5386688143666
1678,Norway,2012,562.1739119618792
1679,Norway,2013,816.3827596186284
1680,Pakistan,1990,1170.2903521907988
1681,Pakistan,1991,1131.9558065211286
1682,Pakistan,1992,1111.4312798290673
1683,Pakistan,1993,1056.9339265285819
1684,Pakistan,1994,983.6171886448979
1685,Pakistan,1995,1319.1979450419776
1686,Pakistan,1996,1301.5415226707569
1687,Pakistan,1997,1247.0622748411486
1688,Pakistan,1998,1320.0069547886167
1689,Pakistan,1999,1254.5966564906903
1690,Pakistan,2000,1143.0012183505164
1691,Pakistan,2001,1219.7305344608615
1692,Pakistan,2002,1162.4666323504032
1693,Pakistan,2003,1184.59944588044
1694,Pakistan,2004,1176.1982059126774
1695,Pakistan,2005,1185.1458648558557
1696,Pakistan,2006,1134.3605487711166
1697,Pakistan,2007,1324.8734473524048
1698,Pakistan,2008,1219.9159637557093
1699,Pakistan,2009,1249.5529152937224
1700,Pakistan,2010,1164.0689547181858
1701,Pakistan,2011,1217.106848433166
1702,Pakistan,2012,1179.6368441699778
1703,Pakistan,2013,1218.46434340398
1704,Papua New Guinea,1990,2240.9965877037266
1705,Papua New Guinea,1991,2030.838685661573
1706,Papua New Guinea,1992,2079.115795318277
1707,Papua New Guinea,1993,2024.655260971872
1708,Papua New Guinea,1994,1854.1226162883245
1709,Papua New Guinea,1995,2294.033835059937
1710,Papua New Guinea,1996,2328.9168420321566
1711,Papua New Guinea,1997,2426.577547310109
1712,Papua New Guinea,1998,2298.5630935329505
1713,Papua New Guinea,1999,2258.4319950231743
1714,Papua New Guinea,2000,2172.6733361662004
1715,Papua New Guinea,2001,2274.996633075163
1716,Papua New Guinea,2002,2398.993024542936
1717,Papua New Guinea,2003,2120.795515468493
1718,Papua New Guinea,2004,2053.8251960739217
1719,Papua New Guinea,2005,1840.6905222557918
1720,Papua New Guinea,2006,1951.3055991525396
1721,Papua New Guinea,2007,2009.225204365552
1722,Papua New Guinea,2008,2064.0259919949904
1723,Papua New Guinea,2009,1998.0813404458117
1724,Papua New Guinea,2010,2128.8079204941514
1725,Papua New Guinea,2011,1986.7039862034744
1726,Papua New Guinea,2012,2006.6265801992574
1727,Papua New Guinea,2013,1893.809177027621
1728,Peru,1990,1993.4878340844991
1729,Peru,1991,1925.4852869803954
1730,Peru,1992,1979.326131071117
1731,Peru,1993,2023.7298230679176
1732,Peru,1994,1948.6820722633138
1733,Peru,1995,2186.884673156469
1734,Peru,1996,2119.957661788182
1735,Peru,1997,2131.2387065731277
1736,Peru,1998,2306.024200532393
1737,Peru,1999,2201.2639387283466
1738,Peru,2000,2208.8704787527613
1739,Peru,2001,2186.5013699303167
1740,Peru,2002,2022.6960418945146
1741,Peru,2003,1967.164762953698
1742,Peru,2004,1894.0065743952748
1743,Peru,2005,2037.4869701690582
1744,Peru,2006,1961.079815140953
1745,Peru,2007,1925.8995612669519
1746,Peru,2008,1950.829197227019
1747,Peru,2009,1946.3852089690488
1748,Peru,2010,1938.6300914560863
1749,Peru,2011,1876.3413958182903
1750,Peru,2012,1990.6680018552995
1751,Peru,2013,1981.4603384155698
1752,Poland,1990,1492.1222721183028
1753,Poland,1991,1297.2128391071235
1754,Poland,1992,1216.9092874041755
1755,Poland,1993,1082.7696333969998
1756,Poland,1994,1495.6857213361725
1757,Poland,1995,1519.2980027389412
1758,Poland,1996,1132.3968708868265
1759,Poland,1997,1439.9996848984408
1760,Poland,1998,1346.0551238504331
1761,Poland,1999,1501.6367487898706
1762,Poland,2000,1591.1363752048808
1763,Poland,2001,1592.5847776572289
1764,Poland,2002,1648.5463789368046
1765,Poland,2003,1587.2736319833234
1766,Poland,2004,1398.0259477196514
1767,Poland,2005,1684.4736648671687
1768,Poland,2006,1613.4518300318057
1769,Poland,2007,1703.0123283667604
1770,Poland,2008,1656.6066327963713
1771,Poland,2009,1703.323021129524
1772,Poland,2010,1415.7374393208113
1773,Poland,2011,1790.9398592869961
1774,Poland,2012,1647.4838556760599
1775,Poland,2013,1473.6780754017977
1776,Portugal,1990,2377.8126845203988
1777,Portugal,1991,2350.563621459925
1778,Portugal,1992,2130.5152075933943
1779,Portugal,1993,1907.4223253771097
1780,Portugal,1994,2573.822371419564
1781,Portugal,1995,2405.1332286768798
1782,Portugal,1996,2420.2544378593284
1783,Portugal,1997,2385.2164421505795
1784,Portugal,1998,2645.752481273385
1785,Portugal,1999,2446.4083916263808
1786,Portugal,2000,2278.5735842310255
1787,Portugal,2001,2790.3830126239673
1788,Portugal,2002,2546.957297940438
1789,Portugal,2003,2591.8888109813274
1790,Portugal,2004,2722.3590484361525
1791,Portugal,2005,2584.559749190252
1792,Portugal,2006,2657.9232419741666
1793,Portugal,2007,2909.8404569585246
1794,Portugal,2008,2636.79500583584
1795,Portugal,2009,2599.775756036143
1796,Portugal,2010,2513.7684239237637
1797,Portugal,2011,2842.5485630615426
1798,Portugal,2012,2705.915574804561
1799,Portugal,2013,2800.6011426366426
1800,Qatar,1990,799.7211824731367
1801,Qatar,1991,842.6704486565196
1802,Qatar,1992,754.8307993315819
1803,Qatar,1993,787.5747256977064
1804,Qatar,1994,699.1760910836076
1805,Qatar,1995,838.3790283508182
1806,Qatar,1996,989.7956980249439
1807,Qatar,1997,898.8789863988375
1808,Qatar,1998,937.7941755025696
1809,Qatar,1999,866.7955731306632
1810,Qatar,2000,773.2535506493498
1811,Qatar,2001,649.7540362447636
1812,Qatar,2002,624.0249583527418
1813,Qatar,2003,562.9796236275016
1814,Qatar,2004,610.8499501888997
1815,Qatar,2005,631.1128274017805
1816,Qatar,2006,605.7237546443172
1817,Qatar,2007,679.2386800626873
1818,Qatar,2008,633.5198475644715
1819,Qatar,2009,614.721941911831
1820,Qatar,2010,603.3927140397448
1821,Qatar,2011,593.4988697112434
1822,Qatar,2012,587.4924741514557
1823,Qatar,2013,592.3098863281513
1824,Romania,1990,1872.505783061232
1825,Romania,1991,1695.4066238309297
1826,Romania,1992,1633.0627608662742
1827,Romania,1993,1616.9715650829264
1828,Romania,1994,1952.740736225388
1829,Romania,1995,1890.4344149218107
1830,Romania,1996,1564.197579733785
1831,Romania,1997,1917.7310635460317
1832,Romania,1998,1894.2982954211163
1833,Romania,1999,1939.178279545456
1834,Romania,2000,2063.752850644515
1835,Romania,2001,2250.1101009529607
1836,Romania,2002,2031.5701896711655
1837,Romania,2003,1966.741711031178
1838,Romania,2004,2023.0339048410156
1839,Romania,2005,1974.9551132335268
1840,Romania,2006,2146.785896664232
1841,Romania,2007,2338.515155246032
1842,Romania,2008,2305.5528194207295
1843,Romania,2009,2261.417979846948
1844,Romania,2010,2022.4235175911456
1845,Romania,2011,2378.839552213403
1846,Romania,2012,2315.097096008028
1847,Romania,2013,2231.7341111933065
1848,Rwanda,1990,1905.2873049669624
1849,Rwanda,1991,1693.8632989864793
1850,Rwanda,1992,1566.8470445635737
1851,Rwanda,1993,1476.8144996085312
1852,Rwanda,1994,1434.7438774232187
1853,Rwanda,1995,2099.391372328516
1854,Rwanda,1996,1998.5071735933263
1855,Rwanda,1997,1960.8700955289935
1856,Rwanda,1998,2036.422646321528
1857,Rwanda,1999,1786.9148008811687
1858,Rwanda,2000,1619.1991809115746
1859,Rwanda,2001,2122.251204547211
1860,Rwanda,2002,1889.9037794391438
1861,Rwanda,2003,1776.3332834056616
1862,Rwanda,2004,1673.1539637360574
1863,Rwanda,2005,1683.7278167798395
1864,Rwanda,2006,1667.6153000896402
1865,Rwanda,2007,1714.651702490396
1866,Rwanda,2008,1663.3537563385726
1867,Rwanda,2009,1766.7113701893625
1868,Rwanda,2010,1838.7160638596372
1869,Rwanda,2011,1703.0801695485677
1870,Rwanda,2012,1678.6629807322543
1871,Rwanda,2013,1824.5024415714468
1872,Saudi Arabia,1990,1121.4386337978574
1873,Saudi Arabia,1991,1099.1321198644252
1874,Saudi Arabia,1992,1067.0875018489605
1875,Saudi Arabia,1993,1085.556938984641
1876,Saudi Arabia,1994,1065.813285488125
1877,Saudi Arabia,1995,1213.6546989463088
1878,Saudi Arabia,1996,1237.9442003676459
1879,Saudi Arabia,1997,1252.7029376646722
1880,Saudi Arabia,1998,1324.5633934683667
1881,Saudi Arabia,1999,1270.642204804494
1882,Saudi Arabia,2000,1182.9076411305357
1883,Saudi Arabia,2001,1067.6196808210043
1884,Saudi Arabia,2002,1013.3614239324969
1885,Saudi Arabia,2003,939.6305033351756
1886,Saudi Arabia,2004,994.1391979632514
1887,Saudi Arabia,2005,988.0557578898124
1888,Saudi Arabia,2006,981.8989314740218
1889,Saudi Arabia,2007,1013.5437648380845
1890,Saudi Arabia,2008,1011.9353581263124
1891,Saudi Arabia,2009,1024.367887964204
1892,Saudi Arabia,2010,935.6497726938403
1893,Saudi Arabia,2011,921.7735720411406
1894,Saudi Arabia,2012,916.9137138320515
1895,Saudi Arabia,2013,938.1865822382645
1896,Senegal,1990,2031.516659336504
1897,Senegal,1991,1787.3701684251375
1898,Senegal,1992,1771.2751066625556
1899,Senegal,1993,1824.2981897579532
1900,Senegal,1994,1674.9819605774835
1901,Senegal,1995,2304.785476273281
1902,Senegal,1996,2294.7117577685717
1903,Senegal,1997,2103.366813370834
1904,Senegal,1998,2046.098625546405
1905,Senegal,1999,2224.092195952475
1906,Senegal,2000,2211.808318387211
1907,Senegal,2001,2370.0552953970796
1908,Senegal,2002,2048.951014309253
1909,Senegal,2003,1978.959304519483
1910,Senegal,2004,2202.8659834715722
1911,Senegal,2005,2155.8578079536314
1912,Senegal,2006,2246.9177811985746
1913,Senegal,2007,2131.8878044651337
1914,Senegal,2008,2234.7403777059426
1915,Senegal,2009,2259.6522798827705
1916,Senegal,2010,2184.2128982965637
1917,Senegal,2011,2210.0127189429195
1918,Senegal,2012,2097.284885717737
1919,Senegal,2013,2217.058457086119
1920,Slovenia,1990,2117.965472659111
1921,Slovenia,1991,1807.9083385987628
1922,Slovenia,1992,1791.055288658092
1923,Slovenia,1993,1554.8119893166215
1924,Slovenia,1994,1916.8105350175672
1925,Slovenia,1995,1965.795172698798
1926,Slovenia,1996,1472.5789030017704
1927,Slovenia,1997,2156.384239916032
1928,Slovenia,1998,2041.4048708211649
1929,Slovenia,1999,1667.6249835985575
1930,Slovenia,2000,2098.8746875084266
1931,Slovenia,2001,2386.3527089981835
1932,Slovenia,2002,2216.854534058246
1933,Slovenia,2003,2471.655475765576
1934,Slovenia,2004,1968.8880457219925
1935,Slovenia,2005,1994.4447666742751
1936,Slovenia,2006,2201.492149071737
1937,Slovenia,2007,2635.737458681071
1938,Slovenia,2008,2260.224389353739
1939,Slovenia,2009,2299.121921226008
1940,Slovenia,2010,1834.6453137095841
1941,Slovenia,2011,2721.7894541510063
1942,Slovenia,2012,2598.106291613616
1943,Slovenia,2013,2076.5225881332344
1944,South Africa,1990,1965.8623282697504
1945,South Africa,1991,1954.7955479434584
1946,South Africa,1992,1745.3815959833103
1947,South Africa,1993,1573.2862575397396
1948,South Africa,1994,1053.317548442983
1949,South Africa,1995,2062.3846631631604
1950,South Africa,1996,2097.331138063272
1951,South Africa,1997,2117.735773091542
1952,South Africa,1998,2053.8983021823838
1953,South Africa,1999,1831.9597164985366
1954,South Africa,2000,1634.4728067529593
1955,South Africa,2001,2234.163457262759
1956,South Africa,2002,2165.8157358806397
1957,South Africa,2003,2022.144603110507
1958,South Africa,2004,2036.5091640318094
1959,South Africa,2005,1965.4008128365845
1960,South Africa,2006,2089.074137104486
1961,South Africa,2007,2095.576195460153
1962,South Africa,2008,2070.72340084305
1963,South Africa,2009,2020.3855494736315
1964,South Africa,2010,1965.8577314465883
1965,South Africa,2011,2062.060770778416
1966,South Africa,2012,2034.8426549054907
1967,South Africa,2013,2068.582489662889
1968,Spain,1990,2102.317002264649
1969,Spain,1991,2007.2706236947427
1970,Spain,1992,1837.0307932567712
1971,Spain,1993,1699.72251575967
1972,Spain,1994,2087.4613445735217
1973,Spain,1995,2092.807659180819
1974,Spain,1996,2040.2523811773538
1975,Spain,1997,2173.1459940325694
1976,Spain,1998,2277.069928371556
1977,Spain,1999,2037.4222485391153
1978,Spain,2000,2066.6247137453024
1979,Spain,2001,2389.527517555973
1980,Spain,2002,2213.325751146865
1981,Spain,2003,2188.866095196609
1982,Spain,2004,2306.415084234898
1983,Spain,2005,2220.1772993766344
1984,Spain,2006,2213.9509492731318
1985,Spain,2007,2348.44977399979
1986,Spain,2008,2221.4969536951035
1987,Spain,2009,2289.7916207678495
1988,Spain,2010,2108.5584455357057
1989,Spain,2011,2355.4156607026603
1990,Spain,2012,2304.079501444955
1991,Spain,2013,2338.1617491095626
1992,Sri Lanka,1990,2529.6331342271546
1993,Sri Lanka,1991,2415.8756166961793
1994,Sri Lanka,1992,2209.3606902660667
1995,Sri Lanka,1993,2043.9621869241562
1996,Sri Lanka,1994,1958.7752826929013
1997,Sri Lanka,1995,2699.7646422108523
1998,Sri Lanka,1996,2591.151720850717
1999,Sri Lanka,1997,2709.7021986377385
2000,Sri Lanka,1998,2573.3223555264203
2001,Sri Lanka,1999,2293.043016862186
2002,Sri Lanka,2000,2075.503408539369
2003,Sri Lanka,2001,2819.1785262526987
2004,Sri Lanka,2002,2547.1121643572533
2005,Sri Lanka,2003,2519.6647251571644
2006,Sri Lanka,2004,2238.025943502366
2007,Sri Lanka,2005,2345.712810837959
2008,Sri Lanka,2006,2340.1727473315627
2009,Sri Lanka,2007,2480.930898523506
2010,Sri Lanka,2008,2441.3281948412523
2011,Sri Lanka,2009,2481.2006391460623
2012,Sri Lanka,2010,2323.1360750546855
2013,Sri Lanka,2011,2258.425046881456
2014,Sri Lanka,2012,2431.8184354784285
2015,Sri Lanka,2013,2292.480319727794
2016,Sudan,1990,1451.2734381388716
2017,Sudan,1991,1385.318476712075
2018,Sudan,1992,1411.3272061858524
2019,Sudan,1993,1409.8706165551462
2020,Sudan,1994,1319.0451504147704
2021,Sudan,1995,1643.1380110656553
2022,Sudan,1996,1602.7829434581533
2023,Sudan,1997,1575.9119692216334
2024,Sudan,1998,1585.479340365018
2025,Sudan,1999,1634.5154240410577
2026,Sudan,2000,1541.8733606267187
2027,Sudan,2001,1424.8956352981356
2028,Sudan,2002,1379.6028151153102
2029,Sudan,2003,1373.9748047862972
2030,Sudan,2004,1355.0689839715062
2031,Sudan,2005,1349.3937344735546
2032,Sudan,2006,1394.7533454123118
2033,Sudan,2007,1450.8920751235758
2034,Sudan,2008,1427.0256135877707
2035,Sudan,2009,1404.9329650229197
2036,Sudan,2010,1277.158039493392
2037,Sudan,2011,1323.9211753361287
2038,Sudan,2012,1343.0087468884576
2039,Sudan,2013,1345.8932679823204
2040,Suriname,1990,3162.3545451563173
2041,Suriname,1991,2855.183108202572
2042,Suriname,1992,3130.638030102912
2043,Suriname,1993,3308.8299160633132
2044,Suriname,1994,3160.6385161008825
2045,Suriname,1995,3268.65716064035
2046,Suriname,1996,3292.7825567096447
2047,Suriname,1997,3362.5067419148636
2048,Suriname,1998,3437.2208671376507
2049,Suriname,1999,3524.853833793203
2050,Suriname,2000,3433.87392855587
2051,Suriname,2001,3286.5512987541415
2052,Suriname,2002,3303.195817121512
2053,Suriname,2003,3254.3876436592154
2054,Suriname,2004,3530.547912396822
2055,Suriname,2005,3447.1330311802053
2056,Suriname,2006,3151.401591764754
2057,Suriname,2007,3008.2729372920735
2058,Suriname,2008,3046.7613499418944
2059,Suriname,2009,3311.047278847357
2060,Suriname,2010,3039.3681089993656
2061,Suriname,2011,3188.1901961504896
2062,Suriname,2012,3116.656140561592
2063,Suriname,2013,2995.466954617196
2064,Sweden,1990,1034.9698641019563
2065,Sweden,1991,967.2163821451095
2066,Sweden,1992,904.2733524466653
2067,Sweden,1993,771.5330769128383
2068,Sweden,1994,1114.4601227602504
2069,Sweden,1995,976.2456134717049
2070,Sweden,1996,933.7307998292133
2071,Sweden,1997,1283.0612603176671
2072,Sweden,1998,776.858554769083
2073,Sweden,1999,1071.3799781583002
2074,Sweden,2000,1020.4306721562573
2075,Sweden,2001,1215.2778591098088
2076,Sweden,2002,1410.5408008868815
2077,Sweden,2003,1188.8281850296594
2078,Sweden,2004,1042.0047833029892
2079,Sweden,2005,1107.711265523604
2080,Sweden,2006,1202.698400048574
2081,Sweden,2007,1217.8425539736827
2082,Sweden,2008,1167.5738570063659
2083,Sweden,2009,1104.3254108630802
2084,Sweden,2010,971.5190327198657
2085,Sweden,2011,1148.3422492320638
2086,Sweden,2012,940.294468532891
2087,Sweden,2013,1224.7926383111462
2088,Switzerland,1990,1626.5214178688288
2089,Switzerland,1991,1460.506112581433
2090,Switzerland,1992,1147.3017365518854
2091,Switzerland,1993,1107.9275270009102
2092,Switzerland,1994,1208.0111945154406
2093,Switzerland,1995,1393.7768519936976
2094,Switzerland,1996,1246.0897162214605
2095,Switzerland,1997,1721.235860427275
2096,Switzerland,1998,1505.4905118285044
2097,Switzerland,1999,1242.9249843381112
2098,Switzerland,2000,1389.8021480002956
2099,Switzerland,2001,1745.1436265673976
2100,Switzerland,2002,1533.6282298966244
2101,Switzerland,2003,1767.395477993339
2102,Switzerland,2004,1396.6266558954296
2103,Switzerland,2005,1466.958487250136
2104,Switzerland,2006,1552.0629119398072
2105,Switzerland,2007,1757.4393433048951
2106,Switzerland,2008,1479.2236221018654
2107,Switzerland,2009,1527.8907586281491
2108,Switzerland,2010,1322.894044929525
2109,Switzerland,2011,2020.6021440461934
2110,Switzerland,2012,1580.0854687568117
2111,Switzerland,2013,1402.0514918694746
2112,Tajikistan,1990,916.04172256283
2113,Tajikistan,1991,868.4312959035818
2114,Tajikistan,1992,876.6384592456747
2115,Tajikistan,1993,816.012040863393
2116,Tajikistan,1994,981.3362339013287
2117,Tajikistan,1995,958.331514793599
2118,Tajikistan,1996,879.5120764354125
2119,Tajikistan,1997,1033.5613436315
2120,Tajikistan,1998,1001.9958467233323
2121,Tajikistan,1999,965.354169010254
2122,Tajikistan,2000,967.4779926377332
2123,Tajikistan,2001,950.2688845773115
2124,Tajikistan,2002,885.4781692710675
2125,Tajikistan,2003,760.8061386708368
2126,Tajikistan,2004,773.0516469222166
2127,Tajikistan,2005,775.3215201138249
2128,Tajikistan,2006,782.9175782764431
2129,Tajikistan,2007,878.309920070837
2130,Tajikistan,2008,742.3540447963105
2131,Tajikistan,2009,765.0319565391359
2132,Tajikistan,2010,766.7672781806307
2133,Tajikistan,2011,722.6456608945185
2134,Tajikistan,2012,775.6992350736092
2135,Tajikistan,2013,825.6158582035087
2136,Thailand,1990,2393.884856119375
2137,Thailand,1991,2202.042639075276
2138,Thailand,1992,2139.1446122852058
2139,Thailand,1993,2236.09865919003
2140,Thailand,1994,1677.240632954325
2141,Thailand,1995,2569.1662272328253
2142,Thailand,1996,2491.2787044068305
2143,Thailand,1997,2597.015105187339
2144,Thailand,1998,2532.884467958205
2145,Thailand,1999,2229.034316916826
2146,Thailand,2000,2306.3174771186846
2147,Thailand,2001,2588.297392802175
2148,Thailand,2002,2380.6258753374586
2149,Thailand,2003,2610.2784835699467
2150,Thailand,2004,2388.4284062786996
2151,Thailand,2005,2114.8982357430873
2152,Thailand,2006,2466.247892532313
2153,Thailand,2007,2340.942672650673
2154,Thailand,2008,2335.8535283772435
2155,Thailand,2009,2516.5512044466814
2156,Thailand,2010,2364.5125715893096
2157,Thailand,2011,2276.1543583804414
2158,Thailand,2012,2308.0195962270245
2159,Thailand,2013,2336.813137954118
2160,Tunisia,1990,1315.596735364335
2161,Tunisia,1991,1381.8600792742925
2162,Tunisia,1992,1355.195070343592
2163,Tunisia,1993,1280.3797304831764
2164,Tunisia,1994,1322.4635487852688
2165,Tunisia,1995,1388.5599287747996
2166,Tunisia,1996,1533.4844330172155
2167,Tunisia,1997,1438.7813702052101
2168,Tunisia,1998,1472.2435875517024
2169,Tunisia,1999,1446.5700678421738
2170,Tunisia,2000,1426.7538681729525
2171,Tunisia,2001,1256.6759006529394
2172,Tunisia,2002,1160.5319836085907
2173,Tunisia,2003,1235.6400368022348
2174,Tunisia,2004,1299.7178318144543
2175,Tunisia,2005,1206.8349727646143
2176,Tunisia,2006,1301.7381132409298
2177,Tunisia,2007,1335.9029567209657
2178,Tunisia,2008,1298.2760730445732
2179,Tunisia,2009,1379.235454743573
2180,Tunisia,2010,1172.3687790098234
2181,Tunisia,2011,1257.170334510487
2182,Tunisia,2012,1317.2995879901898
2183,Tunisia,2013,1192.45719380575
2184,Turkey,1990,1705.9598313416118
2185,Turkey,1991,1545.8040456007666
2186,Turkey,1992,1399.9581602822946
2187,Turkey,1993,1459.0162848160655
2188,Turkey,1994,1725.0080697392177
2189,Turkey,1995,1754.4877290993193
2190,Turkey,1996,1638.3433103204652
2191,Turkey,1997,1738.0467143838766
2192,Turkey,1998,1819.2303457028308
2193,Turkey,1999,1787.7692396068583
2194,Turkey,2000,1718.12857280203
2195,Turkey,2001,1922.0966978737945
2196,Turkey,2002,1780.626695274309
2197,Turkey,2003,1713.6427781645812
2198,Turkey,2004,1698.9394417293895
2199,Turkey,2005,1637.5750843713906
2200,Turkey,2006,1771.904887268159
2201,Turkey,2007,1780.7471898383467
2202,Turkey,2008,1750.8573908796093
2203,Turkey,2009,1776.6647915350409
2204,Turkey,2010,1802.7422129582924
2205,Turkey,2011,1810.1293582208677
2206,Turkey,2012,1720.4149885182055
2207,Turkey,2013,1900.4010954699747
2208,Uganda,1990,2557.8125264992555
2209,Uganda,1991,2235.116624052044
2210,Uganda,1992,2210.0650450679573
2211,Uganda,1993,2269.5741808704365
2212,Uganda,1994,1959.8370137115915
2213,Uganda,1995,2749.4208210073275
2214,Uganda,1996,2591.1494254160875
2215,Uganda,1997,2680.2570504817463
2216,Uganda,1998,2659.9387846674904
2217,Uganda,1999,2528.5441750471077
2218,Uganda,2000,2340.58707214575
2219,Uganda,2001,2761.8192048908863
2220,Uganda,2002,2708.7643284056207
2221,Uganda,2003,2591.5773308867847
2222,Uganda,2004,2518.762242823563
2223,Uganda,2005,2441.269290432704
2224,Uganda,2006,2474.4276519976925
2225,Uganda,2007,2545.683230391913
2226,Uganda,2008,2564.835819633143
2227,Uganda,2009,2499.1444416241347
2228,Uganda,2010,2509.834400199644
2229,Uganda,2011,2486.790244256129
2230,Uganda,2012,2491.757158164956
2231,Uganda,2013,2591.912265218059
2232,Ukraine,1990,1570.5387056493576
2233,Ukraine,1991,1437.1984746714309
2234,Ukraine,1992,1334.476625021982
2235,Ukraine,1993,1364.8412834435248
2236,Ukraine,1994,1714.52829437712
2237,Ukraine,1995,1705.1159631781268
2238,Ukraine,1996,1379.554047284158
2239,Ukraine,1997,1584.9054503914701
2240,Ukraine,1998,1591.6221129309868
2241,Ukraine,1999,1668.5146502982695
2242,Ukraine,2000,1710.7961180478028
2243,Ukraine,2001,1865.4155369590524
2244,Ukraine,2002,1839.3763530657668
2245,Ukraine,2003,1583.7671613872956
2246,Ukraine,2004,1572.6691621076677
2247,Ukraine,2005,1676.5576007346633
2248,Ukraine,2006,1659.9898361829987
2249,Ukraine,2007,1826.3213734880958
2250,Ukraine,2008,1812.0414404496123
2251,Ukraine,2009,1745.0923739511916
2252,Ukraine,2010,1686.793661397006
2253,Ukraine,2011,1802.7659456107115
2254,Ukraine,2012,1786.8183033314306
2255,Ukraine,2013,1646.9157003105638
2256,United Kingdom,1990,1455.0325397147617
2257,United Kingdom,1991,1267.3403400590998
2258,United Kingdom,1992,1155.5967117523169
2259,United Kingdom,1993,1016.6823938812518
2260,United Kingdom,1994,1245.4528486024094
2261,United Kingdom,1995,1605.432243753166
2262,United Kingdom,1996,1266.4111329081054
2263,United Kingdom,1997,1574.2244951948935
2264,United Kingdom,1998,1287.3561401745283
2265,United Kingdom,1999,1324.5648437741643
2266,United Kingdom,2000,1286.8070203456748
2267,United Kingdom,2001,1561.5037129397665
2268,United Kingdom,2002,1459.8918913863763
2269,United Kingdom,2003,1691.0357637358418
2270,United Kingdom,2004,1370.7304637874206
2271,United Kingdom,2005,1402.7521493825384
2272,United Kingdom,2006,1586.418549386377
2273,United Kingdom,2007,1665.1086616407417
2274,United Kingdom,2008,1477.5465343537437
2275,United Kingdom,2009,1515.7076714768289
2276,United Kingdom,2010,1348.9033059688347
2277,United Kingdom,2011,1491.8846788451253
2278,United Kingdom,2012,1470.3914982023296
2279,United Kingdom,2013,1427.4373326751538
2280,Uruguay,1990,3133.7525341677847
2281,Uruguay,1991,2816.2587220737246
2282,Uruguay,1992,2695.137486047465
2283,Uruguay,1993,2204.055955617962
2284,Uruguay,1994,1867.8826328653201
2285,Uruguay,1995,3238.8986820779683
2286,Uruguay,1996,3250.73749210479
2287,Uruguay,1997,3061.132056239816
2288,Uruguay,1998,2923.236188275316
2289,Uruguay,1999,2799.9629601806414
2290,Uruguay,2000,2291.5017720700775
2291,Uruguay,2001,3235.8363683244615
2292,Uruguay,2002,3100.7788780056226
2293,Uruguay,2003,3308.138840518041
2294,Uruguay,2004,3086.7915037278326
2295,Uruguay,2005,2945.070195834551
2296,Uruguay,2006,3276.84921840424
2297,Uruguay,2007,3003.1724073942723
2298,Uruguay,2008,3076.905274011338
2299,Uruguay,2009,3210.898573363293
2300,Uruguay,2010,3082.1817503734173
2301,Uruguay,2011,3215.086706949001
2302,Uruguay,2012,3201.5513359618008
2303,Uruguay,2013,3497.421153615291
2304,Zambia,1990,2540.8284121669317
2305,Zambia,1991,2385.5916233057346
2306,Zambia,1992,2157.1066227867063
2307,Zambia,1993,2350.9616712719267
2308,Zambia,1994,1650.7201633215648
2309,Zambia,1995,2728.623283094669
2310,Zambia,1996,2659.1389192360516
2311,Zambia,1997,2677.5752799483835
2312,Zambia,1998,2754.800546443693
2313,Zambia,1999,2457.707353975478
2314,Zambia,2000,2227.4384633067543
2315,Zambia,2001,2850.979787235732
2316,Zambia,2002,2718.678816692604
2317,Zambia,2003,2783.1033458900224
2318,Zambia,2004,2612.83250130589
2319,Zambia,2005,2572.139381484642
2320,Zambia,2006,2724.5636303137644
2321,Zambia,2007,2631.5954110467014
2322,Zambia,2008,2716.203272751438
2323,Zambia,2009,2779.4742923143817
2324,Zambia,2010,2584.865458266148
2325,Zambia,2011,2713.7036978536485
2326,Zambia,2012,2641.842881747414
2327,Zambia,2013,2716.5530748596257
2328,Zimbabwe,1990,2301.752691604642
2329,Zimbabwe,1991,2354.868191405554
2330,Zimbabwe,1992,2097.690096475205
2331,Zimbabwe,1993,2197.4212633608045
2332,Zimbabwe,1994,1646.804986489853
2333,Zimbabwe,1995,2317.5902518986945
2334,Zimbabwe,1996,2455.4073152053925
2335,Zimbabwe,1997,2585.69522218877
2336,Zimbabwe,1998,2536.4218432679095
2337,Zimbabwe,1999,2496.797623097806
2338,Zimbabwe,2000,2195.349686591028
2339,Zimbabwe,2001,2607.39002342626
2340,Zimbabwe,2002,2564.502364040536
2341,Zimbabwe,2003,2553.412428233906
2342,Zimbabwe,2004,2455.3502204272745
2343,Zimbabwe,2005,2352.235751680584
2344,Zimbabwe,2006,2489.7427041220108
2345,Zimbabwe,2007,2410.0728457766886
2346,Zimbabwe,2008,2522.4172697774375
2347,Zimbabwe,2009,2630.7991703209905
2348,Zimbabwe,2010,2294.5277036210005
2349,Zimbabwe,2011,2433.9228163877406
2350,Zimbabwe,2012,2440.4138741718252
2351,Zimbabwe,2013,2459.7893009518825
