,GAUL,Year,Precipitation
0,1,2001,42.99238733786574
1,1,2002,64.66157383269972
2,1,2003,74.46495924064908
3,1,2004,66.05924685544169
4,1,2005,78.64025980070687
5,1,2006,72.73332133018116
6,1,2007,71.60806421082569
7,1,2008,58.16202488086998
8,1,2009,88.60955248418298
9,1,2010,71.04781682065561
10,1,2011,74.78185703564111
11,1,2012,80.95960172481908
12,1,2013,70.74735085661351
13,1,2014,73.24439949666397
14,1,2015,83.90690724133962
15,1,2016,65.28250536372892
16,1,2017,69.11364109270808
17,1,2018,59.460520458045806
18,1,2019,91.4768250575338
19,1,2020,84.47583740678893
20,3,2001,11.687783033478448
21,3,2002,12.3919009628276
22,3,2003,11.665518349656633
23,3,2004,14.91785511027584
24,3,2005,14.77416316104462
25,3,2006,10.942234622817631
26,3,2007,10.76057554718347
27,3,2008,10.904610182319075
28,3,2009,14.933490008108313
29,3,2010,19.122496460468188
30,3,2011,8.488950595875073
31,3,2012,13.52201447645645
32,3,2013,13.788735698792092
33,3,2014,13.742940258751682
34,3,2015,11.509204661886068
35,3,2016,15.339415029949937
36,3,2017,11.55978759989031
37,3,2018,15.330693751942976
38,3,2019,12.424531218750587
39,3,2020,11.310451910996285
40,4,2001,33.29602043069633
41,4,2002,41.23031045599963
42,4,2003,64.12226994432899
43,4,2004,63.574293191984616
44,4,2005,49.0125699781626
45,4,2006,60.899378642441214
46,4,2007,47.83631548874225
47,4,2008,56.63461894159836
48,4,2009,64.10500361120944
49,4,2010,48.15873044083896
50,4,2011,60.92351554998183
51,4,2012,54.49143941171463
52,4,2013,50.384136443065984
53,4,2014,54.40154708228154
54,4,2015,52.40468178652084
55,4,2016,46.178158029636336
56,4,2017,42.24167345067539
57,4,2018,66.03040642699959
58,4,2019,52.24502217625624
59,4,2020,37.44164304859403
60,8,2001,398.27374340460455
61,8,2002,421.471450703295
62,8,2003,388.4080182910538
63,8,2004,390.4704728938554
64,8,2005,385.59077039027835
65,8,2006,416.9260300730942
66,8,2007,374.51656946156345
67,8,2008,390.92914389521303
68,8,2009,390.78100588125136
69,8,2010,410.8844579909484
70,8,2011,421.2828787252387
71,8,2012,359.05287438374444
72,8,2013,366.7187735300723
73,8,2014,374.83626719604587
74,8,2015,369.61194584675684
75,8,2016,400.0448894751508
76,8,2017,360.65638071232644
77,8,2018,385.1017619861016
78,8,2019,361.1543129995471
79,8,2020,413.20007866248176
80,12,2001,836.2043088624197
81,12,2002,842.0491222115394
82,12,2003,669.8525623180344
83,12,2004,657.236972326524
84,12,2005,662.752590791845
85,12,2006,677.2878310085472
86,12,2007,692.8833993595479
87,12,2008,609.8736576255214
88,12,2009,606.4541124218852
89,12,2010,633.6875545790933
90,12,2011,609.5604963894729
91,12,2012,688.0258720578827
92,12,2013,560.5876069430011
93,12,2014,772.3435965910827
94,12,2015,728.2546397406677
95,12,2016,714.5050787260251
96,12,2017,742.650346531286
97,12,2018,655.796957998125
98,12,2019,619.3963637793795
99,12,2020,521.7698284548087
100,13,2001,8.224238917564143
101,13,2002,10.302605826076926
102,13,2003,9.852109049918887
103,13,2004,8.87832368883555
104,13,2005,9.708297705706407
105,13,2006,8.574618436455273
106,13,2007,10.023465010775226
107,13,2008,8.376982945941977
108,13,2009,10.321068352394947
109,13,2010,9.607582488901526
110,13,2011,9.848216429236047
111,13,2012,9.00315729383807
112,13,2013,8.860234910953077
113,13,2014,8.696543080165393
114,13,2015,9.572100557668241
115,13,2016,10.64243382929703
116,13,2017,7.592922959268966
117,13,2018,9.541935052885691
118,13,2019,7.696387810278569
119,13,2020,8.515736723619229
120,17,2001,1132.148121592762
121,17,2002,680.9529099617575
122,17,2003,991.9769224031543
123,17,2004,1003.1563089569368
124,17,2005,800.6490485359132
125,17,2006,956.4934702885625
126,17,2007,1049.4195661054787
127,17,2008,963.3927564976768
128,17,2009,939.0611718978347
129,17,2010,1407.2084740486418
130,17,2011,1469.7189812162815
131,17,2012,970.1153996054393
132,17,2013,884.4513939921658
133,17,2014,1008.0534339160138
134,17,2015,921.1371728087973
135,17,2016,1092.1262911200447
136,17,2017,989.7585649688151
137,17,2018,822.956510844339
138,17,2019,545.9436679275611
139,17,2020,1048.4160945893136
140,18,2001,40.86860470338965
141,18,2002,44.3394175654042
142,18,2003,31.749435321312426
143,18,2004,40.57359998664932
144,18,2005,42.390544494128505
145,18,2006,38.06885746761557
146,18,2007,42.2905178987428
147,18,2008,41.009138002719105
148,18,2009,45.17747924886254
149,18,2010,43.100150869341086
150,18,2011,33.66691068407049
151,18,2012,42.61737550820328
152,18,2013,43.84232164130011
153,18,2014,45.31459606814944
154,18,2015,35.50536175853237
155,18,2016,44.20488144003578
156,18,2017,41.177093697149104
157,18,2018,39.24811456103034
158,18,2019,42.17903216236227
159,18,2020,42.712742650787916
160,19,2001,24.80404890824816
161,19,2002,28.658222165606112
162,19,2003,30.155723816578075
163,19,2004,29.671430104626523
164,19,2005,25.935011991741774
165,19,2006,25.72922371726318
166,19,2007,26.78130967165947
167,19,2008,27.77634288574
168,19,2009,28.950744017160268
169,19,2010,27.078070567582248
170,19,2011,34.01123558681191
171,19,2012,28.993422376689608
172,19,2013,26.526015933736126
173,19,2014,21.556387832329744
174,19,2015,29.112217329678465
175,19,2016,32.609255553680086
176,19,2017,22.531073804611896
177,19,2018,25.237170292709152
178,19,2019,23.738337939194167
179,19,2020,25.25489710793479
180,23,2001,91.16545498228236
181,23,2002,101.60333501513797
182,23,2003,86.70443821828535
183,23,2004,104.8757240447455
184,23,2005,85.38701952634499
185,23,2006,74.72124574334133
186,23,2007,109.77166032798407
187,23,2008,87.74940834161958
188,23,2009,81.72615185017914
189,23,2010,89.20797681323701
190,23,2011,89.1901220566716
191,23,2012,78.34961262050193
192,23,2013,78.48696176621134
193,23,2014,68.91417380891393
194,23,2015,98.717424466278
195,23,2016,90.33031032746945
196,23,2017,105.75442966024816
197,23,2018,75.39318113583491
198,23,2019,80.4524364278367
199,23,2020,88.61406508530104
200,24,2001,0.0941483363026553
201,24,2002,0.09148809899831407
202,24,2003,0.09450877635363301
203,24,2004,0.1236267579135145
204,24,2005,0.14613492819309823
205,24,2006,0.11294067932914253
206,24,2007,0.10159196028602438
207,24,2008,0.10439944803388533
208,24,2009,0.09275358989620251
209,24,2010,0.13853404818902035
210,24,2011,0.1520672321551419
211,24,2012,0.10735050488104622
212,24,2013,0.1033279535528006
213,24,2014,0.0887378997213715
214,24,2015,0.0756821754092531
215,24,2016,0.1042135129359624
216,24,2017,0.12336823076699686
217,24,2018,0.10503804399170015
218,24,2019,0.09238353305803859
219,24,2020,0.10223527803989461
220,26,2001,66.6968260282056
221,26,2002,57.508000062830824
222,26,2003,63.03515518537797
223,26,2004,70.12894797475715
224,26,2005,64.6931482021875
225,26,2006,64.70315934624459
226,26,2007,65.22313609913007
227,26,2008,70.80831996074085
228,26,2009,77.33859683022939
229,26,2010,73.67513425850225
230,26,2011,58.79332232013335
231,26,2012,78.16378254754255
232,26,2013,66.70234764262398
233,26,2014,57.677639071354434
234,26,2015,54.7784795461219
235,26,2016,72.95915712152949
236,26,2017,78.55097470263499
237,26,2018,59.020871899942215
238,26,2019,59.438212040679595
239,26,2020,66.57588565598874
240,27,2001,13.965489469120085
241,27,2002,13.21244721145978
242,27,2003,9.20584854131214
243,27,2004,10.824043612230371
244,27,2005,10.149476996552805
245,27,2006,11.681749318289585
246,27,2007,12.65472223650453
247,27,2008,11.991938678689337
248,27,2009,11.107523936007608
249,27,2010,11.722949644347842
250,27,2011,10.07026748067662
251,27,2012,12.575123069519313
252,27,2013,11.068063013587631
253,27,2014,11.891166089483898
254,27,2015,10.633323825577746
255,27,2016,11.924441712330339
256,27,2017,11.057741651166559
257,27,2018,9.874414959779225
258,27,2019,11.65886412106978
259,27,2020,10.992226005156105
260,28,2001,7.93926896494405
261,28,2002,7.661860682717273
262,28,2003,7.435389813137253
263,28,2004,7.648818809452868
264,28,2005,8.44765433598172
265,28,2006,10.084365129577977
266,28,2007,8.941286425867778
267,28,2008,9.096984671593168
268,28,2009,7.340037126431802
269,28,2010,8.851869506034008
270,28,2011,8.860538605981933
271,28,2012,8.907015655783086
272,28,2013,10.706958961562691
273,28,2014,9.531326578614692
274,28,2015,9.045707785413837
275,28,2016,8.696260427660446
276,28,2017,9.31835166035337
277,28,2018,8.505624508475242
278,28,2019,6.336343364592535
279,28,2020,9.269134123240688
280,29,2001,29.48825756045294
281,29,2002,37.01596214710935
282,29,2003,33.739031867721984
283,29,2004,28.648461721982464
284,29,2005,29.286861716628554
285,29,2006,32.04308919783173
286,29,2007,28.8712337046337
287,29,2008,31.442807416884087
288,29,2009,31.75021692019371
289,29,2010,33.799911080644094
290,29,2011,26.07644043217824
291,29,2012,39.642673027579846
292,29,2013,29.31647158483213
293,29,2014,34.8860752479003
294,29,2015,31.407120090169105
295,29,2016,35.83679986321135
296,29,2017,30.70090621801771
297,29,2018,35.39061208007141
298,29,2019,37.647381775786364
299,29,2020,29.984382871387897
300,33,2001,447.1741819377572
301,33,2002,398.42411607599473
302,33,2003,410.2997494936383
303,33,2004,438.94454319551727
304,33,2005,441.2596495389862
305,33,2006,466.77083988388455
306,33,2007,461.7012558938544
307,33,2008,462.11335596567847
308,33,2009,469.9937578358206
309,33,2010,388.0954517785325
310,33,2011,452.9724170587757
311,33,2012,482.9168220343813
312,33,2013,456.2562444655953
313,33,2014,496.83342332918323
314,33,2015,461.46375066187073
315,33,2016,426.62660961321353
316,33,2017,469.8288080698426
317,33,2018,492.95399576010834
318,33,2019,442.7808361316146
319,33,2020,373.8154091000112
320,34,2001,26.990424536280642
321,34,2002,25.43139198681283
322,34,2003,19.19062175399031
323,34,2004,26.867751659352663
324,34,2005,26.360230524944157
325,34,2006,21.76953402363891
326,34,2007,23.215449952030355
327,34,2008,22.799698366524062
328,34,2009,25.745390484580675
329,34,2010,30.258943437565797
330,34,2011,15.19649926654335
331,34,2012,20.68031509906378
332,34,2013,24.268073879793043
333,34,2014,29.5187080176337
334,34,2015,20.980386811785866
335,34,2016,24.503590950711793
336,34,2017,22.710528341735554
337,34,2018,25.127001455018192
338,34,2019,24.09071189653444
339,34,2020,20.680493953772796
340,35,2001,95.7620635325022
341,35,2002,48.488806353734304
342,35,2003,51.042330411367104
343,35,2004,77.83751093257665
344,35,2005,66.03801601430557
345,35,2006,105.17471599592623
346,35,2007,49.187823597902614
347,35,2008,72.3988820321051
348,35,2009,85.76722235219862
349,35,2010,87.76705034039807
350,35,2011,87.7380820648552
351,35,2012,62.4996803274814
352,35,2013,65.02332146759647
353,35,2014,102.57274116779507
354,35,2015,43.79995333012906
355,35,2016,69.56949227256383
356,35,2017,106.57688039915128
357,35,2018,67.18471485602981
358,35,2019,52.929009079124484
359,35,2020,82.79258512712555
360,37,2001,4091.3348082480125
361,37,2002,3980.1378435571683
362,37,2003,3963.8938939922823
363,37,2004,4171.099298556736
364,37,2005,4116.938888391695
365,37,2006,4200.369969104425
366,37,2007,3890.510256066241
367,37,2008,4377.434033677817
368,37,2009,4560.547091203657
369,37,2010,3907.689424112082
370,37,2011,4422.134112972951
371,37,2012,3788.0230875434486
372,37,2013,4345.570398008791
373,37,2014,4082.4563413456603
374,37,2015,3751.579021899507
375,37,2016,4014.375628843494
376,37,2017,4061.8477770085537
377,37,2018,4176.04863041493
378,37,2019,3868.922807034509
379,37,2020,3843.870467667041
380,40,2001,4.314495362319671
381,40,2002,3.0926517358294636
382,40,2003,3.648943566466637
383,40,2004,3.433428102721004
384,40,2005,3.4405886159946215
385,40,2006,3.9937935596526883
386,40,2007,5.324832978671356
387,40,2008,5.70062653217414
388,40,2009,4.233730372231142
389,40,2010,5.374861967252748
390,40,2011,4.989582454011969
391,40,2012,4.725368580104427
392,40,2013,4.582902538502575
393,40,2014,4.686666102086285
394,40,2015,4.389834259321038
395,40,2016,4.059161280818744
396,40,2017,5.119552250368738
397,40,2018,4.643046100472652
398,40,2019,4.038783296086403
399,40,2020,4.8127622337843485
400,41,2001,28.646540797029626
401,41,2002,35.066754405679916
402,41,2003,28.433532309536396
403,41,2004,28.635929355439497
404,41,2005,41.35824115496861
405,41,2006,29.79391516587408
406,41,2007,31.434741494126968
407,41,2008,24.736708899610264
408,41,2009,31.085015539867403
409,41,2010,35.02786407211996
410,41,2011,24.83731435618082
411,41,2012,28.46120831228604
412,41,2013,28.200409735769277
413,41,2014,44.47569534689665
414,41,2015,31.280069450631736
415,41,2016,30.266597151191633
416,41,2017,32.10998618162297
417,41,2018,33.09278934132075
418,41,2019,27.006060496007397
419,41,2020,28.344811253411375
420,42,2001,42.714787008009935
421,42,2002,40.060509372887495
422,42,2003,54.031944113278755
423,42,2004,32.59013894014893
424,42,2005,40.00343011962483
425,42,2006,40.47136552113111
426,42,2007,38.831270692766005
427,42,2008,41.69846865444517
428,42,2009,42.31468224624431
429,42,2010,53.60563149503787
430,42,2011,34.88017299609633
431,42,2012,52.573269977708605
432,42,2013,40.01010554340642
433,42,2014,38.32200617199515
434,42,2015,47.72669184393134
435,42,2016,42.89077494867101
436,42,2017,44.301842558782745
437,42,2018,49.807216284274475
438,42,2019,47.46542572763954
439,42,2020,51.44181031526287
440,47,2001,0.08871221641234696
441,47,2002,0.07155444714494166
442,47,2003,0.1103912146594265
443,47,2004,0.10165520646087937
444,47,2005,0.11737963596707371
445,47,2006,0.11223809045228497
446,47,2007,0.08199934338857434
447,47,2008,0.1504153407683261
448,47,2009,0.16726182152572386
449,47,2010,0.22929391705046331
450,47,2011,0.1100269529038263
451,47,2012,0.15043760433173706
452,47,2013,0.1966978058941021
453,47,2014,0.0827375790554363
454,47,2015,0.18198611259268238
455,47,2016,0.19228606495742687
456,47,2017,0.04792777700797147
457,47,2018,0.07229715237046225
458,47,2019,0.07150122795374915
459,47,2020,0.14970328941573252
460,44,2001,85.1909277172048
461,44,2002,82.76223259300649
462,44,2003,86.53931086344924
463,44,2004,74.254833696526
464,44,2005,80.28346700259183
465,44,2006,89.59081062747485
466,44,2007,98.8420676369441
467,44,2008,92.78587632147371
468,44,2009,96.20110189109408
469,44,2010,84.5188602845364
470,44,2011,91.15372841192823
471,44,2012,90.45661199856642
472,44,2013,98.37166949882891
473,44,2014,81.5948605298482
474,44,2015,72.12021142283481
475,44,2016,92.52354458335297
476,44,2017,96.55482807015849
477,44,2018,90.51271309453568
478,44,2019,76.59301920042451
479,44,2020,80.76339162587243
480,45,2001,208.43155328103364
481,45,2002,215.27063198809122
482,45,2003,211.88778556246808
483,45,2004,215.98391741717606
484,45,2005,197.35432989712496
485,45,2006,191.92370303954178
486,45,2007,218.6456090733087
487,45,2008,202.92654413460738
488,45,2009,212.7474584189016
489,45,2010,203.13773131923557
490,45,2011,200.31105019641578
491,45,2012,209.8254296736678
492,45,2013,215.04145123602663
493,45,2014,222.84668399247596
494,45,2015,203.09269442279248
495,45,2016,223.71536515400356
496,45,2017,212.08018647385933
497,45,2018,206.87815206405378
498,45,2019,236.8618871401117
499,45,2020,201.40521688552775
500,49,2001,201.7257362087499
501,49,2002,208.0583509878001
502,49,2003,215.16228629103895
503,49,2004,204.20648377611127
504,49,2005,210.46609436883932
505,49,2006,211.892213105876
506,49,2007,211.97242354316128
507,49,2008,193.029221628857
508,49,2009,201.27595997084
509,49,2010,224.64545736472758
510,49,2011,185.4732878786463
511,49,2012,200.4079872324627
512,49,2013,189.6558480433128
513,49,2014,195.49126452428067
514,49,2015,180.70136208683508
515,49,2016,201.22212040488796
516,49,2017,194.07863283045359
517,49,2018,177.22694085548463
518,49,2019,196.17305832965656
519,49,2020,176.99085185993727
520,50,2001,105.91743180753808
521,50,2002,91.768011254943
522,50,2003,117.28010911901558
523,50,2004,89.74217011377604
524,50,2005,118.29357609046204
525,50,2006,91.85109646254729
526,50,2007,93.71494286300715
527,50,2008,98.1799998971961
528,50,2009,83.39520648487573
529,50,2010,116.15025840947574
530,50,2011,88.2419752025029
531,50,2012,109.76194613610724
532,50,2013,89.92220119559245
533,50,2014,92.54343705382
534,50,2015,76.6468820743392
535,50,2016,100.202678321123
536,50,2017,91.0032681329381
537,50,2018,106.95305640151376
538,50,2019,118.86000580852806
539,50,2020,90.15434984350573
540,33364,2001,0.40524811214562556
541,33364,2002,0.3305342393983749
542,33364,2003,0.3493335229117283
543,33364,2004,0.2693551243919902
544,33364,2005,0.4034525918624702
545,33364,2006,0.3831758250568185
546,33364,2007,0.30951130591568704
547,33364,2008,0.41360124514042634
548,33364,2009,0.3467023769795471
549,33364,2010,0.39922507100589977
550,33364,2011,0.2717498996969717
551,33364,2012,0.38068461226840916
552,33364,2013,0.4379950144208727
553,33364,2014,0.32015202585469205
554,33364,2015,0.3458616317765025
555,33364,2016,0.531008990123952
556,33364,2017,0.39382819228043386
557,33364,2018,0.39380350151789406
558,33364,2019,0.3811244493445097
559,33364,2020,0.3308679156369644
560,149,2001,0.0027421376557823338
561,149,2002,0.002154023541531084
562,149,2003,0.0020877319658461155
563,149,2004,0.001709483329098778
564,149,2005,0.0023148414541150054
565,149,2006,0.0022938840632591834
566,149,2007,0.0017849336911271454
567,149,2008,0.0025608583631582427
568,149,2009,0.0021837918346172243
569,149,2010,0.002462653263228722
570,149,2011,0.0016645655640470031
571,149,2012,0.0023699458495341384
572,149,2013,0.0027368377266848076
573,149,2014,0.0021268253659382378
574,149,2015,0.0020912593429129097
575,149,2016,0.00305906595570725
576,149,2017,0.0023046600080301777
577,149,2018,0.0024679999737444113
578,149,2019,0.002311430840637406
579,149,2020,0.002186070541688869
580,57,2001,992.2599486113205
581,57,2002,991.4919566417109
582,57,2003,1032.2849986792571
583,57,2004,979.8027022844997
584,57,2005,981.2835633840917
585,57,2006,1012.4058751493337
586,57,2007,1031.1731176370522
587,57,2008,1032.2785988198702
588,57,2009,1001.8787326570282
589,57,2010,1097.791308231348
590,57,2011,1080.8019137488513
591,57,2012,1003.6856970327569
592,57,2013,1014.0776731385748
593,57,2014,1008.9576445037677
594,57,2015,972.9898779999482
595,57,2016,1019.2253333880255
596,57,2017,937.0659483410683
597,57,2018,956.2893083831789
598,57,2019,937.5546599964945
599,57,2020,918.1063676857274
600,59,2001,126.16586622850622
601,59,2002,141.8365806586823
602,59,2003,139.377076887446
603,59,2004,128.723124165108
604,59,2005,127.99696718790298
605,59,2006,135.94542404776158
606,59,2007,139.30692272100788
607,59,2008,132.45849867141507
608,59,2009,141.1069436750208
609,59,2010,129.4831371103598
610,59,2011,134.03947117466365
611,59,2012,135.34631308725068
612,59,2013,122.6874230516354
613,59,2014,135.72863394496525
614,59,2015,123.8506780698697
615,59,2016,132.2139993280235
616,59,2017,140.99180839732057
617,59,2018,132.23380613632736
618,59,2019,146.75594928863566
619,59,2020,143.67839888007148
620,61,2001,44.50368773943683
621,61,2002,42.09488095279555
622,61,2003,46.57004992024482
623,61,2004,48.60677541157042
624,61,2005,45.952317055879554
625,61,2006,41.39356079516263
626,61,2007,50.45136812087084
627,61,2008,53.52486625431829
628,61,2009,44.795040123857824
629,61,2010,65.39296144641466
630,61,2011,49.130341166400385
631,61,2012,40.99711379173
632,61,2013,42.080011082487694
633,61,2014,43.42956325289796
634,61,2015,39.118656268662505
635,61,2016,45.64107228673196
636,61,2017,47.17876671484215
637,61,2018,41.06342535426489
638,61,2019,38.584297919924715
639,61,2020,48.55377860414503
640,66,2001,95.21090571152085
641,66,2002,107.9272713258523
642,66,2003,115.83283769352582
643,66,2004,104.48483118390416
644,66,2005,107.71496016664415
645,66,2006,99.87938328282273
646,66,2007,114.30604554620632
647,66,2008,118.57835198448056
648,66,2009,106.32132754993152
649,66,2010,117.97453806656077
650,66,2011,103.30603049204188
651,66,2012,108.67666562130317
652,66,2013,98.33803531645704
653,66,2014,113.41578404630111
654,66,2015,99.0574450356477
655,66,2016,103.12599929051127
656,66,2017,109.14644650974242
657,66,2018,124.39772248079063
658,66,2019,124.32777264371633
659,66,2020,98.65805407482647
660,62,2001,22.02504785042283
661,62,2002,24.44763486370724
662,62,2003,15.969231494048616
663,62,2004,24.863661981197605
664,62,2005,23.064922824562274
665,62,2006,19.77309083456328
666,62,2007,21.025955204472158
667,62,2008,21.549204885448027
668,62,2009,22.07034848823798
669,62,2010,28.442780133315058
670,62,2011,13.856259475334674
671,62,2012,19.52049977073801
672,62,2013,24.912189139421614
673,62,2014,29.545431696618255
674,62,2015,19.68969832327423
675,62,2016,23.252880674959904
676,62,2017,21.930902004019817
677,62,2018,22.73280592753743
678,62,2019,24.025951986956457
679,62,2020,20.006025291947473
680,63,2001,25.572123836159914
681,63,2002,28.124018891245825
682,63,2003,26.105495671871207
683,63,2004,18.54969061391217
684,63,2005,33.39160482340984
685,63,2006,29.290472447737777
686,63,2007,37.29141484659132
687,63,2008,28.25825671947794
688,63,2009,24.470484077564706
689,63,2010,30.195991918079613
690,63,2011,28.302820269838787
691,63,2012,30.82447875406158
692,63,2013,27.606971788056967
693,63,2014,27.067726217989193
694,63,2015,25.69295467463153
695,63,2016,26.58448210369486
696,63,2017,35.21692866314694
697,63,2018,30.525316291048735
698,63,2019,28.029420242291437
699,63,2020,31.771942852769314
700,64,2001,1.1474256913025926
701,64,2002,0.9912282910498836
702,64,2003,1.1850507841065978
703,64,2004,1.1535201422074977
704,64,2005,0.7793355236007309
705,64,2006,0.9168744696271782
706,64,2007,0.9272222835068613
707,64,2008,0.5983919624464984
708,64,2009,1.2675879115926794
709,64,2010,0.8213984727161675
710,64,2011,1.1648521725152015
711,64,2012,1.5795688418475082
712,64,2013,0.818727461663604
713,64,2014,0.949630775414634
714,64,2015,1.0969631617351163
715,64,2016,0.778270716438693
716,64,2017,0.810288627746934
717,64,2018,1.212893274324924
718,64,2019,1.733236862962464
719,64,2020,1.208832985473076
720,65,2001,29.16325630084546
721,65,2002,31.011320772820817
722,65,2003,18.838604254851013
723,65,2004,24.942342991833517
724,65,2005,28.04050096092259
725,65,2006,25.1906553812878
726,65,2007,27.441536248333506
727,65,2008,24.8942987713356
728,65,2009,27.756063967031995
729,65,2010,30.97743146906411
730,65,2011,22.26605583250329
731,65,2012,25.88029587665312
732,65,2013,26.720798475228435
733,65,2014,25.34628574879169
734,65,2015,21.45807521039065
735,65,2016,25.629702286786177
736,65,2017,26.090123609033444
737,65,2018,20.404396935355663
738,65,2019,24.28387350609615
739,65,2020,28.438212111792918
740,67,2001,43.23368854385782
741,67,2002,43.1117328289506
742,67,2003,44.4863350323232
743,67,2004,47.45734315405125
744,67,2005,46.869815562786656
745,67,2006,42.75881841700572
746,67,2007,59.187280823417254
747,67,2008,40.83010809042684
748,67,2009,45.29901901621863
749,67,2010,59.24583663251421
750,67,2011,49.664412900629884
751,67,2012,54.31895767284408
752,67,2013,50.405728119037825
753,67,2014,29.461267274278946
754,67,2015,39.853345607862096
755,67,2016,47.437943525038605
756,67,2017,35.565798416199726
757,67,2018,46.810737212885954
758,67,2019,35.13757321374449
759,67,2020,61.157018768573785
760,68,2001,992.2086559776501
761,68,2002,1015.8202813027931
762,68,2003,953.1632532019946
763,68,2004,970.0968395856246
764,68,2005,989.2976328696857
765,68,2006,1056.5169123543087
766,68,2007,995.4371722775404
767,68,2008,967.116749668736
768,68,2009,1038.944847865924
769,68,2010,1013.3035527576317
770,68,2011,974.6753015236419
771,68,2012,952.4943812278482
772,68,2013,903.4361344983796
773,68,2014,904.4984016764001
774,68,2015,939.8406837816734
775,68,2016,917.5287094734318
776,68,2017,966.9801307362386
777,68,2018,954.9044938755522
778,68,2019,978.0844009521005
779,68,2020,956.6910413009792
780,69,2001,15.691165179048316
781,69,2002,16.32546709627321
782,69,2003,12.367074831251166
783,69,2004,15.53706357919393
784,69,2005,13.102838527436397
785,69,2006,15.988228487825287
786,69,2007,17.042998647835578
787,69,2008,15.124322536751771
788,69,2009,14.698458240440877
789,69,2010,14.30630422077174
790,69,2011,14.802315482494558
791,69,2012,16.383117373830174
792,69,2013,13.61997165497319
793,69,2014,15.833782899458352
794,69,2015,17.895524004699183
795,69,2016,14.058577460382358
796,69,2017,17.21764873237806
797,69,2018,12.079744267796741
798,69,2019,17.57123688872632
799,69,2020,15.558409277771222
800,70,2001,1.3209600235288792
801,70,2002,1.1543278841105047
802,70,2003,1.3393911648171295
803,70,2004,1.1085870954024641
804,70,2005,1.1349006917119233
805,70,2006,1.5761201458156338
806,70,2007,0.9839581343238283
807,70,2008,0.6190092439397819
808,70,2009,0.6276616509870057
809,70,2010,1.4771093307787257
810,70,2011,1.1371265375408925
811,70,2012,0.6364090452287887
812,70,2013,1.2789206242866573
813,70,2014,1.1552605318897569
814,70,2015,0.906322059466144
815,70,2016,1.3814462980083027
816,70,2017,0.8576456986661427
817,70,2018,1.0359200860844322
818,70,2019,1.3075434450026628
819,70,2020,1.462273555679841
820,71,2001,0.16748328363208861
821,71,2002,0.17709050262382442
822,71,2003,0.19981532940569818
823,71,2004,0.26967119614938545
824,71,2005,0.29731713437444224
825,71,2006,0.2171822760168456
826,71,2007,0.19821861271760624
827,71,2008,0.23369066967413799
828,71,2009,0.1808730005285671
829,71,2010,0.26135837102173326
830,71,2011,0.33679512645263665
831,71,2012,0.22987333171550417
832,71,2013,0.23351794346075327
833,71,2014,0.18767007909925676
834,71,2015,0.1625805239185861
835,71,2016,0.2338710454715149
836,71,2017,0.2262927893692891
837,71,2018,0.19586580085549754
838,71,2019,0.19851030432757316
839,71,2020,0.21140225899700954
840,72,2001,12.317342617755346
841,72,2002,11.397491895601807
842,72,2003,14.436756316568344
843,72,2004,14.518242924650918
844,72,2005,18.13500290080075
845,72,2006,13.816307530093033
846,72,2007,17.583058222528493
847,72,2008,14.820706043910938
848,72,2009,13.636230760126058
849,72,2010,17.580490430022362
850,72,2011,16.104492548139618
851,72,2012,16.545270067401223
852,72,2013,12.936290140160418
853,72,2014,10.664407028771068
854,72,2015,10.20050210239996
855,72,2016,16.84119982556124
856,72,2017,17.600046667116047
857,72,2018,11.682560784804387
858,72,2019,11.671650843013216
859,72,2020,13.198763997415
860,73,2001,212.9836633817817
861,73,2002,222.2768393183728
862,73,2003,207.2369219244003
863,73,2004,191.04727131310926
864,73,2005,182.20771580361162
865,73,2006,205.76806345781574
866,73,2007,195.90852789815412
867,73,2008,217.19004999289245
868,73,2009,206.02384685226895
869,73,2010,207.53305431657355
870,73,2011,202.45312848013256
871,73,2012,230.41613076382825
872,73,2013,207.03995340744797
873,73,2014,219.41255498800626
874,73,2015,232.88682110148147
875,73,2016,218.48718321534764
876,73,2017,247.83468727937924
877,73,2018,226.0327923736944
878,73,2019,247.49298638964083
879,73,2020,194.7796667718879
880,40765,2001,1.9396784247449803
881,40765,2002,2.8050334698869293
882,40765,2003,2.0649098158812893
883,40765,2004,2.676876839977271
884,40765,2005,3.143421833735225
885,40765,2006,2.6966097148719075
886,40765,2007,2.5018967295216394
887,40765,2008,3.1210472265499614
888,40765,2009,1.8657366773506905
889,40765,2010,2.8389293341837694
890,40765,2011,3.7858370914787796
891,40765,2012,2.796621193390079
892,40765,2013,2.613203401772606
893,40765,2014,4.017799531314551
894,40765,2015,4.793096080127024
895,40765,2016,2.9241837076762165
896,40765,2017,2.2328471920997526
897,40765,2018,4.370689233914567
898,40765,2019,4.603406262882819
899,40765,2020,8.319943059423522
900,75,2001,6.424357698167564
901,75,2002,7.361632911688155
902,75,2003,8.172752031679206
903,75,2004,7.9944266134312425
904,75,2005,11.334859607444834
905,75,2006,8.714106252885363
906,75,2007,9.185341559706236
907,75,2008,11.505347621076256
908,75,2009,7.218039514650786
909,75,2010,12.71821336783273
910,75,2011,10.363343913576367
911,75,2012,6.9828380941383825
912,75,2013,7.811430617479315
913,75,2014,7.649689168164804
914,75,2015,7.287562021282399
915,75,2016,7.035914107904009
916,75,2017,9.277921632105798
917,75,2018,8.069290737332576
918,75,2019,7.958510585435079
919,75,2020,10.92561117860334
920,78,2001,18.417063412378333
921,78,2002,13.901002357821689
922,78,2003,16.138801293335224
923,78,2004,17.950530695629748
924,78,2005,14.619804348464541
925,78,2006,13.353210619518642
926,78,2007,17.568079179290685
927,78,2008,21.060155460331437
928,78,2009,18.381226125388242
929,78,2010,18.924871908822993
930,78,2011,16.31285268699006
931,78,2012,21.297268491355798
932,78,2013,14.608184909494257
933,78,2014,16.15635451886343
934,78,2015,15.78203394451928
935,78,2016,18.45284342620706
936,78,2017,19.05128542509143
937,78,2018,13.289243863522756
938,78,2019,17.699444519345
939,78,2020,18.122207587171577
940,235,2001,5.57972861259765
941,235,2002,3.4030568846786675
942,235,2003,3.294083152146865
943,235,2004,5.220934573923538
944,235,2005,4.086586100401151
945,235,2006,5.4047160221738215
946,235,2007,3.4925049566852153
947,235,2008,3.981026611354811
948,235,2009,4.629787054482582
949,235,2010,5.310278582221988
950,235,2011,4.352782281052021
951,235,2012,4.667819039107552
952,235,2013,4.683456637875307
953,235,2014,4.476541925388819
954,235,2015,3.0320734969966177
955,235,2016,3.5145359194932158
956,235,2017,4.694165573133533
957,235,2018,3.977858846429723
958,235,2019,3.9616703166044376
959,235,2020,4.490228198279047
960,79,2001,301.9946788177924
961,79,2002,278.67682665825146
962,79,2003,286.0626605511462
963,79,2004,293.5426226619331
964,79,2005,308.49875276539166
965,79,2006,342.50332199016657
966,79,2007,293.2339502094815
967,79,2008,277.83265865217214
968,79,2009,246.9434145626195
969,79,2010,324.9211633020344
970,79,2011,287.7066806238048
971,79,2012,287.72847327716835
972,79,2013,321.32323102315047
973,79,2014,312.73697241618464
974,79,2015,283.78560809466364
975,79,2016,293.15623997176436
976,79,2017,291.1864695774902
977,79,2018,320.6633838683835
978,79,2019,347.4770344100144
979,79,2020,313.1711394778633
980,83,2001,9.027203711963379
981,83,2002,10.001221351750528
982,83,2003,8.262771181975566
983,83,2004,8.879303177505381
984,83,2005,9.567905767314256
985,83,2006,8.622203891221714
986,83,2007,12.039051514484367
987,83,2008,10.999031360004777
988,83,2009,11.353476131249513
989,83,2010,9.752312603457527
990,83,2011,11.536759590099862
991,83,2012,14.23694809686868
992,83,2013,10.37278529458068
993,83,2014,8.284127377807724
994,83,2015,8.030097020770201
995,83,2016,10.817697074945318
996,83,2017,10.58775198051424
997,83,2018,11.256335306329706
998,83,2019,12.37027445058036
999,83,2020,12.027168639063666
1000,84,2001,134.42273999271643
1001,84,2002,116.26611924746014
1002,84,2003,125.990308124005
1003,84,2004,151.91779848078707
1004,84,2005,145.403998074029
1005,84,2006,123.71008206523305
1006,84,2007,151.74819361614325
1007,84,2008,159.86378831016916
1008,84,2009,124.05476557676916
1009,84,2010,133.11300141093
1010,84,2011,153.58218191549432
1011,84,2012,171.96645164577757
1012,84,2013,140.40068567682363
1013,84,2014,138.65361707474653
1014,84,2015,170.03968374048645
1015,84,2016,157.9128389013504
1016,84,2017,156.94502734014853
1017,84,2018,125.34550352654769
1018,84,2019,156.82383854300429
1019,84,2020,169.12101733369155
1020,85,2001,216.51573588234888
1021,85,2002,215.81264614891452
1022,85,2003,173.45163104667466
1023,85,2004,180.61661433667808
1024,85,2005,164.08582617894513
1025,85,2006,195.45391090801263
1026,85,2007,196.11200701922962
1027,85,2008,216.54866871644353
1028,85,2009,187.373637338411
1029,85,2010,200.64860629678472
1030,85,2011,163.9505156153656
1031,85,2012,202.00445483829532
1032,85,2013,221.39487749521598
1033,85,2014,216.79444645865556
1034,85,2015,167.84615458141346
1035,85,2016,203.51971796841067
1036,85,2017,179.1505004295994
1037,85,2018,213.84183945114765
1038,85,2019,206.22408113804968
1039,85,2020,193.31718620088307
1040,87,2001,0.6465009425226674
1041,87,2002,0.41424802468895683
1042,87,2003,0.4763395409551269
1043,87,2004,0.552951388632219
1044,87,2005,0.5133255255855755
1045,87,2006,0.6845108836980225
1046,87,2007,0.7374477021715613
1047,87,2008,0.4781106548422769
1048,87,2009,0.5312869930404874
1049,87,2010,0.6404218412984456
1050,87,2011,0.4045654266060413
1051,87,2012,0.6263447902495979
1052,87,2013,0.5624301663604618
1053,87,2014,0.6839214939434487
1054,87,2015,0.4468194560605434
1055,87,2016,0.7731301816188823
1056,87,2017,0.7017535594502291
1057,87,2018,0.6692751809663634
1058,87,2019,0.6445479477503192
1059,87,2020,0.5661805046926982
1060,89,2001,132.38515880263768
1061,89,2002,144.45984762226
1062,89,2003,147.04015084474872
1063,89,2004,138.60961809888795
1064,89,2005,123.04933908232522
1065,89,2006,138.49642883499217
1066,89,2007,146.96769042644974
1067,89,2008,145.036132456047
1068,89,2009,141.7423032234896
1069,89,2010,128.03904810044952
1070,89,2011,136.54623689438492
1071,89,2012,144.86462921945792
1072,89,2013,130.59223233583828
1073,89,2014,138.73746344723853
1074,89,2015,128.85838991213643
1075,89,2016,141.24529809930172
1076,89,2017,148.61626397955197
1077,89,2018,148.41969622513614
1078,89,2019,161.847694970505
1079,89,2020,154.61317822305463
1080,90,2001,1.9358994755696852
1081,90,2002,1.3276178762639768
1082,90,2003,2.134320304909502
1083,90,2004,1.529798564680053
1084,90,2005,1.816827299668444
1085,90,2006,1.6831218640558114
1086,90,2007,1.4580451415525824
1087,90,2008,2.345214381187639
1088,90,2009,2.1803616270266284
1089,90,2010,2.4463708779308275
1090,90,2011,1.6645034823540035
1091,90,2012,2.404264712139036
1092,90,2013,2.3136857331203595
1093,90,2014,1.590820222166418
1094,90,2015,2.045272190779036
1095,90,2016,1.9246414726216743
1096,90,2017,1.8192462484460536
1097,90,2018,2.0655760253831272
1098,90,2019,1.8519449751752413
1099,90,2020,2.6650061586095073
1100,92,2001,31.74930144534661
1101,92,2002,33.72182439834241
1102,92,2003,30.95695286437999
1103,92,2004,32.18028677091077
1104,92,2005,36.953727547777575
1105,92,2006,34.743738526069315
1106,92,2007,33.75100443996783
1107,92,2008,30.332302745509633
1108,92,2009,32.89639473665496
1109,92,2010,32.63652108779109
1110,92,2011,33.10715406312585
1111,92,2012,30.056803742062165
1112,92,2013,32.52422718143311
1113,92,2014,31.355677049118466
1114,92,2015,30.19683856106676
1115,92,2016,36.68063746508958
1116,92,2017,31.71480332254696
1117,92,2018,31.56347093487195
1118,92,2019,26.01092142971316
1119,92,2020,26.765536263239444
1120,93,2001,150.54296708671527
1121,93,2002,158.86828745519566
1122,93,2003,94.56291570586973
1123,93,2004,128.09413518924063
1124,93,2005,125.68442819595512
1125,93,2006,121.13974428233728
1126,93,2007,155.17469687829112
1127,93,2008,129.02609111327035
1128,93,2009,134.14379660820467
1129,93,2010,144.4449260596856
1130,93,2011,117.56682430521475
1131,93,2012,132.7375937895397
1132,93,2013,135.47883247710163
1133,93,2014,127.39977364382393
1134,93,2015,119.65216982052819
1135,93,2016,124.65891770122197
1136,93,2017,142.0842438495862
1137,93,2018,97.85096586372681
1138,93,2019,126.29752964079654
1139,93,2020,122.42793534579462
1140,94,2001,56.61254655357075
1141,94,2002,71.5730400364568
1142,94,2003,73.06450082369354
1143,94,2004,61.19842007112632
1144,94,2005,65.51898700276591
1145,94,2006,63.021966720841206
1146,94,2007,71.48984290256914
1147,94,2008,70.78326282444374
1148,94,2009,68.60616946442435
1149,94,2010,74.42970965520341
1150,94,2011,67.40865914874792
1151,94,2012,72.66276366950866
1152,94,2013,63.88582836466916
1153,94,2014,76.33118454675235
1154,94,2015,62.42509121760775
1155,94,2016,77.22621429226896
1156,94,2017,71.51792653449009
1157,94,2018,85.69125949558415
1158,94,2019,85.30550905512453
1159,94,2020,64.60610141410223
1160,97,2001,29.500875840357264
1161,97,2002,36.91182599396685
1162,97,2003,36.93649967063015
1163,97,2004,31.395186960376083
1164,97,2005,35.77180496974751
1165,97,2006,32.86673554662223
1166,97,2007,29.319469849142717
1167,97,2008,24.50531945170901
1168,97,2009,40.29473023691618
1169,97,2010,38.90669336909325
1170,97,2011,29.156088795322706
1171,97,2012,35.4704399346632
1172,97,2013,33.06931517891951
1173,97,2014,38.14843289769889
1174,97,2015,36.71473754640869
1175,97,2016,32.601778138247994
1176,97,2017,32.725547540872384
1177,97,2018,39.128517128507525
1178,97,2019,36.39018895823611
1179,97,2020,30.187567917349675
1180,103,2001,50.72783095597949
1181,103,2002,49.065335513641905
1182,103,2003,51.975299330394044
1183,103,2004,50.82749560228063
1184,103,2005,60.918199989104934
1185,103,2006,62.88934151061759
1186,103,2007,54.32991224088044
1187,103,2008,61.89927202988666
1188,103,2009,46.84504919685183
1189,103,2010,64.91160087162865
1190,103,2011,62.206019835431654
1191,103,2012,52.53547595745023
1192,103,2013,63.7660212828181
1193,103,2014,58.4589813230953
1194,103,2015,52.78345472358111
1195,103,2016,50.48930568654805
1196,103,2017,58.75598702247649
1197,103,2018,49.31480811938315
1198,103,2019,46.35458569239625
1199,103,2020,66.1242839923163
1200,107,2001,88.14737988948903
1201,107,2002,113.23094615669308
1202,107,2003,101.48706762669654
1203,107,2004,103.41663218329434
1204,107,2005,110.16940382542353
1205,107,2006,123.54590497797057
1206,107,2007,122.55956559023387
1207,107,2008,121.71199153631373
1208,107,2009,90.77114954842575
1209,107,2010,132.04484915122217
1210,107,2011,123.29753540566053
1211,107,2012,127.71964545660335
1212,107,2013,121.82193353273499
1213,107,2014,105.68049549819467
1214,107,2015,101.5458200756128
1215,107,2016,119.84823929120488
1216,107,2017,128.57501207306115
1217,107,2018,128.47885339992814
1218,107,2019,117.90367250792279
1219,107,2020,117.42376799741102
1220,108,2001,6.214724887286902
1221,108,2002,5.894660859389939
1222,108,2003,7.076783616679018
1223,108,2004,6.148393816766648
1224,108,2005,8.980979698630694
1225,108,2006,6.730300809932854
1226,108,2007,8.632225643130782
1227,108,2008,7.803876398996502
1228,108,2009,6.316843983042222
1229,108,2010,9.433636391584638
1230,108,2011,8.205575656008667
1231,108,2012,8.288362453262978
1232,108,2013,6.508574136837615
1233,108,2014,5.603509069651233
1234,108,2015,4.850063878247184
1235,108,2016,8.550016690642792
1236,108,2017,8.812508672618105
1237,108,2018,5.761744700739802
1238,108,2019,6.889468355051863
1239,108,2020,6.119627932915544
1240,111,2001,45.2992096305001
1241,111,2002,45.00034175863549
1242,111,2003,49.519508276458964
1243,111,2004,45.48369244192365
1244,111,2005,60.65210879360144
1245,111,2006,51.718988846962226
1246,111,2007,52.463974108509085
1247,111,2008,58.70961004725119
1248,111,2009,44.893656052888936
1249,111,2010,59.32948303008114
1250,111,2011,54.935765553375994
1251,111,2012,46.77268683100807
1252,111,2013,51.16871966562541
1253,111,2014,50.32718275945803
1254,111,2015,46.94212943386851
1255,111,2016,49.13836754260343
1256,111,2017,60.79962616433036
1257,111,2018,47.67713135021388
1258,111,2019,40.5811661987277
1259,111,2020,60.73149776681484
1260,113,2001,27.06183097661221
1261,113,2002,24.541499928342336
1262,113,2003,17.924783511765348
1263,113,2004,27.161818615880236
1264,113,2005,29.885216030580438
1265,113,2006,23.735380452884357
1266,113,2007,23.794500299761022
1267,113,2008,22.792742900023264
1268,113,2009,25.057871802394352
1269,113,2010,38.02466177834601
1270,113,2011,16.95038031520701
1271,113,2012,20.684223334443864
1272,113,2013,28.60028064537469
1273,113,2014,31.92431348444337
1274,113,2015,22.25888650061918
1275,113,2016,28.750458633666813
1276,113,2017,25.88948874587229
1277,113,2018,25.906160988528157
1278,113,2019,26.468633528103943
1279,113,2020,26.670011705322892
1280,114,2001,82.97349299955276
1281,114,2002,92.90499441454793
1282,114,2003,92.9072662189099
1283,114,2004,92.93156715370216
1284,114,2005,81.34295181082126
1285,114,2006,93.79202638080368
1286,114,2007,94.94377983320088
1287,114,2008,82.9109007817774
1288,114,2009,87.79324824600833
1289,114,2010,68.86460910323454
1290,114,2011,93.18003950686861
1291,114,2012,87.71717913041955
1292,114,2013,88.65479677336546
1293,114,2014,96.42649795735888
1294,114,2015,98.877818819778
1295,114,2016,84.05132661353458
1296,114,2017,91.94354855767735
1297,114,2018,100.40436290800062
1298,114,2019,83.56310095501365
1299,114,2020,96.81232708701565
1300,115,2001,954.0127138153973
1301,115,2002,860.2175490452971
1302,115,2003,1052.4121909422706
1303,115,2004,947.7582389867197
1304,115,2005,988.5991971598224
1305,115,2006,999.5406422204833
1306,115,2007,1119.450362198985
1307,115,2008,1083.8893687592974
1308,115,2009,950.6886372729036
1309,115,2010,1156.4341887407163
1310,115,2011,1071.1140202139118
1311,115,2012,971.3615264653774
1312,115,2013,1161.388388214951
1313,115,2014,939.8679096918353
1314,115,2015,989.4979200476213
1315,115,2016,1046.5262227946157
1316,115,2017,1029.150793005442
1317,115,2018,949.5649802823042
1318,115,2019,1177.5255046035188
1319,115,2020,1128.0725951783006
1320,116,2001,1582.6837283822863
1321,116,2002,1330.7757286424373
1322,116,2003,1510.856844874374
1323,116,2004,1367.8755567579249
1324,116,2005,1530.8386508873955
1325,116,2006,1444.4744170629256
1326,116,2007,1630.178098952464
1327,116,2008,1694.2521588794393
1328,116,2009,1453.6946421362018
1329,116,2010,1843.4546719223645
1330,116,2011,1596.4107165030598
1331,116,2012,1632.3151192977236
1332,116,2013,1786.9466480145902
1333,116,2014,1505.0444167998292
1334,116,2015,1378.0179940935875
1335,116,2016,1838.9136425841245
1336,116,2017,1792.2849225949578
1337,116,2018,1575.6423948859087
1338,116,2019,1410.3043722029824
1339,116,2020,1765.8216056175854
1340,117,2001,120.80992433990187
1341,117,2002,157.3543010799212
1342,117,2003,162.9430473549144
1343,117,2004,181.8703814826626
1344,117,2005,158.84481543928825
1345,117,2006,165.25479896739924
1346,117,2007,160.62951950744014
1347,117,2008,117.36221708355593
1348,117,2009,167.00740950308224
1349,117,2010,114.43030967666982
1350,117,2011,172.54935912675845
1351,117,2012,162.11429936860017
1352,117,2013,148.6309597453471
1353,117,2014,144.6608409975079
1354,117,2015,167.74519835269638
1355,117,2016,146.79155620618482
1356,117,2017,147.8254584463632
1357,117,2018,167.69917651585536
1358,117,2019,214.6322354466346
1359,117,2020,200.07601454790304
1360,118,2001,26.655796301677757
1361,118,2002,32.16236248130478
1362,118,2003,30.10828335801318
1363,118,2004,29.61082236164485
1364,118,2005,25.947449722039508
1365,118,2006,39.45837059655629
1366,118,2007,22.514565044632203
1367,118,2008,18.631370119991594
1368,118,2009,22.36623353304092
1369,118,2010,21.903261281116873
1370,118,2011,25.895508326740003
1371,118,2012,26.970513755290195
1372,118,2013,36.581586927993555
1373,118,2014,32.607959693352655
1374,118,2015,36.122460332810626
1375,118,2016,28.913246402503532
1376,118,2017,20.57944571812027
1377,118,2018,52.21216320296176
1378,118,2019,43.55464725031749
1379,118,2020,32.7005708485429
1380,119,2001,26.296254943376546
1381,119,2002,37.64845477562986
1382,119,2003,27.522407199226727
1383,119,2004,29.923074498588736
1384,119,2005,29.670565372184576
1385,119,2006,33.46638240681033
1386,119,2007,31.737591023633527
1387,119,2008,35.1910944288477
1388,119,2009,38.826499957389714
1389,119,2010,26.675441330733427
1390,119,2011,33.205470851830846
1391,119,2012,33.294775886836874
1392,119,2013,29.871236984080877
1393,119,2014,35.22545439249394
1394,119,2015,36.95388965040753
1395,119,2016,30.202281590082727
1396,119,2017,30.925915936116663
1397,119,2018,30.40763960319014
1398,119,2019,34.71707545138251
1399,119,2020,37.1283384385323
1400,121,2001,0.9790186278289278
1401,121,2002,1.6236213212146948
1402,121,2003,1.4813535207669744
1403,121,2004,1.2919507500497835
1404,121,2005,1.112766930872529
1405,121,2006,1.1703191352679212
1406,121,2007,1.170518057053053
1407,121,2008,0.9957594441906583
1408,121,2009,1.2281174699853397
1409,121,2010,1.0799920047071132
1410,121,2011,1.403350244914225
1411,121,2012,1.5123895592733563
1412,121,2013,1.3348918612754332
1413,121,2014,1.1544004324431096
1414,121,2015,1.497010978682745
1415,121,2016,1.2811611139870016
1416,121,2017,0.7852543111918506
1417,121,2018,1.7770832494550688
1418,121,2019,1.6600255697644346
1419,121,2020,1.7102507116392274
1420,122,2001,91.82809560444193
1421,122,2002,124.1338347222014
1422,122,2003,92.34040466661932
1423,122,2004,113.22684933700071
1424,122,2005,105.14516416116162
1425,122,2006,89.5964054839637
1426,122,2007,91.17094605719726
1427,122,2008,122.55463577893772
1428,122,2009,120.96534214147665
1429,122,2010,142.99453027730962
1430,122,2011,94.5879138657567
1431,122,2012,109.30037903778599
1432,122,2013,129.3797906618187
1433,122,2014,135.65443862401497
1434,122,2015,102.75304749537246
1435,122,2016,116.72678828273851
1436,122,2017,92.81469316490839
1437,122,2018,130.62892822887517
1438,122,2019,126.75994062979947
1439,122,2020,105.70552139700413
1440,123,2001,3.102463212414612
1441,123,2002,3.570370578330294
1442,123,2003,3.4812181445316885
1443,123,2004,3.3560625851188464
1444,123,2005,4.503841632549042
1445,123,2006,3.347054078948149
1446,123,2007,4.35214084383575
1447,123,2008,3.4816486909648248
1448,123,2009,3.237524237605821
1449,123,2010,4.3517023668120665
1450,123,2011,3.8717597199750515
1451,123,2012,3.228028385863784
1452,123,2013,2.980905675109694
1453,123,2014,2.834070754954039
1454,123,2015,2.3965171190852357
1455,123,2016,3.3961870364100206
1456,123,2017,4.085776760971468
1457,123,2018,3.069157438560041
1458,123,2019,3.0095748395098973
1459,123,2020,3.412201301729571
1460,126,2001,194.63062914024215
1461,126,2002,192.7328099592381
1462,126,2003,211.20610121492066
1463,126,2004,227.0438326993431
1464,126,2005,174.69952232418194
1465,126,2006,210.82544707583077
1466,126,2007,179.84594872497132
1467,126,2008,180.2875321201272
1468,126,2009,206.51896669994
1469,126,2010,226.4355118660073
1470,126,2011,219.89148506991333
1471,126,2012,210.0466202220656
1472,126,2013,208.65072011571485
1473,126,2014,209.5729158283054
1474,126,2015,217.5008952606611
1475,126,2016,225.4252531377471
1476,126,2017,205.39435248023773
1477,126,2018,221.5484599342461
1478,126,2019,202.48797576202432
1479,126,2020,223.75801068939228
1480,130,2001,1.9448111875655807
1481,130,2002,2.9385216262226517
1482,130,2003,2.8162264316440835
1483,130,2004,1.8833294805530723
1484,130,2005,1.793830229807937
1485,130,2006,2.025622860745978
1486,130,2007,1.8199688061595498
1487,130,2008,1.584373536138931
1488,130,2009,1.3247242918551378
1489,130,2010,2.315737839401748
1490,130,2011,1.864152886254049
1491,130,2012,2.025748480113098
1492,130,2013,2.5339014240081927
1493,130,2014,2.3065645645999693
1494,130,2015,3.03503882443413
1495,130,2016,2.4914241625915183
1496,130,2017,1.4845729342235305
1497,130,2018,3.484110215578286
1498,130,2019,2.860211718458572
1499,130,2020,2.979383237552282
1500,132,2001,399.8239423865957
1501,132,2002,432.57478382028927
1502,132,2003,413.72716418249155
1503,132,2004,406.4278711760619
1504,132,2005,332.31556554217593
1505,132,2006,373.6358588309129
1506,132,2007,342.88376570216957
1507,132,2008,314.57669588709985
1508,132,2009,382.72512332562854
1509,132,2010,326.1718937262142
1510,132,2011,348.9710943039746
1511,132,2012,310.1936367615195
1512,132,2013,397.7644758463133
1513,132,2014,336.23743704300557
1514,132,2015,413.01561278216934
1515,132,2016,467.6941850768576
1516,132,2017,337.6292685644138
1517,132,2018,359.04582229714174
1518,132,2019,352.9910531202598
1519,132,2020,319.444835364904
1520,133,2001,106.25527020583658
1521,133,2002,109.9029351480248
1522,133,2003,95.99996280317002
1523,133,2004,103.44815281461291
1524,133,2005,82.11883822568933
1525,133,2006,135.91317778534207
1526,133,2007,104.52906922975045
1527,133,2008,90.74903523605349
1528,133,2009,76.01092538646672
1529,133,2010,112.22895178867418
1530,133,2011,113.89870045745853
1531,133,2012,110.75084760192973
1532,133,2013,122.43806473263976
1533,133,2014,100.78056334908493
1534,133,2015,117.91327751493118
1535,133,2016,92.51744834817377
1536,133,2017,92.23401949458751
1537,133,2018,135.93637671691255
1538,133,2019,133.77871804349883
1539,133,2020,147.2544464619179
1540,135,2001,0.0
1541,135,2002,0.0
1542,135,2003,0.0
1543,135,2004,0.0
1544,135,2005,0.0
1545,135,2006,0.0
1546,135,2007,0.0
1547,135,2008,0.0
1548,135,2009,0.0
1549,135,2010,0.0
1550,135,2011,0.0
1551,135,2012,0.0
1552,135,2013,0.0
1553,135,2014,0.0
1554,135,2015,0.0
1555,135,2016,0.0
1556,135,2017,0.0
1557,135,2018,0.0
1558,135,2019,0.0
1559,135,2020,0.0
1560,137,2001,0.5530927486557907
1561,137,2002,0.5840598377581643
1562,137,2003,0.5624173933188639
1563,137,2004,0.9337432223696813
1564,137,2005,0.8954207679128608
1565,137,2006,0.5307422386781083
1566,137,2007,0.5887487220036965
1567,137,2008,0.26430671918812115
1568,137,2009,0.6547469901808407
1569,137,2010,0.18262423548767
1570,137,2011,0.4319697684016761
1571,137,2012,0.7084720212565708
1572,137,2013,0.8714019877653812
1573,137,2014,0.6271317892505266
1574,137,2015,0.6372577115489062
1575,137,2016,0.3158019978017128
1576,137,2017,0.3160136141432166
1577,137,2018,1.4094963479899936
1578,137,2019,0.7089973163691488
1579,137,2020,0.6695836213005117
1580,138,2001,67.4216685581186
1581,138,2002,69.07235484345873
1582,138,2003,72.13881812934851
1583,138,2004,65.24598830269198
1584,138,2005,63.21401985120743
1585,138,2006,62.30060720087814
1586,138,2007,62.60251520084893
1587,138,2008,60.81449321560497
1588,138,2009,67.47093631735842
1589,138,2010,74.28779319627635
1590,138,2011,67.72404735563264
1591,138,2012,56.87806532701199
1592,138,2013,59.5903779138721
1593,138,2014,59.68476537731976
1594,138,2015,66.00952573117053
1595,138,2016,76.59367822352459
1596,138,2017,61.91292999075592
1597,138,2018,66.16551746157447
1598,138,2019,61.356053358701175
1599,138,2020,63.104580726605896
1600,139,2001,130.9538156500207
1601,139,2002,143.07906366954361
1602,139,2003,112.95263514355372
1603,139,2004,120.3758710600198
1604,139,2005,127.9002996568523
1605,139,2006,123.15409750270517
1606,139,2007,123.87624048499713
1607,139,2008,135.86467848088162
1608,139,2009,121.75859319781338
1609,139,2010,123.14723889139643
1610,139,2011,138.8339942711869
1611,139,2012,120.5417033362198
1612,139,2013,132.92394706341094
1613,139,2014,119.51784178223876
1614,139,2015,120.93190630940778
1615,139,2016,122.4664010232644
1616,139,2017,136.4215579856011
1617,139,2018,145.82244240479451
1618,139,2019,102.51592117836917
1619,139,2020,112.35613795806692
1620,140,2001,25.37464338389745
1621,140,2002,21.067956171940995
1622,140,2003,21.646672926449575
1623,140,2004,23.710473479261662
1624,140,2005,20.872486395789952
1625,140,2006,18.844598456290626
1626,140,2007,24.648736862913044
1627,140,2008,25.29942765497871
1628,140,2009,25.21585235901179
1629,140,2010,26.570460399442652
1630,140,2011,21.708008872856446
1631,140,2012,28.317757536284006
1632,140,2013,20.938033727377665
1633,140,2014,23.864437992124266
1634,140,2015,21.097892459489593
1635,140,2016,25.35183215036686
1636,140,2017,27.628656067390757
1637,140,2018,17.20548696717287
1638,140,2019,23.432844278575928
1639,140,2020,22.817905530850545
1640,141,2001,1.5261143838511066
1641,141,2002,2.0743488907797754
1642,141,2003,2.46995621930299
1643,141,2004,1.893408430921225
1644,141,2005,1.7617578927589648
1645,141,2006,1.5554926438397678
1646,141,2007,1.7061200851260823
1647,141,2008,1.2438802518195282
1648,141,2009,1.8234957310410655
1649,141,2010,1.2272273247652241
1650,141,2011,1.8751462593357067
1651,141,2012,2.424570914953315
1652,141,2013,1.669662983110404
1653,141,2014,1.3291110735118792
1654,141,2015,1.7454706146112366
1655,141,2016,1.629981618797766
1656,141,2017,1.2783238244437372
1657,141,2018,1.9996475296449285
1658,141,2019,2.1633777100090286
1659,141,2020,1.9957729576356487
1660,142,2001,11.484998017655197
1661,142,2002,10.616920990698853
1662,142,2003,8.830821290847933
1663,142,2004,10.501905767504718
1664,142,2005,9.911558842534827
1665,142,2006,12.289059004420094
1666,142,2007,8.556227694209522
1667,142,2008,8.911109210217782
1668,142,2009,9.349449759274878
1669,142,2010,10.126664857518588
1670,142,2011,10.017483637251592
1671,142,2012,9.533008943459137
1672,142,2013,8.265247074473749
1673,142,2014,9.611609320941897
1674,142,2015,7.10374072459872
1675,142,2016,9.591336517289827
1676,142,2017,8.880188976142705
1677,142,2018,8.38809537958947
1678,142,2019,7.51091009117976
1679,142,2020,11.070798256679709
1680,144,2001,56.288674312780294
1681,144,2002,61.762052260928265
1682,144,2003,62.49790856192786
1683,144,2004,61.42786246577943
1684,144,2005,62.733480284606244
1685,144,2006,59.22781977249846
1686,144,2007,61.37786021724992
1687,144,2008,62.22452416710854
1688,144,2009,51.285288872838905
1689,144,2010,64.17575730840281
1690,144,2011,54.298306890860836
1691,144,2012,56.29456544291605
1692,144,2013,54.43834996770744
1693,144,2014,59.535604779795065
1694,144,2015,53.88233197561227
1695,144,2016,56.439024865782635
1696,144,2017,66.09877476674883
1697,144,2018,66.44147735161255
1698,144,2019,70.39797458952313
1699,144,2020,55.887285123626334
1700,147,2001,24.87702510267984
1701,147,2002,21.104238919791733
1702,147,2003,19.557399339384872
1703,147,2004,24.074905069432866
1704,147,2005,21.572878503419588
1705,147,2006,19.145259125133602
1706,147,2007,24.697795145196334
1707,147,2008,22.799528904994283
1708,147,2009,22.539738549092345
1709,147,2010,26.199900071605956
1710,147,2011,20.47209976700981
1711,147,2012,25.572287828721628
1712,147,2013,20.603468786126356
1713,147,2014,21.096599312562855
1714,147,2015,19.93462008417513
1715,147,2016,25.3753645606258
1716,147,2017,27.12172882433301
1717,147,2018,17.54589585363636
1718,147,2019,19.559501563164712
1719,147,2020,21.269396141244975
1720,148,2001,1.111228160844561
1721,148,2002,1.0558996208798843
1722,148,2003,0.7935838196196671
1723,148,2004,0.86394831061926
1724,148,2005,0.7935860377065419
1725,148,2006,0.9730743674987613
1726,148,2007,1.084755713213388
1727,148,2008,1.0743715741750977
1728,148,2009,0.9711617351203865
1729,148,2010,0.9731972885174316
1730,148,2011,0.8098148467588638
1731,148,2012,1.081447577316
1732,148,2013,1.0481140604074215
1733,148,2014,1.0168210811935732
1734,148,2015,0.8454956150756502
1735,148,2016,1.0508555786036298
1736,148,2017,0.9611299885693133
1737,148,2018,0.8426614198188715
1738,148,2019,1.0424024111150143
1739,148,2020,0.9731794316293576
1740,150,2001,214.18012627463045
1741,150,2002,246.82532020374316
1742,150,2003,258.2985055211545
1743,150,2004,267.0138440304901
1744,150,2005,207.34654601318948
1745,150,2006,199.4918962849211
1746,150,2007,282.15873936505807
1747,150,2008,241.54647707703177
1748,150,2009,232.1730673211761
1749,150,2010,228.9433292045396
1750,150,2011,232.45570555916782
1751,150,2012,250.58793143500728
1752,150,2013,216.84825289073981
1753,150,2014,235.0749002938399
1754,150,2015,298.1357021929745
1755,150,2016,211.84087594765438
1756,150,2017,237.19920351846812
1757,150,2018,237.94325205034724
1758,150,2019,245.32459919264727
1759,150,2020,217.15542865715108
1760,152,2001,43.57254224551786
1761,152,2002,45.02750467409786
1762,152,2003,44.82157109571897
1763,152,2004,47.170476714040596
1764,152,2005,32.33154126159629
1765,152,2006,47.26522840502352
1766,152,2007,48.786878512454145
1767,152,2008,43.52420161255644
1768,152,2009,44.27573728129376
1769,152,2010,43.19451593663399
1770,152,2011,41.62509857840637
1771,152,2012,44.5559130079294
1772,152,2013,44.0900285762114
1773,152,2014,44.36513067902048
1774,152,2015,41.31684151205022
1775,152,2016,39.327234044262525
1776,152,2017,49.0061002002048
1777,152,2018,47.191887307003434
1778,152,2019,52.3161434239922
1779,152,2020,43.55153860166885
1780,153,2001,259.49667081409507
1781,153,2002,201.98946049509
1782,153,2003,224.87572637623094
1783,153,2004,204.3446687338102
1784,153,2005,214.49018484421208
1785,153,2006,257.18510263460115
1786,153,2007,284.0935110636218
1787,153,2008,304.0500777796525
1788,153,2009,253.8222119545411
1789,153,2010,269.71452997416253
1790,153,2011,271.1676402064534
1791,153,2012,274.5015029408061
1792,153,2013,270.802327137956
1793,153,2014,246.31889119962224
1794,153,2015,233.3565733369032
1795,153,2016,236.93279087197274
1796,153,2017,282.40810831835
1797,153,2018,252.01127633037254
1798,153,2019,218.82865863216728
1799,153,2020,272.71239043612667
1800,155,2001,70.58309077011324
1801,155,2002,72.10806307175551
1802,155,2003,98.70719544700563
1803,155,2004,68.15449848561511
1804,155,2005,83.09953977556131
1805,155,2006,75.51319862362304
1806,155,2007,79.31417962709347
1807,155,2008,86.26218814514343
1808,155,2009,78.77902286163035
1809,155,2010,100.29284934365593
1810,155,2011,69.60212690366451
1811,155,2012,89.20599936476157
1812,155,2013,73.49844906012812
1813,155,2014,72.22329820674337
1814,155,2015,85.88289415768736
1815,155,2016,82.56124099535623
1816,155,2017,74.0979222966646
1817,155,2018,93.46563163612363
1818,155,2019,95.5543241553198
1819,155,2020,92.69785972754532
1820,156,2001,0.016239055386342766
1821,156,2002,0.015599049234745454
1822,156,2003,0.03025121012417324
1823,156,2004,0.020692375433207098
1824,156,2005,0.025779260039852862
1825,156,2006,0.027826214883241527
1826,156,2007,0.027482033075116034
1827,156,2008,0.02251675073727497
1828,156,2009,0.02515866959166648
1829,156,2010,0.01842480777442207
1830,156,2011,0.033039749366828214
1831,156,2012,0.020770083739896163
1832,156,2013,0.023319003813559686
1833,156,2014,0.0230771878567098
1834,156,2015,0.02227090055998815
1835,156,2016,0.021182652789574978
1836,156,2017,0.024263416925096485
1837,156,2018,0.02810036799247856
1838,156,2019,0.03136138356944684
1839,156,2020,0.017461751684630357
1840,159,2001,14.08363364685726
1841,159,2002,12.233107709344326
1842,159,2003,33.289351083727944
1843,159,2004,14.544836374082983
1844,159,2005,23.28699330550859
1845,159,2006,18.03685639491373
1846,159,2007,15.155443525193359
1847,159,2008,17.74879942987879
1848,159,2009,16.470941507933155
1849,159,2010,28.166845319797574
1850,159,2011,13.932987544199163
1851,159,2012,23.25339368323737
1852,159,2013,19.551833590098955
1853,159,2014,13.82372961323301
1854,159,2015,24.03051088725772
1855,159,2016,18.65289922875167
1856,159,2017,12.170488761768755
1857,159,2018,16.656789533818475
1858,159,2019,18.905009084987555
1859,159,2020,18.082064741200025
1860,160,2001,0.3819662827245543
1861,160,2002,0.4432329764786858
1862,160,2003,0.4116705158232524
1863,160,2004,0.4706094549903444
1864,160,2005,0.49941819926628783
1865,160,2006,0.4582472275068861
1866,160,2007,0.4616386415116851
1867,160,2008,0.5103222548481912
1868,160,2009,0.4981009905756141
1869,160,2010,0.3721632556844658
1870,160,2011,0.37060430536281835
1871,160,2012,0.36480410873492863
1872,160,2013,0.4222302607624687
1873,160,2014,0.4836985719015823
1874,160,2015,0.5669778457045207
1875,160,2016,0.39540148237738637
1876,160,2017,0.5028391723808672
1877,160,2018,0.633129917743236
1878,160,2019,0.424332633444482
1879,160,2020,0.5136345469191749
1880,162,2001,414.1658891993602
1881,162,2002,422.10329778013016
1882,162,2003,435.85143313515533
1883,162,2004,437.970039679935
1884,162,2005,427.46800034318665
1885,162,2006,468.1633642984887
1886,162,2007,465.33905791567236
1887,162,2008,504.34567454555474
1888,162,2009,406.7096204807044
1889,162,2010,528.8153552292285
1890,162,2011,394.4172668066598
1891,162,2012,420.49898212162975
1892,162,2013,540.8599937370305
1893,162,2014,486.54101728722065
1894,162,2015,496.4405615783838
1895,162,2016,462.82841848593864
1896,162,2017,458.90535976663625
1897,162,2018,475.11271890166563
1898,162,2019,417.1907127803759
1899,162,2020,421.1486506427916
1900,167,2001,145.08645816192174
1901,167,2002,145.31857851645674
1902,167,2003,193.9580677394245
1903,167,2004,145.08416807356218
1904,167,2005,141.3793234301044
1905,167,2006,141.7423850128944
1906,167,2007,141.57965746807912
1907,167,2008,156.06190151211794
1908,167,2009,137.54913553885828
1909,167,2010,155.07008741852667
1910,167,2011,147.2176710535376
1911,167,2012,171.09932215025384
1912,167,2013,158.53774044364405
1913,167,2014,146.03316776596947
1914,167,2015,154.16240613393404
1915,167,2016,181.16747465605482
1916,167,2017,131.27309118509615
1917,167,2018,176.6486844563162
1918,167,2019,154.77043237664023
1919,167,2020,165.9847713809936
1920,2647,2001,8.088675493884937
1921,2647,2002,7.784599665967812
1922,2647,2003,7.066392245710561
1923,2647,2004,9.674284542069444
1924,2647,2005,9.05951615642837
1925,2647,2006,7.059481615211677
1926,2647,2007,7.426657432796182
1927,2647,2008,7.414697013078756
1928,2647,2009,9.215172540399255
1929,2647,2010,11.112232295710918
1930,2647,2011,4.943590109805553
1931,2647,2012,7.360326086872474
1932,2647,2013,9.017569102228471
1933,2647,2014,8.966572019128137
1934,2647,2015,6.111338135515014
1935,2647,2016,9.084397541464316
1936,2647,2017,7.2201900528226926
1937,2647,2018,8.63536645848337
1938,2647,2019,8.033638227576787
1939,2647,2020,7.438594638203415
1940,169,2001,22.991429979821522
1941,169,2002,39.02900135509744
1942,169,2003,43.18307373972855
1943,169,2004,32.90065332921594
1944,169,2005,26.15136689165223
1945,169,2006,41.93750653884673
1946,169,2007,30.269849369316333
1947,169,2008,44.449112699244445
1948,169,2009,46.29230176305597
1949,169,2010,56.54641637873929
1950,169,2011,42.31682824913494
1951,169,2012,35.1103181481098
1952,169,2013,33.95522383383123
1953,169,2014,46.282985256331045
1954,169,2015,33.93474026053665
1955,169,2016,36.562261638055844
1956,169,2017,23.818009338721094
1957,169,2018,52.63608852133747
1958,169,2019,27.856244503840056
1959,169,2020,27.723987088857022
1960,170,2001,225.2320122717446
1961,170,2002,166.87692052129233
1962,170,2003,203.00693581720404
1963,170,2004,204.66898263140413
1964,170,2005,144.7715498907341
1965,170,2006,193.97811575237802
1966,170,2007,227.79057871635678
1967,170,2008,180.59979144191473
1968,170,2009,176.98925888631925
1969,170,2010,192.39898405545455
1970,170,2011,177.75405028336363
1971,170,2012,181.07615291088172
1972,170,2013,195.61600053120083
1973,170,2014,207.48636310142476
1974,170,2015,187.2228839137959
1975,170,2016,165.7792223822345
1976,170,2017,220.4513609006691
1977,170,2018,190.6200884020687
1978,170,2019,222.61206722328626
1979,170,2020,173.2935663569752
1980,171,2001,436.3813647974925
1981,171,2002,441.11618121774063
1982,171,2003,423.0885402349873
1983,171,2004,440.7340044693826
1984,171,2005,410.2478994310567
1985,171,2006,430.68280692263573
1986,171,2007,477.34465618947377
1987,171,2008,477.4625749938924
1988,171,2009,425.78779215027447
1989,171,2010,426.1793705358767
1990,171,2011,471.9529713354659
1991,171,2012,441.4595023724301
1992,171,2013,436.2446191209857
1993,171,2014,381.16071730069007
1994,171,2015,435.10996047613804
1995,171,2016,427.45749730922563
1996,171,2017,444.4258313611044
1997,171,2018,457.93119415691547
1998,171,2019,382.8766801622653
1999,171,2020,391.73573404170816
2000,172,2001,93.63422482168455
2001,172,2002,73.635112402963
2002,172,2003,64.61547407750969
2003,172,2004,91.63430518303086
2004,172,2005,78.42644436963845
2005,172,2006,137.2816031515094
2006,172,2007,44.32768476541577
2007,172,2008,102.72022564226808
2008,172,2009,101.05386971601021
2009,172,2010,98.6716935395874
2010,172,2011,153.27338299581842
2011,172,2012,95.06964206663322
2012,172,2013,54.78073746593202
2013,172,2014,88.51261427867777
2014,172,2015,53.91878263371361
2015,172,2016,56.736430838669094
2016,172,2017,99.65692775865024
2017,172,2018,67.20888621586823
2018,172,2019,43.920863997738955
2019,172,2020,84.61389786979986
2020,175,2001,82.4120046291624
2021,175,2002,90.57529444525973
2022,175,2003,96.55691718068347
2023,175,2004,84.18369070306264
2024,175,2005,79.5421227843462
2025,175,2006,77.40410302446585
2026,175,2007,107.10997094930498
2027,175,2008,94.82353346384674
2028,175,2009,80.97572409527429
2029,175,2010,95.00788974707606
2030,175,2011,98.32374734982156
2031,175,2012,87.48767926182381
2032,175,2013,99.13243608000133
2033,175,2014,86.11325835387211
2034,175,2015,81.29180737511663
2035,175,2016,95.14316141997307
2036,175,2017,91.69736296433986
2037,175,2018,94.3821072638869
2038,175,2019,98.1542319343207
2039,175,2020,109.71470757986445
2040,177,2001,14.553828249697665
2041,177,2002,14.189909193413378
2042,177,2003,9.670701805459899
2043,177,2004,12.87024792107577
2044,177,2005,11.631955711609734
2045,177,2006,11.97333333238964
2046,177,2007,14.113208301994637
2047,177,2008,12.725576505654862
2048,177,2009,11.839701360190128
2049,177,2010,12.173621804561199
2050,177,2011,11.819843305477395
2051,177,2012,14.052625361588749
2052,177,2013,11.608495075549015
2053,177,2014,12.797441020540429
2054,177,2015,12.60638654848926
2055,177,2016,11.641859753057966
2056,177,2017,13.148897341904952
2057,177,2018,9.721302858180714
2058,177,2019,12.44576332738496
2059,177,2020,12.189850628792662
2060,178,2001,6.391064953711156
2061,178,2002,6.3093846796787165
2062,178,2003,5.594391292274536
2063,178,2004,5.649619215923263
2064,178,2005,6.647968203425491
2065,178,2006,5.775400572294756
2066,178,2007,5.965399709298304
2067,178,2008,7.983071310225644
2068,178,2009,8.090081900935472
2069,178,2010,5.4248996602320245
2070,178,2011,9.802060676327324
2071,178,2012,8.053685034410778
2072,178,2013,8.241752459684156
2073,178,2014,5.990423772660068
2074,178,2015,6.1915237748937395
2075,178,2016,5.8922290304258995
2076,178,2017,5.792006586349196
2077,178,2018,7.408504053833594
2078,178,2019,4.579910247600108
2079,178,2020,6.53965587776535
2080,179,2001,135.35543907182566
2081,179,2002,145.6076912881371
2082,179,2003,135.74791102498074
2083,179,2004,163.26766147445906
2084,179,2005,124.51633479366369
2085,179,2006,152.3943290479702
2086,179,2007,128.09600754394305
2087,179,2008,139.742636902021
2088,179,2009,138.78407308932987
2089,179,2010,154.4059123880356
2090,179,2011,149.43984595968504
2091,179,2012,142.8871298366385
2092,179,2013,144.24843068014079
2093,179,2014,142.70076231970765
2094,179,2015,136.8487685629927
2095,179,2016,156.53854625502214
2096,179,2017,144.42828984959485
2097,179,2018,161.30764564911067
2098,179,2019,151.03415384698675
2099,179,2020,133.6524720121681
2100,180,2001,51.15820829243475
2101,180,2002,56.28719007778115
2102,180,2003,55.30473984574878
2103,180,2004,57.685271697474185
2104,180,2005,67.22448586502504
2105,180,2006,56.92219767154057
2106,180,2007,62.58778996151799
2107,180,2008,66.11577905533238
2108,180,2009,58.10118929032926
2109,180,2010,73.034882365768
2110,180,2011,62.94617722357643
2111,180,2012,55.634188638898856
2112,180,2013,63.423010443455695
2113,180,2014,59.77415332766866
2114,180,2015,57.31531699838475
2115,180,2016,66.33547245425297
2116,180,2017,72.18064299076667
2117,180,2018,60.75485729906495
2118,180,2019,56.05961011103837
2119,180,2020,77.77830307987635
2120,182,2001,242.15997721316015
2121,182,2002,255.36588743277844
2122,182,2003,245.0050787794282
2123,182,2004,242.19659753681367
2124,182,2005,240.18371218545542
2125,182,2006,244.5700539886398
2126,182,2007,252.168279587696
2127,182,2008,263.61537207349056
2128,182,2009,251.53132839999412
2129,182,2010,273.990994853763
2130,182,2011,239.36714268547613
2131,182,2012,290.06975134119847
2132,182,2013,255.78652529349202
2133,182,2014,285.5736130738377
2134,182,2015,250.07761824436383
2135,182,2016,285.93567779760417
2136,182,2017,255.43631328670898
2137,182,2018,263.13115659394106
2138,182,2019,306.8037243416099
2139,182,2020,243.55425016752332
2140,241,2001,6.159599735877471
2141,241,2002,7.419586384198508
2142,241,2003,6.533845791512392
2143,241,2004,7.181196350071664
2144,241,2005,7.518570466441506
2145,241,2006,6.998486834172578
2146,241,2007,6.566866491420995
2147,241,2008,5.239827476982085
2148,241,2009,8.579621198609283
2149,241,2010,8.438922913825257
2150,241,2011,4.771156823486113
2151,241,2012,6.57811026513201
2152,241,2013,6.692810886765448
2153,241,2014,8.66275823478763
2154,241,2015,7.055155340446992
2155,241,2016,6.959140514347452
2156,241,2017,6.682075733637159
2157,241,2018,7.9657772335727755
2158,241,2019,6.1638033484409736
2159,241,2020,6.759335042176842
2160,186,2001,229.87817938801683
2161,186,2002,207.045545612244
2162,186,2003,230.38686425461918
2163,186,2004,244.191606447902
2164,186,2005,255.1152129993975
2165,186,2006,238.36255631783115
2166,186,2007,257.8834214649646
2167,186,2008,233.75184491066167
2168,186,2009,224.4172214320903
2169,186,2010,202.4599795865421
2170,186,2011,283.90175621970644
2171,186,2012,245.383217566962
2172,186,2013,246.08274723953676
2173,186,2014,233.77510468611473
2174,186,2015,284.17956349015407
2175,186,2016,228.83305623096396
2176,186,2017,263.84046526073496
2177,186,2018,223.3295576219722
2178,186,2019,248.03212042928288
2179,186,2020,286.94314963487494
2180,187,2001,0.6813065504164426
2181,187,2002,3.0495782680304453
2182,187,2003,3.099886943135358
2183,187,2004,2.7445515933266567
2184,187,2005,2.8399014808809815
2185,187,2006,4.247669479312161
2186,187,2007,6.813464483228318
2187,187,2008,1.8781992038372433
2188,187,2009,2.5202413181710006
2189,187,2010,4.224877868051722
2190,187,2011,6.93529494889527
2191,187,2012,2.0162644734832686
2192,187,2013,3.8771956443604463
2193,187,2014,2.24356731007464
2194,187,2015,2.448696340132921
2195,187,2016,3.2958210817258773
2196,187,2017,1.99166048494174
2197,187,2018,6.344398360443903
2198,187,2019,4.212138545736288
2199,187,2020,8.101316188610227
2200,188,2001,76.18356642891
2201,188,2002,58.81932379584085
2202,188,2003,95.70847291775274
2203,188,2004,67.31466793567228
2204,188,2005,95.79421395894859
2205,188,2006,106.74264798657245
2206,188,2007,106.25281964881947
2207,188,2008,98.22776898511512
2208,188,2009,73.52059147387806
2209,188,2010,106.33591037879991
2210,188,2011,110.6263319349316
2211,188,2012,88.87565678661302
2212,188,2013,101.85594443450968
2213,188,2014,79.16614358285482
2214,188,2015,108.32204934246803
2215,188,2016,76.49462940823742
2216,188,2017,83.59060048117433
2217,188,2018,59.66649812247608
2218,188,2019,112.85391731224932
2219,188,2020,110.75871624153123
2220,191,2001,56.27231398578521
2221,191,2002,53.111387228255595
2222,191,2003,62.39637954140574
2223,191,2004,59.031670417331426
2224,191,2005,64.64484700177593
2225,191,2006,60.59880564036952
2226,191,2007,69.26891139538677
2227,191,2008,66.98200623937316
2228,191,2009,59.99789538131047
2229,191,2010,77.40158523465455
2230,191,2011,70.20457098499833
2231,191,2012,58.8784101626995
2232,191,2013,55.47534190099425
2233,191,2014,57.099347894898294
2234,191,2015,55.128841010400585
2235,191,2016,60.74160259016991
2236,191,2017,58.71626785097696
2237,191,2018,56.860284989297014
2238,191,2019,49.336120986578464
2239,191,2020,59.633449816386396
2240,192,2001,463.2730465085828
2241,192,2002,402.4129855647061
2242,192,2003,456.23363836704954
2243,192,2004,424.1284996415249
2244,192,2005,480.7901653060331
2245,192,2006,488.82006138356996
2246,192,2007,492.22472532672896
2247,192,2008,486.4419214853347
2248,192,2009,487.1354958902525
2249,192,2010,483.4584612893284
2250,192,2011,520.2563825645271
2251,192,2012,521.300852848776
2252,192,2013,543.1624808506099
2253,192,2014,523.9244359058347
2254,192,2015,426.9524934481107
2255,192,2016,555.872924544221
2256,192,2017,570.5439892923436
2257,192,2018,500.93421809732325
2258,192,2019,516.3003209527893
2259,192,2020,559.1561507225242
2260,194,2001,162.78831821513396
2261,194,2002,142.73027732937717
2262,194,2003,152.11571402241407
2263,194,2004,136.903074087961
2264,194,2005,146.14880332314618
2265,194,2006,149.44082784206375
2266,194,2007,147.36866804745847
2267,194,2008,150.69010543656347
2268,194,2009,149.8244531387226
2269,194,2010,145.70316071264517
2270,194,2011,148.9952501471864
2271,194,2012,141.87080220155008
2272,194,2013,141.8001096876954
2273,194,2014,177.97998078046916
2274,194,2015,195.27889899701324
2275,194,2016,157.3667910615769
2276,194,2017,169.00095670890624
2277,194,2018,158.5925056110503
2278,194,2019,149.3524171823756
2279,194,2020,108.95594070012146
2280,195,2001,728.628857406868
2281,195,2002,737.3297639197958
2282,195,2003,713.0912337556634
2283,195,2004,694.4695907949534
2284,195,2005,666.7796799243733
2285,195,2006,711.5367458234329
2286,195,2007,721.1258352975809
2287,195,2008,739.4135085227591
2288,195,2009,801.8514750803937
2289,195,2010,679.4915776940693
2290,195,2011,751.9599607743893
2291,195,2012,793.597228149507
2292,195,2013,773.1333795103698
2293,195,2014,792.9565631543754
2294,195,2015,792.1182527974913
2295,195,2016,718.5165194542953
2296,195,2017,825.0328961774649
2297,195,2018,771.6157971496958
2298,195,2019,827.058718087099
2299,195,2020,702.0343022405299
2300,196,2001,198.633673758207
2301,196,2002,162.5751663687095
2302,196,2003,176.04379430911834
2303,196,2004,166.95883822930026
2304,196,2005,185.49736638691377
2305,196,2006,192.9767509459004
2306,196,2007,193.20180744352282
2307,196,2008,226.6563489367824
2308,196,2009,219.78318032956335
2309,196,2010,186.34147582283856
2310,196,2011,249.77214147786108
2311,196,2012,213.4068827535258
2312,196,2013,222.55004096587245
2313,196,2014,215.53848856524746
2314,196,2015,172.45143105454503
2315,196,2016,201.5319905060711
2316,196,2017,242.06811326509774
2317,196,2018,192.15397579012773
2318,196,2019,169.31577422697197
2319,196,2020,210.09543442926676
2320,198,2001,115.40833907834357
2321,198,2002,102.92787375368688
2322,198,2003,78.95013728532601
2323,198,2004,97.43574118301369
2324,198,2005,91.5607737383827
2325,198,2006,91.72369462246597
2326,198,2007,108.52242615322645
2327,198,2008,98.81403179429597
2328,198,2009,103.24410649932503
2329,198,2010,126.3592892997978
2330,198,2011,89.86688018476772
2331,198,2012,98.73750618792954
2332,198,2013,101.47754638881456
2333,198,2014,98.6167486146944
2334,198,2015,80.81520909940765
2335,198,2016,107.19792182111306
2336,198,2017,122.97551088782427
2337,198,2018,83.61653648530842
2338,198,2019,90.06960185832746
2339,198,2020,103.4875598058019
2340,199,2001,29.30283037760189
2341,199,2002,28.21256174836566
2342,199,2003,27.07723599129676
2343,199,2004,17.294231764247442
2344,199,2005,16.723707646642723
2345,199,2006,28.04829748056556
2346,199,2007,17.248821169144083
2347,199,2008,20.937625599421924
2348,199,2009,24.890975880400063
2349,199,2010,31.765871975883663
2350,199,2011,22.83465337640223
2351,199,2012,19.042156888765312
2352,199,2013,26.51049432188107
2353,199,2014,31.38695601904356
2354,199,2015,17.033899381629933
2355,199,2016,27.001285925946807
2356,199,2017,15.553116605750635
2357,199,2018,27.14488419011468
2358,199,2019,21.211011740553545
2359,199,2020,21.47297143522733
2360,202,2001,31.961793397855022
2361,202,2002,42.75143486060097
2362,202,2003,52.09546760880246
2363,202,2004,38.502277753337935
2364,202,2005,33.9194230464192
2365,202,2006,38.58535235703401
2366,202,2007,42.41309447449149
2367,202,2008,27.2471199187705
2368,202,2009,33.99166355306532
2369,202,2010,37.70933583463641
2370,202,2011,43.75515163102743
2371,202,2012,43.46345371657759
2372,202,2013,33.525453861256935
2373,202,2014,33.079072751854966
2374,202,2015,29.517606620097265
2375,202,2016,37.324158791907955
2376,202,2017,28.161559535621645
2377,202,2018,38.87727203014968
2378,202,2019,36.06960446740531
2379,202,2020,46.18852122684648
2380,203,2001,77.76940928741496
2381,203,2002,73.25349048227487
2382,203,2003,60.48456262134461
2383,203,2004,76.97396473150644
2384,203,2005,94.88114993458628
2385,203,2006,74.8597695599116
2386,203,2007,72.79457034101326
2387,203,2008,68.23138207969565
2388,203,2009,67.74033593400232
2389,203,2010,88.61234125092908
2390,203,2011,53.09108529297137
2391,203,2012,65.47767267855681
2392,203,2013,72.75734582380241
2393,203,2014,81.86138352675
2394,203,2015,66.2707796883466
2395,203,2016,81.50574711858734
2396,203,2017,68.65076941669791
2397,203,2018,72.5022810449445
2398,203,2019,63.38582869052791
2399,203,2020,69.45648816944106
2400,205,2001,10.495992337425651
2401,205,2002,9.898469546996408
2402,205,2003,7.921977782180035
2403,205,2004,8.881292063922757
2404,205,2005,8.903520319974135
2405,205,2006,11.382885288450293
2406,205,2007,9.372068325698189
2407,205,2008,8.711270169531653
2408,205,2009,10.063129329291264
2409,205,2010,10.016729728621815
2410,205,2011,11.306576074819677
2411,205,2012,10.972987609636938
2412,205,2013,10.338197686496319
2413,205,2014,8.957188914774932
2414,205,2015,10.243789324942986
2415,205,2016,8.434111621172393
2416,205,2017,8.664150510287431
2417,205,2018,11.651371099058888
2418,205,2019,10.430083836918369
2419,205,2020,11.629592741693191
2420,211,2001,0.033906086794082045
2421,211,2002,0.032981957860231115
2422,211,2003,0.03565166619467823
2423,211,2004,0.04801728778303703
2424,211,2005,0.05182245780304128
2425,211,2006,0.037249343033547086
2426,211,2007,0.038738223623048657
2427,211,2008,0.03883626879166522
2428,211,2009,0.03252300598834314
2429,211,2010,0.05307215108137941
2430,211,2011,0.05123528565621547
2431,211,2012,0.03940168738139681
2432,211,2013,0.03761256595962594
2433,211,2014,0.028554288385249475
2434,211,2015,0.025380614490820654
2435,211,2016,0.038058226750016654
2436,211,2017,0.04430560699939392
2437,211,2018,0.03390555729535048
2438,211,2019,0.02934561198260861
2439,211,2020,0.034715682593242474
2440,212,2001,1.4454693573671176
2441,212,2002,1.3042158170728486
2442,212,2003,1.4999445317569176
2443,212,2004,1.3108066235832434
2444,212,2005,1.3674538852414924
2445,212,2006,1.7493612598609347
2446,212,2007,1.5796756011337025
2447,212,2008,1.3166931273714495
2448,212,2009,1.1935408518584976
2449,212,2010,1.3319391736212172
2450,212,2011,1.2243625835137801
2451,212,2012,1.4971580202077663
2452,212,2013,1.3996720040133426
2453,212,2014,1.4327181431885607
2454,212,2015,1.3909733709157692
2455,212,2016,1.2189806582980203
2456,212,2017,1.6737848530682031
2457,212,2018,1.6243440385217784
2458,212,2019,1.4520490399547077
2459,212,2020,1.9988504230889292
2460,214,2001,0.31266501966645266
2461,214,2002,0.3416686777747475
2462,214,2003,0.45359764377302
2463,214,2004,0.2902243001575164
2464,214,2005,0.2530600318281028
2465,214,2006,0.372491216222828
2466,214,2007,0.5445861250618307
2467,214,2008,0.4063869110479011
2468,214,2009,0.4032730178988334
2469,214,2010,0.2532887330008358
2470,214,2011,0.2920005407880884
2471,214,2012,0.42054854930148117
2472,214,2013,0.2904251951790871
2473,214,2014,0.37561033429208013
2474,214,2015,0.28265525204072794
2475,214,2016,0.39933905967061534
2476,214,2017,0.32359152806192937
2477,214,2018,0.4054095943178601
2478,214,2019,0.3649807745197218
2479,214,2020,0.3807080966611216
2480,215,2001,28.04229762150179
2481,215,2002,37.692271459907005
2482,215,2003,32.49548277884
2483,215,2004,38.975960461054115
2484,215,2005,38.22886577027835
2485,215,2006,40.628298556948536
2486,215,2007,22.52942183323711
2487,215,2008,28.933767739330435
2488,215,2009,28.124417947477667
2489,215,2010,22.977029273502218
2490,215,2011,26.54463113760745
2491,215,2012,22.0533871986808
2492,215,2013,43.29978950606275
2493,215,2014,26.979917958454788
2494,215,2015,34.675946540852244
2495,215,2016,36.08716538553772
2496,215,2017,27.908222377730567
2497,215,2018,51.73288718187464
2498,215,2019,39.02017578626764
2499,215,2020,28.589664023923206
2500,217,2001,25.74036457345742
2501,217,2002,20.611179574710885
2502,217,2003,30.672390414996087
2503,217,2004,20.109911312232136
2504,217,2005,23.359713100721336
2505,217,2006,20.52894568062067
2506,217,2007,24.27009682314377
2507,217,2008,30.79472695212242
2508,217,2009,28.735982555674696
2509,217,2010,32.23140743894477
2510,217,2011,22.48908299253226
2511,217,2012,30.733720946798087
2512,217,2013,26.903094798848482
2513,217,2014,19.799505300843983
2514,217,2015,28.653573673535917
2515,217,2016,26.284953845671406
2516,217,2017,23.770948559476484
2517,217,2018,26.63291701281292
2518,217,2019,24.13884999664967
2519,217,2020,36.766767936490645
2520,2648,2001,28.995079330896534
2521,2648,2002,26.03550934046055
2522,2648,2003,21.544927182907
2523,2648,2004,28.50719030743061
2524,2648,2005,30.992158211311647
2525,2648,2006,26.23429752089138
2526,2648,2007,26.45206005493001
2527,2648,2008,21.997078225203424
2528,2648,2009,29.408126018023555
2529,2648,2010,31.245385548762457
2530,2648,2011,16.93806350568464
2531,2648,2012,22.568725962436258
2532,2648,2013,24.117046332095516
2533,2648,2014,35.373788084168034
2534,2648,2015,23.658985452539902
2535,2648,2016,29.702769111301077
2536,2648,2017,22.52688055994664
2537,2648,2018,29.53057219867384
2538,2648,2019,23.87389106110572
2539,2648,2020,25.159379741921516
2540,221,2001,45.95535467129012
2541,221,2002,48.10191841559441
2542,221,2003,51.09427690837876
2543,221,2004,48.4679834569938
2544,221,2005,50.3833621582906
2545,221,2006,45.37967789156903
2546,221,2007,50.11618940464357
2547,221,2008,46.48440893807659
2548,221,2009,43.14187542688509
2549,221,2010,48.303752512045065
2550,221,2011,44.84985104250135
2551,221,2012,51.30365859299137
2552,221,2013,43.026394900493955
2553,221,2014,46.63071536373726
2554,221,2015,43.33379903920947
2555,221,2016,51.59594420724198
2556,221,2017,49.69718039404324
2557,221,2018,51.27402699035355
2558,221,2019,56.96336884852645
2559,221,2020,50.17837990453761
2560,223,2001,17.374015831894983
2561,223,2002,16.338902713692995
2562,223,2003,11.850623057314797
2563,223,2004,17.288189879090307
2564,223,2005,18.702914548972977
2565,223,2006,15.574362069775717
2566,223,2007,16.5437832727637
2567,223,2008,16.357392644454873
2568,223,2009,16.801258360483388
2569,223,2010,23.10962808061005
2570,223,2011,13.339915788765765
2571,223,2012,14.961631925610487
2572,223,2013,17.003574757002326
2573,223,2014,18.724217320827268
2574,223,2015,14.299105756685254
2575,223,2016,17.97791545358838
2576,223,2017,17.290373758107055
2577,223,2018,14.848566285416425
2578,223,2019,16.816970356543827
2579,223,2020,18.920599923007345
2580,224,2001,9.390488555712219
2581,224,2002,10.17080616629301
2582,224,2003,7.514612128181661
2583,224,2004,10.844660160962137
2584,224,2005,9.406436490873244
2585,224,2006,8.883418093696827
2586,224,2007,9.305343718296134
2587,224,2008,10.77899955828575
2588,224,2009,10.297788803645894
2589,224,2010,11.650830478904394
2590,224,2011,6.847391897790122
2591,224,2012,9.687009823750705
2592,224,2013,10.898511650525638
2593,224,2014,13.350083921416582
2594,224,2015,8.678808449920664
2595,224,2016,11.06725510029098
2596,224,2017,10.87146526145372
2597,224,2018,10.257215582002376
2598,224,2019,11.108508478167227
2599,224,2020,9.730118080162534
2600,225,2001,22.04084015237441
2601,225,2002,23.033945025322105
2602,225,2003,20.2560502971564
2603,225,2004,24.71870851084121
2604,225,2005,21.477199090308172
2605,225,2006,25.61250470793463
2606,225,2007,22.51154537553099
2607,225,2008,21.60914649547926
2608,225,2009,23.057997435232323
2609,225,2010,21.629249209629386
2610,225,2011,19.840245669593738
2611,225,2012,24.272903508334267
2612,225,2013,26.072805108217462
2613,225,2014,24.43155724486952
2614,225,2015,23.691558276203207
2615,225,2016,25.132887117323456
2616,225,2017,25.083083973737505
2617,225,2018,26.014796615942622
2618,225,2019,24.319758016100856
2619,225,2020,25.02562535422935
2620,226,2001,42.78494224734662
2621,226,2002,55.02945555648933
2622,226,2003,46.6574881663959
2623,226,2004,58.10142341729952
2624,226,2005,40.51958500003836
2625,226,2006,65.40835116092549
2626,226,2007,42.263675117107795
2627,226,2008,38.26404306749561
2628,226,2009,40.765029837590895
2629,226,2010,39.19447086959916
2630,226,2011,50.9829312778161
2631,226,2012,46.57434605984422
2632,226,2013,64.36135826684823
2633,226,2014,39.3934940206404
2634,226,2015,61.38565324893849
2635,226,2016,34.35338824717014
2636,226,2017,38.314372088619514
2637,226,2018,56.79530129261757
2638,226,2019,66.19932639815664
2639,226,2020,52.19511407807035
2640,227,2001,246.27702932597848
2641,227,2002,183.59490845726427
2642,227,2003,156.24310018288998
2643,227,2004,202.4371524436189
2644,227,2005,188.49684238423933
2645,227,2006,255.72274735523993
2646,227,2007,168.09098432349404
2647,227,2008,173.92660466253068
2648,227,2009,201.93870746971663
2649,227,2010,207.8326538335743
2650,227,2011,229.6293775753968
2651,227,2012,196.53173921929903
2652,227,2013,173.72645799989417
2653,227,2014,198.15796091648616
2654,227,2015,136.22872861749727
2655,227,2016,166.4815529927434
2656,227,2017,181.81900453573562
2657,227,2018,153.2314249656847
2658,227,2019,148.7876164296417
2659,227,2020,193.70414555058895
2660,229,2001,113.40083127154224
2661,229,2002,121.07867506405339
2662,229,2003,131.52473378395214
2663,229,2004,103.8538022297349
2664,229,2005,83.62298307087494
2665,229,2006,116.31217553742727
2666,229,2007,102.51218232752552
2667,229,2008,124.58812858477945
2668,229,2009,113.32369026046966
2669,229,2010,143.35453251975474
2670,229,2011,100.95183799685687
2671,229,2012,101.0508104918764
2672,229,2013,129.36186701716238
2673,229,2014,126.03913554854914
2674,229,2015,95.96546093650511
2675,229,2016,124.41680709828961
2676,229,2017,87.68323785272723
2677,229,2018,146.574073052987
2678,229,2019,109.98062509481203
2679,229,2020,118.93670302912079
2680,231,2001,27.0760324185629
2681,231,2002,29.47089200883606
2682,231,2003,28.040915623256375
2683,231,2004,30.28085908026295
2684,231,2005,28.05870420022843
2685,231,2006,32.85892725678415
2686,231,2007,28.846982441082936
2687,231,2008,35.697114507139645
2688,231,2009,29.475250511070843
2689,231,2010,37.856118707664294
2690,231,2011,39.99249467818064
2691,231,2012,29.699860722479627
2692,231,2013,29.41690611951267
2693,231,2014,38.548556544985146
2694,231,2015,38.13620715460787
2695,231,2016,23.576480683320984
2696,231,2017,29.443823836893625
2697,231,2018,33.679273252494205
2698,231,2019,29.241491185268682
2699,231,2020,26.766611200506674
2700,233,2001,57.98007429717233
2701,233,2002,64.77331496519724
2702,233,2003,57.587230398902285
2703,233,2004,62.14290331040263
2704,233,2005,70.12809990320788
2705,233,2006,78.55800521658203
2706,233,2007,77.19082425976302
2707,233,2008,80.98241611269194
2708,233,2009,54.984028233096026
2709,233,2010,88.23193364281168
2710,233,2011,81.45918976502243
2711,233,2012,78.194202377196
2712,233,2013,81.49305791114963
2713,233,2014,60.15518745947677
2714,233,2015,65.63579505995096
2715,233,2016,79.11691515291045
2716,233,2017,88.78934104096885
2717,233,2018,91.08370872728055
2718,233,2019,71.80626355214484
2719,233,2020,84.53936976162164
2720,236,2001,211.32565002327772
2721,236,2002,177.30788671124782
2722,236,2003,181.45716732135972
2723,236,2004,200.2471092500407
2724,236,2005,199.66259270896379
2725,236,2006,209.25887874182644
2726,236,2007,197.28129207758755
2727,236,2008,204.8571624837673
2728,236,2009,200.01661557023942
2729,236,2010,194.38168081550418
2730,236,2011,224.7393239264891
2731,236,2012,236.85837875890945
2732,236,2013,188.38559107815598
2733,236,2014,199.9036505419056
2734,236,2015,229.21777918910828
2735,236,2016,190.23042608281165
2736,236,2017,213.05981676740953
2737,236,2018,164.3164837805333
2738,236,2019,217.64660672234928
2739,236,2020,220.9234953701259
2740,237,2001,29.066714578921555
2741,237,2002,29.687235272200063
2742,237,2003,19.267670779997612
2743,237,2004,23.284517545605848
2744,237,2005,21.834386608022278
2745,237,2006,24.36331368823121
2746,237,2007,26.19952897736242
2747,237,2008,26.906658941727592
2748,237,2009,24.554953755794934
2749,237,2010,26.10869193073591
2750,237,2011,22.688840873189598
2751,237,2012,28.17344997446287
2752,237,2013,26.536275075550723
2753,237,2014,26.542444182200054
2754,237,2015,22.79666566859836
2755,237,2016,27.278532326428394
2756,237,2017,25.454866485024738
2757,237,2018,23.707188513002986
2758,237,2019,27.243087616893423
2759,237,2020,24.25603653499369
2760,240,2001,239.81214874225668
2761,240,2002,246.80661427631352
2762,240,2003,209.58119934441822
2763,240,2004,197.6064629399505
2764,240,2005,226.56910105140088
2765,240,2006,238.7049777193108
2766,240,2007,245.99314482442307
2767,240,2008,251.47352177004393
2768,240,2009,229.23805322932054
2769,240,2010,233.47534396233578
2770,240,2011,271.86394083704835
2771,240,2012,228.61141838327427
2772,240,2013,236.58152444707264
2773,240,2014,209.52748341574545
2774,240,2015,208.43795719856516
2775,240,2016,223.88300259174758
2776,240,2017,265.3275254895056
2777,240,2018,245.26548414122354
2778,240,2019,199.79984564097742
2779,240,2020,209.99307080822962
2780,242,2001,7.405727632774347
2781,242,2002,4.810202711225289
2782,242,2003,5.584347573689983
2783,242,2004,5.93526212996623
2784,242,2005,5.138688243824792
2785,242,2006,7.1150383564966555
2786,242,2007,6.162390495343452
2787,242,2008,6.514156899785666
2788,242,2009,5.571761119579237
2789,242,2010,8.492890677035454
2790,242,2011,7.102408936949823
2791,242,2012,6.279911901908343
2792,242,2013,8.135386551136627
2793,242,2014,5.276137455584885
2794,242,2015,4.844886297652793
2795,242,2016,6.584166334348008
2796,242,2017,7.290505748073893
2797,242,2018,5.833613559671534
2798,242,2019,5.2223150198836485
2799,242,2020,6.365160234262186
2800,243,2001,16.12119974209805
2801,243,2002,21.103134328761545
2802,243,2003,19.79320866807958
2803,243,2004,18.503804562657436
2804,243,2005,17.48283444975918
2805,243,2006,19.180175935620518
2806,243,2007,19.25788473536499
2807,243,2008,17.921662296817978
2808,243,2009,18.60399615608101
2809,243,2010,20.276990478659215
2810,243,2011,17.907541796029516
2811,243,2012,21.411211328120917
2812,243,2013,18.04506881507282
2813,243,2014,21.020257494448153
2814,243,2015,18.238610541131262
2815,243,2016,22.101934917754075
2816,243,2017,19.500545938161643
2817,243,2018,21.90621906564344
2818,243,2019,22.33774274714732
2819,243,2020,17.370466347971153
2820,246,2001,1.8320573837735972
2821,246,2002,1.8973700076482516
2822,246,2003,1.7789537240614495
2823,246,2004,2.1244054065702827
2824,246,2005,2.254048592561667
2825,246,2006,1.7420668378973985
2826,246,2007,2.073740141800358
2827,246,2008,1.9421747102938716
2828,246,2009,1.718724451380757
2829,246,2010,2.214305616559684
2830,246,2011,2.4658529623675145
2831,246,2012,2.202731027819823
2832,246,2013,1.8212783932489003
2833,246,2014,1.6543982707410934
2834,246,2015,1.4011665579367203
2835,246,2016,1.6651180001901782
2836,246,2017,2.140225845066364
2837,246,2018,1.8649223123231622
2838,246,2019,1.6191426358325463
2839,246,2020,1.6511242769664807
2840,248,2001,6.424914108284301
2841,248,2002,8.665334805324463
2842,248,2003,16.069208927869646
2843,248,2004,11.685811621194414
2844,248,2005,10.873282490379559
2845,248,2006,10.898674945279781
2846,248,2007,11.859191955283809
2847,248,2008,8.241064732572202
2848,248,2009,13.8526445904313
2849,248,2010,9.352563035457216
2850,248,2011,11.90293860799924
2851,248,2012,10.120420698195337
2852,248,2013,8.927094546044133
2853,248,2014,9.809620769421892
2854,248,2015,9.296808454703854
2855,248,2016,9.242852003429414
2856,248,2017,9.988892120128902
2857,248,2018,10.318098252029829
2858,248,2019,11.378178029390467
2859,248,2020,9.244456359675553
2860,249,2001,192.01433612851815
2861,249,2002,178.97635272445726
2862,249,2003,188.89487377372208
2863,249,2004,175.15834835704726
2864,249,2005,192.64733108141385
2865,249,2006,182.28814709473815
2866,249,2007,171.83946904079806
2867,249,2008,144.18384522296685
2868,249,2009,220.0559934621844
2869,249,2010,202.36007262082947
2870,249,2011,191.0095419701801
2871,249,2012,206.36847002380574
2872,249,2013,160.68006037738937
2873,249,2014,187.22764795590527
2874,249,2015,199.76393360444382
2875,249,2016,193.6282578492996
2876,249,2017,170.50703516471563
2877,249,2018,209.35863246124114
2878,249,2019,189.60233450427833
2879,249,2020,162.43473751208379
2880,250,2001,26.013584397180637
2881,250,2002,41.04054254681835
2882,250,2003,43.71091051979826
2883,250,2004,38.36952937043018
2884,250,2005,32.80139415458008
2885,250,2006,30.77769913021716
2886,250,2007,32.07201220157542
2887,250,2008,20.590050291105516
2888,250,2009,40.21413566227812
2889,250,2010,29.940457864076567
2890,250,2011,34.7791580421076
2891,250,2012,30.78209637652362
2892,250,2013,28.61607670225378
2893,250,2014,24.718277960149745
2894,250,2015,38.0534825149001
2895,250,2016,37.49975148033195
2896,250,2017,29.876747726675518
2897,250,2018,27.980389041180047
2898,250,2019,44.52364546127798
2899,250,2020,32.325921982246
2900,254,2001,173.26696986878713
2901,254,2002,150.53572582920012
2902,254,2003,145.3243866719335
2903,254,2004,177.2815058361754
2904,254,2005,160.65198029027596
2905,254,2006,152.98600068123994
2906,254,2007,142.88862775973587
2907,254,2008,158.94764251225058
2908,254,2009,146.09304437996033
2909,254,2010,168.7548282663673
2910,254,2011,125.4194003063796
2911,254,2012,150.40821224311253
2912,254,2013,152.4170899711181
2913,254,2014,138.1222762984146
2914,254,2015,135.5120362648416
2915,254,2016,171.37956021182072
2916,254,2017,144.93443003416837
2917,254,2018,144.3174940880749
2918,254,2019,130.3182886458691
2919,254,2020,139.0161831233253
2920,255,2001,0.2054924595409126
2921,255,2002,0.9098720559789676
2922,255,2003,0.6510794065186305
2923,255,2004,0.5996995278549727
2924,255,2005,0.7321579456805498
2925,255,2006,1.3511451298039705
2926,255,2007,0.4642006420946476
2927,255,2008,0.6488701485872955
2928,255,2009,1.0371840076392607
2929,255,2010,0.6388651623057034
2930,255,2011,0.43804763616761816
2931,255,2012,0.31724082333225534
2932,255,2013,1.3845605083206645
2933,255,2014,0.7808225564997081
2934,255,2015,0.4133288669556979
2935,255,2016,1.1790844410217833
2936,255,2017,0.9618930841131774
2937,255,2018,0.32210262710515253
2938,255,2019,0.9152255065588575
2939,255,2020,1.3980348844997867
2940,256,2001,103.18452355838724
2941,256,2002,119.83825816307663
2942,256,2003,88.73316274096933
2943,256,2004,113.0216709261908
2944,256,2005,101.96783087527291
2945,256,2006,110.5672833086752
2946,256,2007,113.13341197407594
2947,256,2008,121.78709480378373
2948,256,2009,113.50050965708921
2949,256,2010,92.29588409418822
2950,256,2011,108.7935096390114
2951,256,2012,128.46852577179894
2952,256,2013,102.2186720965894
2953,256,2014,123.99357616371384
2954,256,2015,119.52218331079604
2955,256,2016,104.74197750440331
2956,256,2017,107.80410455107412
2957,256,2018,101.90377945584133
2958,256,2019,120.09085016394184
2959,256,2020,124.20126501862015
2960,257,2001,248.76488090485412
2961,257,2002,294.1422062196721
2962,257,2003,195.1262603423357
2963,257,2004,262.1999034725497
2964,257,2005,193.9200491181772
2965,257,2006,301.59628495621234
2966,257,2007,243.40320862884997
2967,257,2008,254.0456014902859
2968,257,2009,242.2065085525522
2969,257,2010,246.60948080057773
2970,257,2011,293.67582098908485
2971,257,2012,257.29581390570604
2972,257,2013,265.4288725706772
2973,257,2014,273.1763502201676
2974,257,2015,271.49700883976595
2975,257,2016,250.96678399537367
2976,257,2017,267.76925931349
2977,257,2018,295.55345707110854
2978,257,2019,312.0855443266
2979,257,2020,335.64119107257164
2980,260,2001,85.46618998832396
2981,260,2002,110.96500355376378
2982,260,2003,78.41009313707147
2983,260,2004,53.704579078711255
2984,260,2005,67.7739516020566
2985,260,2006,62.674882142299836
2986,260,2007,75.60881838263984
2987,260,2008,45.57552413417946
2988,260,2009,73.48947224932229
2989,260,2010,70.538912309672
2990,260,2011,60.17638056255137
2991,260,2012,73.50424670623445
2992,260,2013,61.22061320426966
2993,260,2014,89.91803237334744
2994,260,2015,68.26142858105796
2995,260,2016,74.89847454611409
2996,260,2017,76.29665189870687
2997,260,2018,62.39760628279333
2998,260,2019,88.84859306881297
2999,260,2020,47.64270718921418
3000,261,2001,31.22157707365659
3001,261,2002,51.94274710597182
3002,261,2003,56.63494562716086
3003,261,2004,43.16780427202235
3004,261,2005,39.081185261786885
3005,261,2006,36.79789516268473
3006,261,2007,36.282255927658035
3007,261,2008,28.817750863977906
3008,261,2009,45.4846556358183
3009,261,2010,35.92951261271276
3010,261,2011,35.64688965004069
3011,261,2012,34.68868495371721
3012,261,2013,36.34659286431964
3013,261,2014,35.99926256315176
3014,261,2015,46.71612524001894
3015,261,2016,44.386330330453674
3016,261,2017,36.68475077429157
3017,261,2018,34.35754086557382
3018,261,2019,41.50514476602485
3019,261,2020,34.934607053819825
3020,262,2001,5.407276377301612
3021,262,2002,6.074639316805869
3022,262,2003,4.531418727192354
3023,262,2004,4.473426229102686
3024,262,2005,4.958385998993906
3025,262,2006,5.409649377477464
3026,262,2007,6.059238435660072
3027,262,2008,6.4790402671462575
3028,262,2009,6.140534181343066
3029,262,2010,5.371377536231772
3030,262,2011,7.177009669172895
3031,262,2012,7.406247879251306
3032,262,2013,6.4313899314016645
3033,262,2014,5.309078359503589
3034,262,2015,5.32068600400429
3035,262,2016,3.8126240240475204
3036,262,2017,5.672403777771219
3037,262,2018,6.004276089690995
3038,262,2019,5.093432398240202
3039,262,2020,6.782278951269279
3040,263,2001,482.04358633095035
3041,263,2002,529.898579233434
3042,263,2003,549.0294556550749
3043,263,2004,572.0813128967424
3044,263,2005,538.5021878718286
3045,263,2006,553.364377345811
3046,263,2007,554.8687513850734
3047,263,2008,581.1201824565889
3048,263,2009,458.63357891051487
3049,263,2010,652.0227227323934
3050,263,2011,619.0772912692411
3051,263,2012,576.83208027517
3052,263,2013,541.3503587545208
3053,263,2014,501.0177611521539
3054,263,2015,470.8332072408529
3055,263,2016,561.2415175835209
3056,263,2017,552.361631080227
3057,263,2018,530.4090536644544
3058,263,2019,502.5061966610856
3059,263,2020,488.35749186473544
3060,264,2001,177.93242412352544
3061,264,2002,173.697678231188
3062,264,2003,164.03873409945112
3063,264,2004,148.56271305200735
3064,264,2005,177.0098877020415
3065,264,2006,172.02766363977037
3066,264,2007,193.18153039112926
3067,264,2008,200.13744135301147
3068,264,2009,181.1197742455994
3069,264,2010,193.8810555342131
3070,264,2011,185.676289574554
3071,264,2012,179.4485848360511
3072,264,2013,199.82573845885364
3073,264,2014,173.08643575774335
3074,264,2015,163.0190391381336
3075,264,2016,183.277949349648
3076,264,2017,212.6304324479326
3077,264,2018,188.84220920458938
3078,264,2019,163.88832740885198
3079,264,2020,192.98928360807093
3080,269,2001,18.98956218630427
3081,269,2002,18.673129381509437
3082,269,2003,17.37080296652162
3083,269,2004,15.105938587022305
3084,269,2005,18.331023513957174
3085,269,2006,16.695419995793095
3086,269,2007,20.562491355704005
3087,269,2008,16.775089635578336
3088,269,2009,11.794813066221746
3089,269,2010,22.36193390977081
3090,269,2011,14.504871712805658
3091,269,2012,11.52103845202038
3092,269,2013,16.615876493944047
3093,269,2014,15.087576699009686
3094,269,2015,15.74510652866223
3095,269,2016,20.29752473063652
3096,269,2017,13.405013794883745
3097,269,2018,21.537270314872853
3098,269,2019,18.908064545903503
3099,269,2020,26.279787124365136
